24
1 11 21 31 41 45 46 48 50 52 54 55 61 62 63 68 69 78 80 82 85 86 88 90
0 1 1 1 1 1 1 1 1 1 0 1 1 1 1 1 1 1 1 1 1 0 1 1
17
1 4 5 6 9 11 14 15 17 21 22 25 30 31 36 37 39
1 1 1 1 1 1 0 0 0 1 1 1 1 0 1 0 0
5
1 4 5 6 9
0 1 0 0 0
46
1 4 5 6 9 11 14 15 17 21 22 25 30 31 36 37 39 41 45 46 48 50 52 54 55 61 62 63 68 69 78 80 82 85 86 88 90 92 93 97 103 104 106 108 110 117
0 1 0 0 1 1 0 0 0 0 0 0 1 0 0 1 0 1 1 0 0 1 0 0 0 0 0 0 0 1 0 0 0 0 0 0 1 0 0 1 0 1 0 1 1 0
6
103 104 106 108 110 117
0 1 1 1 1 1
41
11 14 15 17 21 22 25 30 31 36 37 39 41 45 46 48 50 52 54 55 61 62 63 68 69 78 80 82 85 86 88 90 92 93 97 103 104 106 108 110 117
1 0 0 0 0 0 1 0 0 0 1 0 0 1 0 1 1 0 0 0 0 1 0 0 0 0 0 0 1 0 1 0 0 0 1 0 1 1 0 1 0
46
1 4 5 6 9 11 14 15 17 21 22 25 30 31 36 37 39 41 45 46 48 50 52 54 55 61 62 63 68 69 78 80 82 85 86 88 90 92 93 97 103 104 106 108 110 117
0 1 0 1 0 0 1 1 0 1 0 0 1 0 0 0 0 0 1 0 1 0 1 1 1 0 0 1 0 1 0 0 1 1 0 1 0 0 1 0 1 0 0 0 1 0
9
1 4 5 6 9 11 14 15 17
1 0 1 1 0 1 1 0 1
46
1 4 5 6 9 11 14 15 17 21 22 25 30 31 36 37 39 41 45 46 48 50 52 54 55 61 62 63 68 69 78 80 82 85 86 88 90 92 93 97 103 104 106 108 110 117
1 0 1 1 0 1 0 1 0 1 1 0 1 0 1 0 1 0 0 1 1 0 0 1 1 0 0 1 1 0 1 0 1 0 1 1 0 1 1 0 0 0 0 0 0 1
46
1 4 5 6 9 11 14 15 17 21 22 25 30 31 36 37 39 41 45 46 48 50 52 54 55 61 62 63 68 69 78 80 82 85 86 88 90 92 93 97 103 104 106 108 110 117
1 1 1 0 1 0 0 0 0 0 0 0 0 0 0 1 0 0 1 0 0 1 0 1 0 0 1 1 1 1 0 0 0 0 0 1 0 0 1 1 0 1 0 0 0 1
46
1 4 5 6 9 11 14 15 17 21 22 25 30 31 36 37 39 41 45 46 48 50 52 54 55 61 62 63 68 69 78 80 82 85 86 88 90 92 93 97 103 104 106 108 110 117
0 0 1 0 0 0 1 0 0 1 1 0 0 0 0 0 0 0 1 0 1 0 1 1 1 0 1 0 0 1 0 0 0 1 0 1 0 0 1 0 1 0 0 0 0 0
46
1 4 5 6 9 11 14 15 17 21 22 25 30 31 36 37 39 41 45 46 48 50 52 54 55 61 62 63 68 69 78 80 82 85 86 88 90 92 93 97 103 104 106 108 110 117
0 0 1 0 0 0 0 0 1 0 1 0 0 0 1 0 1 0 0 0 1 0 1 1 1 0 0 0 1 0 1 0 1 0 0 0 0 1 0 0 1 0 0 0 0 1
22
1 4 5 6 9 11 14 15 17 21 22 25 30 31 36 37 39 41 45 46 48 50
1 1 1 1 1 1 0 0 0 0 0 0 1 0 1 1 0 0 1 1 0 0
16
21 22 25 30 31 36 37 39 41 45 46 48 50 52 54 55
0 1 1 0 0 0 0 1 0 0 0 1 1 0 1 1
6
103 104 106 108 110 117
1 0 0 1 1 1
6
103 104 106 108 110 117
1 1 0 0 1 1
6
103 104 106 108 110 117
0 0 0 0 0 1
46
1 4 5 6 9 11 14 15 17 21 22 25 30 31 36 37 39 41 45 46 48 50 52 54 55 61 62 63 68 69 78 80 82 85 86 88 90 92 93 97 103 104 106 108 110 117
0 1 1 1 1 1 1 0 1 1 1 1 1 1 1 1 1 1 1 1 1 1 1 1 1 1 1 1 1 1 1 1 1 1 1 1 1 1 1 1 1 1 1 1 1 1
42
1 11 14 15 17 21 22 25 30 31 36 37 39 41 45 46 48 50 52 54 55 61 62 63 68 69 78 80 82 85 86 88 90 92 93 97 103 104 106 108 110 117
1 0 0 0 0 1 1 0 1 0 1 1 1 0 1 0 0 1 0 0 1 0 1 1 0 1 0 0 0 0 0 1 0 0 1 0 0 0 1 1 0 1
5
1 4 5 6 9
0 1 1 0 0
6
103 104 106 108 110 117
1 1 0 1 0 1
6
103 104 106 108 110 117
1 1 1 0 1 1
6
103 104 106 108 110 117
1 1 1 0 0 1
32
1 4 5 6 9 11 14 15 17 21 22 25 30 31 36 37 39 41 45 46 48 50 52 54 55 61 62 63 68 69 78 80
1 0 1 0 1 1 0 0 0 0 1 0 0 0 1 0 1 1 0 1 0 0 1 0 1 0 0 0 1 0 1 1
6
103 104 106 108 110 117
0 0 0 0 0 1
46
1 4 5 6 9 11 14 15 17 21 22 25 30 31 36 37 39 41 45 46 48 50 52 54 55 61 62 63 68 69 78 80 82 85 86 88 90 92 93 97 103 104 106 108 110 117
0 1 1 0 0 0 0 0 0 0 1 0 0 0 0 0 1 0 0 0 0 0 0 1 1 0 0 1 1 0 1 0 1 1 0 0 0 0 0 0 0 0 0 1 0 1
40
1 4 5 6 9 11 14 15 17 21 22 25 30 31 36 37 39 41 45 46 48 50 52 54 55 61 62 63 68 69 78 80 82 85 86 88 90 92 93 97
0 1 1 0 1 1 1 1 1 1 1 1 0 0 1 0 0 1 0 1 1 1 0 0 1 1 0 0 1 1 0 0 1 1 1 1 1 0 0 1
6
103 104 106 108 110 117
0 1 1 0 1 0
6
103 104 106 108 110 117
1 1 0 1 1 1
6
103 104 106 108 110 117
1 1 0 1 0 1
6
103 104 106 108 110 117
0 1 1 1 1 1
6
103 104 106 108 110 117
0 0 0 0 1 1
6
103 104 106 108 110 117
0 1 0 0 0 1
6
103 104 106 108 110 117
1 1 0 1 0 1
6
103 104 106 108 110 117
0 1 1 1 0 0
6
103 104 106 108 110 117
0 1 0 1 1 0
6
103 104 106 108 110 117
1 1 1 0 1 1
6
103 104 106 108 110 117
0 0 1 1 0 1
6
103 104 106 108 110 117
1 1 0 1 0 1
9
1 4 5 6 9 11 14 15 17
0 1 1 0 1 0 0 0 0
41
11 14 15 17 21 22 25 30 31 36 37 39 41 45 46 48 50 52 54 55 61 62 63 68 69 78 80 82 85 86 88 90 92 93 97 103 104 106 108 110 117
0 1 0 0 1 0 1 1 0 0 1 1 1 1 1 1 0 0 0 1 1 1 1 0 0 1 0 1 0 0 0 1 0 0 1 1 1 1 0 0 1
6
103 104 106 108 110 117
0 1 0 1 1 0
46
1 4 5 6 9 11 14 15 17 21 22 25 30 31 36 37 39 41 45 46 48 50 52 54 55 61 62 63 68 69 78 80 82 85 86 88 90 92 93 97 103 104 106 108 110 117
0 1 0 0 1 0 0 0 0 0 0 0 1 0 0 1 0 0 1 0 1 1 0 0 0 1 0 0 0 1 0 0 0 0 0 0 1 0 0 1 0 1 0 0 0 0
6
103 104 106 108 110 117
1 0 0 1 1 1
8
21 22 25 30 31 36 37 39
1 1 1 1 0 1 0 1
6
103 104 106 108 110 117
0 0 0 1 1 1
6
103 104 106 108 110 117
0 0 1 0 1 1
6
103 104 106 108 110 117
0 1 1 0 1 1
6
103 104 106 108 110 117
0 1 1 1 1 0
5
41 45 46 48 50
1 0 1 0 0
9
1 4 5 6 9 11 14 15 17
0 1 1 1 0 1 0 1 1
5
1 4 5 6 9
1 0 1 1 0
6
103 104 106 108 110 117
1 1 1 1 0 1
6
103 104 106 108 110 117
0 0 1 0 0 1
13
61 62 63 68 69 78 80 103 104 106 108 110 117
1 0 1 1 0 1 1 0 1 0 1 0 1
22
1 4 5 6 9 11 14 15 17 21 22 25 30 31 36 37 39 41 45 46 48 50
0 1 1 1 1 1 1 1 1 1 1 1 0 0 1 1 0 1 1 1 0 1
6
103 104 106 108 110 117
0 0 1 1 1 0
6
103 104 106 108 110 117
0 1 1 1 1 1
6
103 104 106 108 110 117
0 1 0 1 1 1
6
103 104 106 108 110 117
1 1 1 1 0 1
6
103 104 106 108 110 117
1 1 0 1 1 1
6
103 104 106 108 110 117
0 1 1 1 1 1
33
31 36 37 39 41 45 46 48 50 52 54 55 61 62 63 68 69 78 80 82 85 86 88 90 92 93 97 103 104 106 108 110 117
0 1 1 1 1 1 1 1 1 1 1 1 1 1 1 1 1 1 1 1 1 1 1 1 1 1 1 1 1 1 1 0 1
10
52 54 55 61 62 63 68 69 78 80
0 0 1 0 1 1 1 1 0 1
33
31 36 37 39 41 45 46 48 50 52 54 55 61 62 63 68 69 78 80 82 85 86 88 90 92 93 97 103 104 106 108 110 117
0 1 1 1 0 1 1 1 0 1 1 1 0 0 0 1 0 1 0 1 0 0 0 0 1 0 0 1 0 0 0 0 1
6
103 104 106 108 110 117
0 0 0 1 1 1
33
31 36 37 39 41 45 46 48 50 52 54 55 61 62 63 68 69 78 80 82 85 86 88 90 92 93 97 103 104 106 108 110 117
0 1 0 1 1 1 0 1 0 0 0 1 0 0 0 0 0 1 0 1 1 1 1 1 1 0 1 1 1 1 0 0 1
9
1 4 5 6 9 21 22 25 30
0 1 1 1 1 1 1 1 1
10
1 4 5 6 9 11 14 15 17 21
1 1 1 0 0 1 1 1 1 0
6
103 104 106 108 110 117
0 1 0 0 1 1
5
1 4 5 6 9
1 1 1 0 1
33
31 36 37 39 41 45 46 48 50 52 54 55 61 62 63 68 69 78 80 82 85 86 88 90 92 93 97 103 104 106 108 110 117
0 0 0 0 1 0 0 1 0 0 0 1 0 0 1 1 0 0 1 1 0 0 0 0 1 0 1 0 0 0 1 0 1
41
11 14 15 17 21 22 25 30 31 36 37 39 41 45 46 48 50 52 54 55 61 62 63 68 69 78 80 82 85 86 88 90 92 93 97 103 104 106 108 110 117
0 0 0 0 1 1 0 0 0 1 1 1 0 0 1 0 0 0 0 0 0 0 1 1 0 0 0 0 1 0 1 0 0 1 0 0 1 1 0 0 1
33
31 36 37 39 41 45 46 48 50 52 54 55 61 62 63 68 69 78 80 82 85 86 88 90 92 93 97 103 104 106 108 110 117
0 1 1 1 1 0 0 0 0 0 0 1 1 0 1 0 1 1 0 0 1 0 0 0 0 1 1 0 1 1 0 1 1
26
1 4 5 6 9 11 14 15 17 31 36 37 39 41 45 46 48 50 52 54 55 61 62 63 68 69
0 1 1 1 1 1 1 1 1 0 1 0 0 1 1 1 1 1 1 1 1 0 0 0 1 0
46
1 4 5 6 9 11 14 15 17 21 22 25 30 31 36 37 39 41 45 46 48 50 52 54 55 61 62 63 68 69 78 80 82 85 86 88 90 92 93 97 103 104 106 108 110 117
1 1 1 1 1 1 1 1 1 1 1 1 1 0 1 1 1 1 1 1 1 1 1 1 1 1 1 1 1 1 1 1 1 1 1 1 1 1 1 1 1 1 1 1 1 1
17
52 54 55 61 62 63 68 69 92 93 97 103 104 106 108 110 117
0 1 1 0 1 0 0 0 0 0 1 0 1 0 0 1 1
46
1 4 5 6 9 11 14 15 17 21 22 25 30 31 36 37 39 41 45 46 48 50 52 54 55 61 62 63 68 69 78 80 82 85 86 88 90 92 93 97 103 104 106 108 110 117
0 0 1 1 0 1 1 1 1 1 1 1 1 1 1 1 1 1 1 1 1 1 1 1 1 1 1 1 1 1 1 1 1 1 1 1 1 1 1 1 1 1 1 1 1 1
46
1 4 5 6 9 11 14 15 17 21 22 25 30 31 36 37 39 41 45 46 48 50 52 54 55 61 62 63 68 69 78 80 82 85 86 88 90 92 93 97 103 104 106 108 110 117
0 0 1 0 1 1 0 0 0 0 1 0 0 0 0 0 1 0 0 0 1 0 0 0 1 0 1 0 1 1 0 0 0 0 0 0 0 0 0 0 0 1 0 0 0 0
46
1 4 5 6 9 11 14 15 17 21 22 25 30 31 36 37 39 41 45 46 48 50 52 54 55 61 62 63 68 69 78 80 82 85 86 88 90 92 93 97 103 104 106 108 110 117
1 1 1 1 1 1 1 1 0 1 1 1 1 1 1 1 1 1 1 0 1 1 1 1 1 1 1 1 1 1 1 1 1 1 1 1 1 1 1 1 1 1 1 1 1 1
46
1 4 5 6 9 11 14 15 17 21 22 25 30 31 36 37 39 41 45 46 48 50 52 54 55 61 62 63 68 69 78 80 82 85 86 88 90 92 93 97 103 104 106 108 110 117
1 1 1 1 1 1 1 1 1 1 1 1 1 1 1 0 1 1 1 1 1 1 1 1 1 1 1 1 1 1 1 1 1 1 1 1 1 1 1 1 1 1 1 1 1 1
46
1 4 5 6 9 11 14 15 17 21 22 25 30 31 36 37 39 41 45 46 48 50 52 54 55 61 62 63 68 69 78 80 82 85 86 88 90 92 93 97 103 104 106 108 110 117
0 0 1 0 0 1 1 1 1 1 1 1 1 1 1 1 1 1 1 1 1 1 1 1 1 1 1 1 1 1 1 1 1 1 1 1 1 1 1 1 1 1 1 1 1 1
46
1 4 5 6 9 11 14 15 17 21 22 25 30 31 36 37 39 41 45 46 48 50 52 54 55 61 62 63 68 69 78 80 82 85 86 88 90 92 93 97 103 104 106 108 110 117
0 0 1 1 0 1 1 1 1 1 1 1 1 1 1 1 1 1 1 1 1 1 1 1 1 1 1 1 1 1 1 0 1 1 1 1 1 1 1 1 1 1 1 1 1 1
46
1 4 5 6 9 11 14 15 17 21 22 25 30 31 36 37 39 41 45 46 48 50 52 54 55 61 62 63 68 69 78 80 82 85 86 88 90 92 93 97 103 104 106 108 110 117
1 1 1 1 1 0 1 1 1 1 1 1 1 1 1 1 1 1 1 1 1 0 1 1 1 1 1 1 0 1 0 1 1 1 1 1 1 1 1 0 0 1 1 1 1 0
46
1 4 5 6 9 11 14 15 17 21 22 25 30 31 36 37 39 41 45 46 48 50 52 54 55 61 62 63 68 69 78 80 82 85 86 88 90 92 93 97 103 104 106 108 110 117
1 1 1 1 1 1 1 1 1 1 1 1 1 0 1 1 1 1 1 1 1 1 1 1 1 1 1 1 1 1 1 1 1 1 1 1 1 1 1 1 1 1 1 1 1 1
46
1 4 5 6 9 11 14 15 17 21 22 25 30 31 36 37 39 41 45 46 48 50 52 54 55 61 62 63 68 69 78 80 82 85 86 88 90 92 93 97 103 104 106 108 110 117
1 1 1 1 1 1 1 1 1 1 1 1 1 1 1 1 1 1 1 1 1 1 0 1 1 1 1 1 1 1 1 1 0 1 1 1 1 1 1 1 1 1 1 1 1 1
46
1 4 5 6 9 11 14 15 17 21 22 25 30 31 36 37 39 41 45 46 48 50 52 54 55 61 62 63 68 69 78 80 82 85 86 88 90 92 93 97 103 104 106 108 110 117
1 1 1 1 1 1 1 1 1 1 1 1 1 1 1 1 1 1 1 1 1 1 1 1 1 1 1 1 1 1 1 1 0 1 1 0 0 1 1 1 1 1 1 1 1 1
46
1 4 5 6 9 11 14 15 17 21 22 25 30 31 36 37 39 41 45 46 48 50 52 54 55 61 62 63 68 69 78 80 82 85 86 88 90 92 93 97 103 104 106 108 110 117
1 1 1 1 1 1 1 1 1 1 1 1 1 1 1 1 1 1 1 1 1 1 1 1 1 1 0 1 1 1 1 1 1 1 1 1 1 1 1 1 1 1 1 1 1 1
46
1 4 5 6 9 11 14 15 17 21 22 25 30 31 36 37 39 41 45 46 48 50 52 54 55 61 62 63 68 69 78 80 82 85 86 88 90 92 93 97 103 104 106 108 110 117
1 1 1 1 1 1 1 1 1 1 1 1 1 0 1 1 1 1 1 1 1 1 1 1 1 1 1 1 1 1 1 1 1 1 1 1 1 1 1 1 1 1 1 1 1 1
46
1 4 5 6 9 11 14 15 17 21 22 25 30 31 36 37 39 41 45 46 48 50 52 54 55 61 62 63 68 69 78 80 82 85 86 88 90 92 93 97 103 104 106 108 110 117
1 1 1 1 1 1 1 1 1 1 1 1 1 1 1 1 1 1 1 1 1 1 1 1 1 1 1 1 1 1 1 1 1 1 1 1 1 1 1 1 1 1 1 1 0 1
46
1 4 5 6 9 11 14 15 17 21 22 25 30 31 36 37 39 41 45 46 48 50 52 54 55 61 62 63 68 69 78 80 82 85 86 88 90 92 93 97 103 104 106 108 110 117
1 1 1 0 1 1 1 0 1 0 1 1 1 1 1 1 1 1 1 1 1 1 0 1 1 1 1 1 1 1 1 1 1 1 1 1 1 1 1 1 1 1 0 1 1 1
46
1 4 5 6 9 11 14 15 17 21 22 25 30 31 36 37 39 41 45 46 48 50 52 54 55 61 62 63 68 69 78 80 82 85 86 88 90 92 93 97 103 104 106 108 110 117
0 0 0 0 0 1 1 1 1 1 1 1 1 1 1 1 1 1 1 1 1 1 1 1 1 1 1 1 1 1 1 1 1 1 1 1 1 1 1 1 1 1 1 1 1 1
46
1 4 5 6 9 11 14 15 17 21 22 25 30 31 36 37 39 41 45 46 48 50 52 54 55 61 62 63 68 69 78 80 82 85 86 88 90 92 93 97 103 104 106 108 110 117
1 1 1 1 1 1 1 1 0 1 1 1 1 1 1 1 1 1 1 0 1 1 1 1 1 1 1 1 1 1 1 1 1 1 1 1 1 1 1 1 1 1 1 1 1 1
46
1 4 5 6 9 11 14 15 17 21 22 25 30 31 36 37 39 41 45 46 48 50 52 54 55 61 62 63 68 69 78 80 82 85 86 88 90 92 93 97 103 104 106 108 110 117
0 0 1 0 0 1 1 1 1 1 1 1 1 1 1 1 1 1 1 1 1 1 1 1 1 1 1 1 1 1 1 1 1 1 1 1 1 1 1 1 1 1 1 1 1 1
46
1 4 5 6 9 11 14 15 17 21 22 25 30 31 36 37 39 41 45 46 48 50 52 54 55 61 62 63 68 69 78 80 82 85 86 88 90 92 93 97 103 104 106 108 110 117
1 1 1 1 1 1 1 1 1 1 1 1 1 1 1 1 1 1 1 1 1 1 1 1 1 1 1 1 1 1 1 0 1 1 1 1 1 1 1 1 1 1 1 1 1 1
44
1 4 5 6 9 11 14 15 17 21 22 25 30 31 36 37 39 41 45 46 48 50 52 54 55 61 62 63 68 69 78 80 82 85 86 88 90 92 93 97 103 104 106 108
1 1 1 1 1 1 1 1 1 1 1 1 1 1 1 1 1 1 1 1 1 1 1 1 1 1 1 1 1 1 1 1 1 1 1 1 1 1 1 1 1 1 0 1
46
1 4 5 6 9 11 14 15 17 21 22 25 30 31 36 37 39 41 45 46 48 50 52 54 55 61 62 63 68 69 78 80 82 85 86 88 90 92 93 97 103 104 106 108 110 117
0 1 1 1 1 1 1 1 1 1 0 1 1 1 1 1 1 0 1 1 1 1 1 1 1 1 1 1 1 1 1 1 1 1 1 1 1 1 1 1 1 1 1 1 1 1
46
1 4 5 6 9 11 14 15 17 21 22 25 30 31 36 37 39 41 45 46 48 50 52 54 55 61 62 63 68 69 78 80 82 85 86 88 90 92 93 97 103 104 106 108 110 117
1 1 1 1 1 1 1 1 1 1 1 1 1 1 1 1 1 1 1 1 1 1 1 1 1 1 0 0 1 1 1 1 1 1 1 1 1 1 1 1 1 1 1 1 1 1
46
1 4 5 6 9 11 14 15 17 21 22 25 30 31 36 37 39 41 45 46 48 50 52 54 55 61 62 63 68 69 78 80 82 85 86 88 90 92 93 97 103 104 106 108 110 117
0 1 1 1 1 0 1 0 0 0 0 0 0 0 0 1 0 0 0 0 0 1 0 1 0 0 0 1 1 1 0 0 1 1 0 0 0 0 0 1 1 1 0 0 1 1
46
1 4 5 6 9 11 14 15 17 21 22 25 30 31 36 37 39 41 45 46 48 50 52 54 55 61 62 63 68 69 78 80 82 85 86 88 90 92 93 97 103 104 106 108 110 117
1 1 1 1 1 1 1 1 1 1 1 1 1 1 1 1 1 1 1 1 1 1 1 1 1 1 1 1 1 1 1 1 1 1 1 1 1 1 1 1 1 1 0 1 1 1
6
103 104 106 108 110 117
0 1 1 1 0 1
13
1 4 5 6 9 21 22 25 30 31 36 37 39
0 1 1 1 1 0 1 1 0 0 1 1 1
25
1 4 5 6 9 11 14 15 17 21 22 25 30 31 36 37 39 41 45 46 48 50 52 54 55
0 0 1 0 1 0 1 1 1 0 1 1 0 0 1 1 1 1 1 1 0 0 0 0 1
5
1 4 5 6 9
0 1 1 1 1
32
1 4 5 6 9 11 14 15 17 21 22 25 30 31 36 37 39 41 45 46 48 50 52 54 55 61 62 63 68 69 78 80
0 1 1 1 1 1 1 1 1 1 1 1 1 0 1 1 1 1 1 1 0 1 0 0 1 0 1 1 1 1 1 1
46
1 4 5 6 9 11 14 15 17 21 22 25 30 31 36 37 39 41 45 46 48 50 52 54 55 61 62 63 68 69 78 80 82 85 86 88 90 92 93 97 103 104 106 108 110 117
0 1 1 1 1 1 1 1 1 1 1 1 1 1 1 1 1 1 1 1 1 1 1 1 1 1 1 1 1 1 1 1 1 1 1 1 1 1 1 1 1 1 1 1 1 1
17
1 4 5 6 9 11 14 15 17 21 22 25 30 31 36 37 39
0 1 0 0 0 1 1 1 1 1 1 1 1 0 1 1 1
46
1 4 5 6 9 11 14 15 17 21 22 25 30 31 36 37 39 41 45 46 48 50 52 54 55 61 62 63 68 69 78 80 82 85 86 88 90 92 93 97 103 104 106 108 110 117
1 1 1 1 1 1 1 1 1 1 1 1 1 0 1 1 1 1 1 1 1 1 1 1 1 1 1 1 1 1 1 1 1 1 1 1 1 1 1 1 1 1 1 1 1 1
46
1 4 5 6 9 11 14 15 17 21 22 25 30 31 36 37 39 41 45 46 48 50 52 54 55 61 62 63 68 69 78 80 82 85 86 88 90 92 93 97 103 104 106 108 110 117
1 1 1 1 1 1 1 1 1 1 1 1 1 1 1 0 1 1 1 1 1 1 1 1 1 1 1 1 1 1 1 1 1 1 1 1 1 1 1 1 1 1 1 1 1 1
46
1 4 5 6 9 11 14 15 17 21 22 25 30 31 36 37 39 41 45 46 48 50 52 54 55 61 62 63 68 69 78 80 82 85 86 88 90 92 93 97 103 104 106 108 110 117
0 1 0 1 0 1 0 1 1 1 1 1 1 1 1 1 1 1 1 1 1 1 1 1 1 1 1 1 1 1 1 0 1 1 1 1 1 1 1 1 1 1 1 1 1 1
5
1 4 5 6 9
0 1 1 1 1
5
1 4 5 6 9
1 0 1 1 1
22
1 4 5 6 9 11 14 15 17 21 22 25 30 31 36 37 39 41 45 46 48 50
1 1 1 1 0 1 1 1 1 1 1 1 0 0 1 1 1 1 0 1 0 0
5
1 4 5 6 9
0 1 1 0 1
5
1 4 5 6 9
0 1 1 0 1
46
1 4 5 6 9 11 14 15 17 21 22 25 30 31 36 37 39 41 45 46 48 50 52 54 55 61 62 63 68 69 78 80 82 85 86 88 90 92 93 97 103 104 106 108 110 117
0 1 1 1 1 1 1 1 1 1 1 0 0 1 1 0 1 1 1 1 1 0 0 1 1 0 1 1 1 1 1 1 1 1 1 0 1 1 1 1 1 1 0 0 1 1
17
1 4 5 6 9 11 14 15 17 21 22 25 30 31 36 37 39
1 1 1 0 1 1 1 1 1 1 1 0 0 0 1 1 1
17
1 4 5 6 9 11 14 15 17 21 22 25 30 31 36 37 39
1 0 1 1 1 1 1 1 1 1 1 0 1 1 1 0 1
46
1 4 5 6 9 11 14 15 17 21 22 25 30 31 36 37 39 41 45 46 48 50 52 54 55 61 62 63 68 69 78 80 82 85 86 88 90 92 93 97 103 104 106 108 110 117
0 0 0 0 0 0 0 0 1 0 1 0 0 0 1 0 1 0 0 0 1 0 1 1 1 0 0 0 1 0 1 0 1 0 0 0 0 0 0 0 1 0 0 0 0 1
5
1 4 5 6 9
1 1 1 0 1
5
82 85 86 88 90
0 1 1 0 1
6
103 104 106 108 110 117
1 0 0 0 1 1
13
1 4 5 6 9 11 14 15 17 21 22 25 30
0 0 0 0 0 1 1 1 1 0 0 0 0
5
41 45 46 48 50
1 0 1 1 0
9
1 4 5 6 9 11 14 15 17
0 1 1 0 1 1 0 1 1
5
1 4 5 6 9
1 1 1 0 1
46
1 4 5 6 9 11 14 15 17 21 22 25 30 31 36 37 39 41 45 46 48 50 52 54 55 61 62 63 68 69 78 80 82 85 86 88 90 92 93 97 103 104 106 108 110 117
0 1 1 1 0 1 0 0 1 0 1 0 0 0 1 0 1 1 1 1 1 1 0 0 1 0 0 0 1 1 0 0 1 1 1 0 0 1 0 1 0 1 0 0 0 0
8
21 22 25 30 31 36 37 39
0 1 1 0 1 1 1 1
9
1 4 5 6 9 11 14 15 17
0 1 1 1 0 1 1 0 1
13
1 4 5 6 9 11 14 15 17 103 104 106 108
1 1 1 1 0 1 1 1 1 0 0 0 0
14
1 4 5 6 9 11 14 15 17 82 85 86 88 90
1 1 1 0 1 1 0 1 0 1 1 1 0 0
11
21 22 25 52 54 55 61 62 63 68 69
1 1 1 0 1 1 1 1 1 1 1
24
52 54 55 61 62 63 68 69 78 80 82 85 86 88 90 92 93 97 103 104 106 108 110 117
0 1 1 1 0 1 0 0 1 0 1 0 0 0 0 0 1 1 0 0 1 0 0 1
9
1 4 5 6 9 11 14 15 17
0 0 1 0 1 0 1 1 1
40
11 14 15 17 21 22 25 30 31 36 37 39 41 45 46 48 50 52 54 55 61 62 63 68 69 78 80 82 85 86 88 90 92 93 97 103 104 106 108 117
1 1 1 0 1 1 1 0 1 1 1 1 1 1 1 1 1 1 1 1 1 1 1 1 1 1 1 1 1 1 1 1 1 1 1 1 1 1 1 1
9
1 4 5 6 9 11 14 15 17
1 0 1 0 1 0 1 1 1
13
21 22 25 30 31 36 37 39 41 45 46 48 50
1 1 0 1 0 1 1 1 1 1 1 1 0
9
1 4 5 6 9 11 14 15 17
1 1 1 1 1 0 1 1 1
24
1 4 5 6 9 11 14 15 17 21 22 25 30 31 36 37 39 41 45 46 48 50 110 117
1 1 1 1 1 1 1 1 1 1 1 1 1 0 1 1 1 1 1 1 0 1 1 1
6
103 104 106 108 110 117
0 1 1 1 0 1
5
1 4 5 6 9
1 0 1 0 1
37
1 4 5 6 9 11 14 15 17 21 22 25 30 31 36 37 39 41 45 46 48 50 52 54 55 61 62 63 68 69 78 80 82 85 86 88 90
0 1 1 1 1 1 0 1 1 0 0 1 0 0 1 1 0 1 1 1 0 0 0 0 0 0 1 1 1 1 1 0 1 0 1 1 1
15
41 45 46 48 50 52 54 55 61 62 63 68 69 78 80
1 0 1 0 1 1 1 1 1 1 1 1 1 1 1
46
1 4 5 6 9 11 14 15 17 21 22 25 30 31 36 37 39 41 45 46 48 50 52 54 55 61 62 63 68 69 78 80 82 85 86 88 90 92 93 97 103 104 106 108 110 117
0 1 1 0 0 1 1 1 1 1 1 1 1 1 1 1 1 1 1 1 1 1 1 1 1 1 1 1 1 1 1 1 1 1 1 1 1 1 0 1 1 1 0 1 1 1
6
103 104 106 108 110 117
0 0 1 0 0 1
46
1 4 5 6 9 11 14 15 17 21 22 25 30 31 36 37 39 41 45 46 48 50 52 54 55 61 62 63 68 69 78 80 82 85 86 88 90 92 93 97 103 104 106 108 110 117
1 1 1 0 1 1 1 1 1 0 1 1 1 0 1 0 0 1 0 1 1 0 0 0 1 0 0 0 1 0 1 0 0 0 0 1 0 0 0 1 0 1 1 0 0 1
6
103 104 106 108 110 117
0 1 0 0 1 1
5
1 4 5 6 9
0 1 1 0 0
13
1 4 5 6 9 11 14 15 17 21 22 25 30
1 1 1 0 1 1 1 1 1 0 1 0 1
17
1 4 5 6 9 11 14 15 17 21 22 25 30 31 36 37 39
1 1 1 0 0 1 0 1 1 0 1 0 0 0 1 1 0
5
1 4 5 6 9
0 1 1 0 1
9
1 4 5 6 9 11 14 15 17
1 1 1 0 1 1 0 1 0
46
1 4 5 6 9 11 14 15 17 21 22 25 30 31 36 37 39 41 45 46 48 50 52 54 55 61 62 63 68 69 78 80 82 85 86 88 90 92 93 97 103 104 106 108 110 117
1 1 1 1 1 1 1 1 1 1 1 1 1 0 1 0 1 1 1 1 1 1 1 0 1 1 1 1 1 1 1 1 1 0 1 0 1 0 0 1 0 1 0 0 1 1
5
1 4 5 6 9
0 1 1 1 1
5
1 4 5 6 9
1 1 1 1 0
5
1 4 5 6 9
1 0 1 0 0
46
1 4 5 6 9 11 14 15 17 21 22 25 30 31 36 37 39 41 45 46 48 50 52 54 55 61 62 63 68 69 78 80 82 85 86 88 90 92 93 97 103 104 106 108 110 117
1 1 1 1 1 1 1 1 1 1 1 1 0 0 1 0 1 1 1 1 0 1 1 0 1 1 1 1 1 1 1 1 1 1 1 1 1 1 0 1 1 1 1 1 1 1
5
1 4 5 6 9
0 1 1 1 1
14
82 85 86 88 90 92 93 97 103 104 106 108 110 117
1 1 0 1 1 0 0 1 1 1 1 0 1 0
5
1 4 5 6 9
0 1 1 1 0
14
78 80 82 85 86 88 90 92 93 97 103 104 106 108
1 0 0 1 0 0 0 1 0 1 0 0 0 1
5
1 4 5 6 9
0 0 0 1 0
8
21 22 25 30 31 36 37 39
1 1 0 1 0 1 0 0
5
1 4 5 6 9
0 1 1 1 0
46
1 4 5 6 9 11 14 15 17 21 22 25 30 31 36 37 39 41 45 46 48 50 52 54 55 61 62 63 68 69 78 80 82 85 86 88 90 92 93 97 103 104 106 108 110 117
1 1 1 1 1 1 1 0 1 1 1 1 1 1 1 1 1 1 1 1 1 1 1 1 1 1 1 1 1 1 1 1 1 1 1 1 1 1 1 1 1 1 1 1 1 1
46
1 4 5 6 9 11 14 15 17 21 22 25 30 31 36 37 39 41 45 46 48 50 52 54 55 61 62 63 68 69 78 80 82 85 86 88 90 92 93 97 103 104 106 108 110 117
0 1 1 1 1 1 1 1 1 1 1 1 1 1 1 1 1 1 1 1 1 1 1 1 1 1 1 1 1 1 1 1 1 1 1 1 1 1 1 1 1 1 1 0 1 1
46
1 4 5 6 9 11 14 15 17 21 22 25 30 31 36 37 39 41 45 46 48 50 52 54 55 61 62 63 68 69 78 80 82 85 86 88 90 92 93 97 103 104 106 108 110 117
1 1 1 1 1 1 0 1 1 1 1 1 1 1 0 1 1 1 1 1 1 1 1 1 1 1 1 1 1 1 1 1 1 1 1 1 1 1 1 1 1 1 1 1 1 1
46
1 4 5 6 9 11 14 15 17 21 22 25 30 31 36 37 39 41 45 46 48 50 52 54 55 61 62 63 68 69 78 80 82 85 86 88 90 92 93 97 103 104 106 108 110 117
0 1 1 1 1 1 1 1 1 1 1 1 1 0 1 1 1 1 1 1 1 1 1 1 1 1 1 1 1 1 1 1 1 1 1 1 1 1 1 1 1 1 1 1 1 1
46
1 4 5 6 9 11 14 15 17 21 22 25 30 31 36 37 39 41 45 46 48 50 52 54 55 61 62 63 68 69 78 80 82 85 86 88 90 92 93 97 103 104 106 108 110 117
1 1 1 1 1 1 1 1 1 1 1 1 1 1 1 1 1 1 1 1 1 1 1 1 1 1 0 0 1 1 1 1 1 1 1 1 1 1 1 1 1 1 1 1 1 1
43
1 4 5 6 9 11 14 15 17 21 22 25 30 31 36 37 39 41 45 46 48 50 52 54 55 61 62 68 69 78 80 82 85 86 88 90 92 93 97 103 104 106 108
1 1 1 1 1 1 1 1 1 1 1 1 1 1 1 1 1 1 1 1 1 1 1 1 1 0 0 1 1 1 1 1 1 1 1 1 1 1 1 1 1 1 1
46
1 4 5 6 9 11 14 15 17 21 22 25 30 31 36 37 39 41 45 46 48 50 52 54 55 61 62 63 68 69 78 80 82 85 86 88 90 92 93 97 103 104 106 108 110 117
1 1 1 1 1 0 1 1 1 1 1 1 1 0 1 1 1 1 1 1 1 1 1 1 1 1 1 1 1 1 1 1 1 1 1 1 0 1 1 1 1 1 1 1 1 1
46
1 4 5 6 9 11 14 15 17 21 22 25 30 31 36 37 39 41 45 46 48 50 52 54 55 61 62 63 68 69 78 80 82 85 86 88 90 92 93 97 103 104 106 108 110 117
1 1 1 0 1 1 1 1 1 1 1 1 1 1 1 0 1 1 1 1 1 1 1 1 1 1 1 1 1 1 1 1 1 1 1 1 1 1 1 1 1 1 1 1 1 1
45
1 4 5 6 9 11 14 15 21 22 25 30 31 36 37 39 41 45 46 48 50 52 54 55 61 62 63 68 69 78 80 82 85 86 88 90 92 93 97 103 104 106 108 110 117
0 0 1 0 0 1 0 1 1 1 1 1 0 1 1 1 1 1 1 1 1 1 1 1 1 1 1 1 1 1 1 1 1 1 1 1 1 1 1 1 1 1 1 1 1
46
1 4 5 6 9 11 14 15 17 21 22 25 30 31 36 37 39 41 45 46 48 50 52 54 55 61 62 63 68 69 78 80 82 85 86 88 90 92 93 97 103 104 106 108 110 117
1 1 1 1 1 1 0 1 1 1 1 1 1 1 1 1 1 1 1 1 1 1 1 1 1 1 1 1 1 1 1 1 1 1 1 1 0 1 1 1 1 1 1 1 1 1
46
1 4 5 6 9 11 14 15 17 21 22 25 30 31 36 37 39 41 45 46 48 50 52 54 55 61 62 63 68 69 78 80 82 85 86 88 90 92 93 97 103 104 106 108 110 117
1 1 1 1 1 1 1 1 1 1 1 1 1 1 1 1 1 1 1 1 1 1 1 1 1 1 1 1 1 1 1 0 1 1 1 1 1 1 1 1 1 1 1 1 1 1
46
1 4 5 6 9 11 14 15 17 21 22 25 30 31 36 37 39 41 45 46 48 50 52 54 55 61 62 63 68 69 78 80 82 85 86 88 90 92 93 97 103 104 106 108 110 117
0 1 1 1 1 1 1 1 1 1 1 1 1 1 1 1 1 1 1 1 1 1 1 1 1 1 1 1 1 1 1 1 1 1 1 1 1 1 1 1 1 1 1 1 1 1
46
1 4 5 6 9 11 14 15 17 21 22 25 30 31 36 37 39 41 45 46 48 50 52 54 55 61 62 63 68 69 78 80 82 85 86 88 90 92 93 97 103 104 106 108 110 117
0 1 1 0 1 0 0 1 1 0 1 0 0 0 1 1 0 0 1 0 1 0 0 1 1 0 1 1 1 0 1 1 0 0 0 0 0 1 1 1 1 1 1 1 1 1
46
1 4 5 6 9 11 14 15 17 21 22 25 30 31 36 37 39 41 45 46 48 50 52 54 55 61 62 63 68 69 78 80 82 85 86 88 90 92 93 97 103 104 106 108 110 117
1 1 1 1 1 1 1 1 1 1 1 1 1 1 1 1 1 1 1 1 1 1 1 1 1 0 1 1 1 1 1 1 1 1 1 1 1 1 1 1 1 1 1 1 1 1
46
1 4 5 6 9 11 14 15 17 21 22 25 30 31 36 37 39 41 45 46 48 50 52 54 55 61 62 63 68 69 78 80 82 85 86 88 90 92 93 97 103 104 106 108 110 117
1 1 1 1 1 1 1 1 1 1 1 1 1 1 1 1 1 1 1 1 1 1 1 1 1 1 1 1 1 1 1 1 1 1 1 1 0 1 1 1 1 1 1 1 1 1
17
1 4 5 6 9 11 14 15 17 21 22 25 30 31 36 37 39
1 1 1 1 1 1 1 1 1 0 1 0 0 0 1 1 1
9
1 4 5 6 9 11 14 15 17
0 1 1 0 1 1 1 0 1
13
1 4 5 6 9 11 14 15 17 21 22 25 30
1 0 1 1 1 1 1 1 1 1 1 0 0
31
21 22 25 30 31 36 37 39 41 45 46 48 50 52 54 55 61 62 63 68 69 78 80 82 85 86 88 90 92 93 97
0 0 1 1 0 0 1 0 0 1 0 0 1 0 0 0 0 1 0 0 1 0 0 0 0 0 0 0 0 1 1
46
1 4 5 6 9 11 14 15 17 21 22 25 30 31 36 37 39 41 45 46 48 50 52 54 55 61 62 63 68 69 78 80 82 85 86 88 90 92 93 97 103 104 106 108 110 117
1 1 1 1 1 1 1 1 1 0 1 1 1 1 1 1 1 1 1 1 1 1 1 1 1 1 1 1 1 1 1 1 1 1 1 1 1 1 1 1 1 1 1 1 1 1
46
1 4 5 6 9 11 14 15 17 21 22 25 30 31 36 37 39 41 45 46 48 50 52 54 55 61 62 63 68 69 78 80 82 85 86 88 90 92 93 97 103 104 106 108 110 117
1 1 1 1 1 1 1 1 1 1 1 1 1 1 1 1 1 1 1 1 1 1 1 1 1 1 1 1 1 1 1 1 1 1 1 1 1 1 1 1 1 1 1 1 0 0
45
1 4 5 6 9 11 14 15 17 21 22 25 30 31 36 37 39 41 45 46 48 50 52 54 55 61 62 63 68 69 78 80 82 85 86 88 90 92 93 97 103 104 106 108 110
1 1 1 1 1 1 1 1 1 1 1 1 1 1 1 1 1 1 1 1 1 1 1 1 1 1 1 1 1 1 1 1 1 1 1 1 1 1 1 0 1 1 1 1 0
46
1 4 5 6 9 11 14 15 17 21 22 25 30 31 36 37 39 41 45 46 48 50 52 54 55 61 62 63 68 69 78 80 82 85 86 88 90 92 93 97 103 104 106 108 110 117
1 1 1 1 1 1 1 1 0 1 1 1 1 1 1 1 1 1 1 1 1 1 1 1 1 1 1 1 1 1 1 1 1 1 1 1 1 1 1 1 1 1 1 1 1 1
46
1 4 5 6 9 11 14 15 17 21 22 25 30 31 36 37 39 41 45 46 48 50 52 54 55 61 62 63 68 69 78 80 82 85 86 88 90 92 93 97 103 104 106 108 110 117
1 1 1 0 1 1 1 1 1 1 1 1 1 1 1 1 1 1 1 1 0 1 1 1 1 1 1 1 1 1 1 1 1 1 1 1 1 1 1 1 1 1 1 1 1 1
46
1 4 5 6 9 11 14 15 17 21 22 25 30 31 36 37 39 41 45 46 48 50 52 54 55 61 62 63 68 69 78 80 82 85 86 88 90 92 93 97 103 104 106 108 110 117
1 0 1 0 0 1 1 1 1 1 1 1 1 1 1 1 1 1 1 1 1 1 1 1 1 1 1 1 1 1 1 1 1 1 1 1 1 1 1 1 1 1 1 1 1 1
46
1 4 5 6 9 11 14 15 17 21 22 25 30 31 36 37 39 41 45 46 48 50 52 54 55 61 62 63 68 69 78 80 82 85 86 88 90 92 93 97 103 104 106 108 110 117
1 1 1 1 1 0 1 1 1 1 0 1 0 0 1 0 1 1 1 1 1 1 1 1 0 1 1 1 1 1 1 1 1 1 1 1 1 1 1 1 1 1 1 1 1 1
46
1 4 5 6 9 11 14 15 17 21 22 25 30 31 36 37 39 41 45 46 48 50 52 54 55 61 62 63 68 69 78 80 82 85 86 88 90 92 93 97 103 104 106 108 110 117
1 1 1 1 1 1 1 1 1 1 1 1 1 0 1 1 1 1 1 1 1 1 1 1 1 1 1 1 1 1 1 1 1 1 1 1 1 1 1 1 1 1 1 1 1 1
46
1 4 5 6 9 11 14 15 17 21 22 25 30 31 36 37 39 41 45 46 48 50 52 54 55 61 62 63 68 69 78 80 82 85 86 88 90 92 93 97 103 104 106 108 110 117
0 0 1 0 1 1 1 1 0 0 0 1 1 1 0 1 1 1 1 1 0 0 1 0 0 1 1 1 1 1 1 0 1 1 1 1 1 1 1 1 1 1 0 1 1 1
46
1 4 5 6 9 11 14 15 17 21 22 25 30 31 36 37 39 41 45 46 48 50 52 54 55 61 62 63 68 69 78 80 82 85 86 88 90 92 93 97 103 104 106 108 110 117
1 1 1 1 1 1 1 1 1 1 1 1 1 1 1 1 1 1 1 1 1 1 1 1 1 1 1 1 1 1 1 1 1 1 1 1 1 1 1 1 1 1 0 1 1 1
46
1 4 5 6 9 11 14 15 17 21 22 25 30 31 36 37 39 41 45 46 48 50 52 54 55 61 62 63 68 69 78 80 82 85 86 88 90 92 93 97 103 104 106 108 110 117
1 1 1 1 1 1 1 1 1 1 1 1 1 1 1 1 1 1 1 0 1 1 1 1 1 1 1 1 0 1 1 1 1 1 1 1 1 1 1 1 1 1 1 1 1 1
46
1 4 5 6 9 11 14 15 17 21 22 25 30 31 36 37 39 41 45 46 48 50 52 54 55 61 62 63 68 69 78 80 82 85 86 88 90 92 93 97 103 104 106 108 110 117
1 1 1 1 1 1 1 1 1 1 1 1 1 1 1 1 1 1 1 1 1 1 1 1 1 1 0 1 1 1 1 1 1 1 1 1 1 1 1 1 1 1 1 1 1 1
46
1 4 5 6 9 11 14 15 17 21 22 25 30 31 36 37 39 41 45 46 48 50 52 54 55 61 62 63 68 69 78 80 82 85 86 88 90 92 93 97 103 104 106 108 110 117
1 1 0 1 1 1 1 1 1 1 1 1 1 1 1 1 1 1 1 1 1 1 1 1 1 1 1 1 1 1 1 1 1 1 1 1 1 1 1 1 1 1 1 1 1 1
46
1 4 5 6 9 11 14 15 17 21 22 25 30 31 36 37 39 41 45 46 48 50 52 54 55 61 62 63 68 69 78 80 82 85 86 88 90 92 93 97 103 104 106 108 110 117
1 1 1 1 0 1 1 1 1 1 1 1 1 1 1 1 1 1 1 1 1 1 1 1 1 1 1 1 1 1 1 1 1 1 1 0 1 1 1 1 1 1 1 1 1 1
46
1 4 5 6 9 11 14 15 17 21 22 25 30 31 36 37 39 41 45 46 48 50 52 54 55 61 62 63 68 69 78 80 82 85 86 88 90 92 93 97 103 104 106 108 110 117
0 1 1 0 0 1 1 1 1 1 1 1 1 1 1 1 1 1 1 1 1 1 1 1 1 1 1 1 1 1 1 1 1 1 1 1 1 1 1 1 1 1 1 1 1 1
46
1 4 5 6 9 11 14 15 17 21 22 25 30 31 36 37 39 41 45 46 48 50 52 54 55 61 62 63 68 69 78 80 82 85 86 88 90 92 93 97 103 104 106 108 110 117
1 1 1 1 1 1 1 1 1 1 1 1 1 1 1 1 1 1 1 1 1 1 1 1 1 1 1 1 1 1 1 1 1 1 1 1 0 1 1 1 1 1 1 1 0 1
46
1 4 5 6 9 11 14 15 17 21 22 25 30 31 36 37 39 41 45 46 48 50 52 54 55 61 62 63 68 69 78 80 82 85 86 88 90 92 93 97 103 104 106 108 110 117
0 1 1 1 1 1 1 1 1 1 1 1 1 1 1 1 1 1 1 1 1 1 1 1 1 1 1 1 1 1 1 1 1 1 1 1 1 1 1 1 1 1 1 1 1 1
18
1 4 5 6 9 1 4 5 6 9 11 14 15 17 21 22 25 30
0 1 1 1 1 1 0 1 1 0 1 1 1 1 0 1 0 1
5
1 4 5 6 9
1 1 0 1 0
46
1 4 5 6 9 11 14 15 17 21 22 25 30 31 36 37 39 41 45 46 48 50 52 54 55 61 62 63 68 69 78 80 82 85 86 88 90 92 93 97 103 104 106 108 110 117
1 1 1 0 1 0 0 1 0 1 1 0 0 1 1 0 1 0 0 0 1 0 0 1 0 0 0 0 0 0 1 0 0 0 0 0 0 0 1 0 1 0 0 1 1 1
5
1 4 5 6 9
1 1 1 0 1
9
1 4 5 6 9 11 14 15 17
0 1 1 1 1 1 1 1 1
5
1 4 5 6 9
0 0 1 0 1
46
1 4 5 6 9 11 14 15 17 21 22 25 30 31 36 37 39 41 45 46 48 50 52 54 55 61 62 63 68 69 78 80 82 85 86 88 90 92 93 97 103 104 106 108 110 117
1 1 1 1 1 1 1 1 1 1 1 1 1 1 1 1 1 1 1 1 1 1 1 1 1 1 1 1 1 1 1 1 1 1 1 0 1 1 1 1 1 1 1 1 1 1
9
1 4 5 6 9 11 14 15 17
1 0 1 1 0 1 0 1 1
12
52 54 55 61 62 63 68 69 85 86 88 90
1 0 1 1 1 1 1 1 1 1 1 1
5
1 4 5 6 9
1 1 1 0 1
46
1 4 5 6 9 11 14 15 17 21 22 25 30 31 36 37 39 41 45 46 48 50 52 54 55 61 62 63 68 69 78 80 82 85 86 88 90 92 93 97 103 104 106 108 110 117
1 1 1 1 1 0 1 1 0 1 1 0 0 0 0 0 1 0 0 0 1 0 0 0 1 0 0 0 0 1 1 0 0 1 0 1 0 0 1 0 0 0 1 1 1 0
22
1 4 5 6 9 11 14 15 17 21 22 25 30 31 36 37 39 41 45 46 48 50
1 1 1 0 0 1 1 0 1 0 1 1 0 0 1 0 1 1 1 1 1 0
24
1 4 5 6 9 11 14 15 17 21 22 25 30 31 36 37 39 78 80 82 85 86 88 90
1 1 1 0 0 1 1 1 1 1 1 1 1 0 1 1 0 0 0 1 1 1 0 1
46
1 4 5 6 9 11 14 15 17 21 22 25 30 31 36 37 39 41 45 46 48 50 52 54 55 61 62 63 68 69 78 80 82 85 86 88 90 92 93 97 103 104 106 108 110 117
0 0 0 0 0 0 0 0 0 0 1 0 0 0 0 1 0 0 1 0 1 1 1 0 1 0 0 0 1 0 0 0 0 0 0 0 0 1 0 0 1 1 0 1 1 0
22
1 4 5 6 9 11 14 15 17 21 22 25 30 31 36 37 39 41 45 46 48 50
0 1 1 1 1 1 1 0 1 1 1 1 1 1 1 0 1 1 1 1 1 1
9
1 4 5 6 9 21 22 25 30
0 0 1 1 0 0 1 1 0
8
21 22 25 30 31 36 37 39
1 0 0 1 0 1 0 0
5
1 4 5 6 9
0 1 1 0 1
10
82 85 86 88 90 92 93 97 110 117
1 0 1 1 1 1 0 1 0 0
46
1 4 5 6 9 11 14 15 17 21 22 25 30 31 36 37 39 41 45 46 48 50 52 54 55 61 62 63 68 69 78 80 82 85 86 88 90 92 93 97 103 104 106 108 110 117
1 1 1 1 1 0 1 0 1 1 1 0 1 0 1 0 1 1 0 1 0 0 0 1 0 1 0 0 1 0 1 1 1 0 0 1 1 1 0 1 0 1 0 1 0 1
32
1 4 5 6 9 11 14 15 17 21 22 25 30 31 36 37 39 41 45 46 48 50 52 54 55 61 62 63 68 69 78 80
0 1 1 1 1 1 1 1 1 1 1 1 0 0 1 1 1 1 1 1 1 1 1 1 1 1 1 1 1 1 0 1
8
11 14 15 17 21 22 25 30
0 0 0 0 0 0 1 1
30
1 4 5 6 9 11 14 15 17 21 22 25 30 31 36 37 39 41 45 46 48 50 52 54 55 61 62 63 68 69
1 1 1 1 0 0 0 1 1 0 1 1 0 0 1 1 1 0 1 1 0 0 1 1 0 0 1 1 0 0
9
1 4 5 6 9 11 14 15 17
0 1 1 0 1 0 1 0 1
5
41 45 46 48 50
1 0 1 1 0
5
1 4 5 6 9
0 0 1 0 0
5
1 4 5 6 9
0 1 1 0 1
46
1 4 5 6 9 11 14 15 17 21 22 25 30 31 36 37 39 41 45 46 48 50 52 54 55 61 62 63 68 69 78 80 82 85 86 88 90 92 93 97 103 104 106 108 110 117
1 1 1 1 1 1 1 1 1 1 1 1 0 1 1 1 1 1 1 1 1 0 1 1 1 1 1 1 1 1 1 0 1 1 0 0 0 1 0 1 1 0 0 0 0 1
9
1 4 5 6 9 11 14 15 17
1 0 1 0 1 1 1 0 1
5
1 4 5 6 9
0 0 1 0 0
6
103 104 106 108 110 117
1 1 1 0 1 1
21
61 62 63 68 69 78 80 82 85 86 88 90 92 93 97 103 104 106 108 110 117
0 1 1 1 1 1 0 1 1 0 1 1 1 1 1 0 1 0 1 1 1
17
1 4 5 6 9 11 14 15 17 21 22 25 30 31 36 37 39
0 1 1 1 1 1 1 0 1 1 1 1 0 0 1 0 0
5
1 4 5 6 9
1 1 1 0 1
9
1 4 5 6 9 11 14 15 17
1 1 1 1 0 1 1 1 1
13
1 4 5 6 9 11 14 15 17 21 22 25 30
0 0 1 0 0 0 0 0 1 1 1 0 0
59
1 4 5 6 9 11 14 15 17 21 22 25 30 1 4 5 6 9 11 14 15 17 21 22 25 30 31 36 37 39 41 45 46 48 50 52 54 55 61 62 63 68 69 78 80 82 85 86 88 90 92 93 97 103 104 106 108 110 117
1 1 1 1 1 1 1 0 1 0 1 1 0 1 0 1 1 1 1 0 1 1 1 1 1 0 1 1 0 0 1 0 1 1 1 0 0 1 0 1 1 1 1 0 1 1 1 1 1 1 1 1 1 1 0 0 1 1 1
9
1 4 5 6 9 21 22 25 30
1 0 1 0 1 1 1 0 1
9
21 22 25 30 1 4 5 6 9
1 0 1 0 1 1 1 1 1
20
1 5 6 9 11 14 15 17 21 22 25 30 31 36 37 39 85 86 88 90
0 0 0 0 1 0 0 1 1 1 1 1 0 1 1 0 0 0 1 1
12
11 14 15 17 21 22 25 30 31 36 37 39
1 1 1 1 0 1 1 1 0 1 1 0
22
1 4 5 6 9 11 14 15 17 21 22 25 30 31 36 37 39 41 45 46 48 50
0 1 1 1 1 1 1 1 1 1 1 0 1 0 1 0 0 1 1 1 1 1
6
103 104 106 108 110 117
1 1 0 1 0 1
22
1 4 5 6 9 11 14 15 17 21 22 25 30 31 36 37 39 41 45 46 48 50
1 1 1 1 1 1 1 1 1 1 1 1 0 0 1 1 1 0 1 0 1 0
6
103 104 106 108 110 117
1 1 1 0 1 1
6
103 104 106 108 110 117
1 0 1 1 1 1
40
1 4 5 6 9 11 14 15 17 21 22 25 30 31 36 37 39 41 45 46 48 50 52 54 55 61 62 63 68 69 78 80 82 85 86 88 90 92 93 97
0 0 1 1 1 1 1 0 1 0 1 0 0 0 1 0 1 1 1 1 1 0 0 1 1 1 1 1 1 1 1 0 1 1 0 1 1 1 1 1
5
1 4 5 6 9
0 0 1 0 0
5
1 4 5 6 9
0 1 1 1 0
22
1 4 5 6 9 11 14 15 17 21 22 25 30 31 36 37 39 41 45 46 48 50
1 1 1 0 1 1 1 1 1 1 1 1 0 1 1 0 0 1 0 1 0 1
17
1 4 5 6 9 11 14 15 17 21 22 25 30 31 36 37 39
0 1 1 1 0 1 1 1 1 1 1 0 0 0 1 0 0
9
1 4 5 6 9 21 22 25 30
1 1 1 1 1 1 1 1 0
33
21 22 25 30 31 36 37 39 41 45 46 48 50 52 54 55 61 62 63 68 69 78 80 82 85 86 88 90 92 93 97 110 117
0 1 1 0 0 1 0 0 0 1 0 1 0 0 0 1 0 1 1 1 1 1 0 1 0 1 0 1 0 0 1 1 1
5
1 4 5 6 9
0 0 1 0 1
5
1 4 5 6 9
1 0 1 1 1
8
21 22 25 30 31 36 37 39
1 1 0 0 1 1 1 0
8
11 14 15 17 21 22 25 30
1 1 0 1 1 1 0 0
5
1 4 5 6 9
0 1 1 0 1
13
1 4 5 6 9 11 14 15 17 21 22 25 30
1 1 1 1 1 1 1 1 1 1 1 0 1
13
1 4 5 6 9 11 14 15 17 21 22 25 30
0 1 1 1 1 1 1 0 1 0 1 1 1
5
1 4 5 6 9
0 0 1 0 1
6
103 104 106 108 110 117
1 0 1 1 1 1
5
1 4 5 6 9
0 1 1 1 1
9
1 4 5 6 9 11 14 15 17
1 1 1 0 0 0 0 0 0
9
1 4 5 6 9 11 14 15 17
0 1 1 1 1 1 0 1 1
13
1 4 5 6 9 11 14 15 17 21 22 25 30
1 0 1 0 0 1 0 0 0 1 0 0 0
9
1 4 5 6 9 11 14 15 17
0 1 1 0 0 1 1 0 1
9
1 4 5 6 9 11 14 15 17
0 1 1 1 1 1 1 1 1
46
1 4 5 6 9 11 14 15 17 21 22 25 30 31 36 37 39 41 45 46 48 50 52 54 55 61 62 63 68 69 78 80 82 85 86 88 90 92 93 97 103 104 106 108 110 117
1 1 1 0 1 1 0 1 0 0 1 0 1 1 1 1 1 1 1 1 1 1 1 1 1 1 1 1 1 1 1 1 0 1 1 0 0 1 0 0 0 1 0 0 1 1
5
1 4 5 6 9
1 1 1 1 0
5
1 4 5 6 9
0 1 1 0 1
9
1 4 5 6 9 11 14 15 17
1 1 1 1 1 0 1 1 1
5
1 4 5 6 9
0 0 1 0 1
9
1 4 5 6 9 11 14 15 17
1 1 1 0 1 0 0 0 0
17
1 4 5 6 9 11 14 15 17 21 22 25 30 31 36 37 39
0 1 1 1 1 1 1 1 1 0 1 1 0 0 1 0 1
13
1 4 5 6 9 11 14 15 17 21 22 25 30
1 0 1 1 1 1 1 0 1 0 1 1 1
5
1 4 5 6 9
1 1 1 0 0
13
1 4 5 6 9 11 14 15 17 21 22 25 30
0 1 1 1 1 1 1 0 0 1 1 0 0
5
1 4 5 6 9
1 0 1 1 0
5
1 4 5 6 9
1 1 1 0 1
5
1 4 5 6 9
0 1 1 0 1
6
103 104 106 108 110 117
0 1 1 0 1 1
17
1 4 5 6 9 11 14 15 17 21 22 25 30 31 36 37 39
0 1 1 0 0 1 1 1 1 0 1 1 1 0 1 1 0
5
1 4 5 6 9
0 0 1 0 0
5
1 4 5 6 9
0 0 1 0 0
8
1 4 5 6 9 11 14 15
0 1 1 1 1 1 1 0
12
31 36 37 39 41 45 46 48 50 52 54 55
1 1 1 1 1 0 1 0 1 0 0 0
5
1 4 5 6 9
0 1 1 0 1
17
1 4 5 6 9 11 14 15 17 21 22 25 30 31 36 37 39
1 1 1 1 1 1 1 0 1 0 1 0 1 0 1 1 1
14
82 85 86 88 90 92 93 97 103 104 106 108 110 117
1 1 1 1 0 1 1 1 1 1 1 1 1 1
13
21 22 25 30 31 36 37 39 41 45 46 48 50
0 0 0 1 1 0 0 1 0 0 1 0 0
46
1 4 5 6 9 11 14 15 17 21 22 25 30 31 36 37 39 41 45 46 48 50 52 54 55 61 62 63 68 69 78 80 82 85 86 88 90 92 93 97 103 104 106 108 110 117
1 1 1 1 0 1 1 1 1 1 1 1 0 0 1 0 1 1 1 1 1 1 0 0 0 1 1 1 1 1 1 0 1 1 0 0 1 0 0 1 0 1 1 0 1 1
9
1 4 5 6 9 11 14 15 17
1 1 1 1 0 0 1 1 1
5
1 4 5 6 9
0 1 1 1 0
9
1 4 5 6 9 11 14 15 17
0 1 1 1 0 1 1 1 0
13
1 4 5 6 9 11 14 15 17 21 22 25 30
0 1 1 0 0 1 0 0 1 1 1 0 1
5
1 4 5 6 9
1 0 1 1 1
22
1 4 5 6 9 11 14 15 17 21 22 25 30 31 36 37 39 41 45 46 48 50
0 1 1 1 1 1 1 1 1 1 1 0 0 0 1 1 1 1 0 0 1 0
46
1 4 5 6 9 11 14 15 17 21 22 25 30 31 36 37 39 41 45 46 48 50 52 54 55 61 62 63 68 69 78 80 82 85 86 88 90 92 93 97 103 104 106 108 110 117
1 1 1 1 1 1 1 1 1 1 1 1 1 1 1 1 1 1 1 1 0 0 0 0 1 1 1 1 1 1 1 1 1 1 1 1 1 0 1 0 0 1 1 1 1 1
13
1 4 5 6 9 11 14 15 17 21 22 25 30
0 0 1 0 1 1 1 1 1 1 1 1 1
9
1 4 5 6 9 21 22 25 30
0 1 1 0 0 1 0 0 0
17
1 4 5 6 9 11 14 15 17 21 22 25 30 31 36 37 39
1 1 1 0 1 1 1 0 0 0 1 1 0 1 1 0 0
5
1 4 5 6 9
1 1 1 0 1
9
1 4 5 6 9 11 14 15 17
1 1 1 1 1 1 0 1 1
5
1 4 5 6 9
0 1 1 0 1
5
1 4 5 6 9
0 0 1 0 0
13
1 4 5 6 9 11 14 15 17 21 22 25 30
1 1 1 1 1 1 1 1 1 1 1 1 0
5
1 4 5 6 9
1 1 1 0 1
14
82 85 86 88 90 92 93 97 103 104 106 108 110 117
1 1 0 0 1 1 1 1 1 1 0 0 1 1
5
1 4 5 6 9
1 1 1 0 1
37
1 4 5 6 9 11 14 15 17 21 22 25 30 31 36 37 39 41 45 46 48 50 52 54 55 61 62 63 68 69 78 80 82 85 86 88 90
0 0 1 1 0 0 0 0 0 1 1 0 1 0 1 1 1 1 1 0 0 0 1 0 0 1 0 0 0 1 1 0 0 0 1 0 0
9
1 4 5 6 9 11 14 15 17
1 1 1 0 1 0 0 0 0
17
11 14 15 17 21 22 25 30 31 36 37 39 41 45 46 48 50
0 0 1 0 1 1 0 0 1 1 0 0 1 0 1 0 0
6
103 104 106 108 110 117
0 1 0 0 1 1
25
1 4 5 6 9 11 14 15 17 21 22 25 30 31 36 37 39 41 45 46 48 50 52 54 55
1 1 1 1 1 1 1 1 1 1 1 1 0 0 1 1 1 1 0 1 1 0 1 1 1
25
1 4 5 6 9 11 14 15 17 21 22 25 30 31 36 37 39 41 45 46 48 50 52 54 55
1 1 1 0 0 1 1 1 1 0 1 1 1 1 1 1 0 1 1 1 1 1 1 1 0
9
1 4 5 6 9 11 14 15 17
1 0 1 0 1 1 1 0 1
46
1 4 5 6 9 11 14 15 17 21 22 25 30 31 36 37 39 41 45 46 48 50 52 54 55 61 62 63 68 69 78 80 82 85 86 88 90 92 93 97 103 104 106 108 110 117
1 1 0 0 0 0 1 1 1 1 1 1 1 1 1 1 1 1 1 1 1 1 1 1 1 1 1 1 1 1 1 1 1 1 1 1 1 1 1 1 1 1 1 1 1 1
5
1 4 5 6 9
0 1 1 0 1
9
1 4 5 6 9 11 14 15 17
0 1 1 0 1 1 1 1 1
5
1 4 5 6 9
0 0 1 1 1
9
1 4 5 6 9 11 14 15 17
0 1 1 0 1 1 1 0 1
11
31 36 37 39 78 80 82 85 86 88 90
0 1 0 1 1 1 1 1 0 1 0
9
1 4 5 6 9 11 14 15 17
1 1 1 1 0 0 1 0 1
16
78 80 82 85 86 88 90 92 93 97 103 104 106 108 110 117
1 0 1 0 0 0 1 1 1 1 1 0 0 0 0 1
33
31 36 37 39 41 45 46 48 50 52 54 55 61 62 63 68 69 78 80 82 85 86 88 90 92 93 97 103 104 106 108 110 117
1 1 1 1 1 1 1 1 1 1 0 1 1 1 1 1 1 1 1 1 1 1 1 1 1 1 1 1 1 0 1 1 1
8
1 4 5 6 9 11 21 31
0 0 1 1 0 0 0 0
6
103 104 106 108 110 117
0 0 1 0 0 0
9
1 4 5 6 9 11 14 15 17
0 1 1 0 0 1 1 1 1
37
21 22 25 30 31 36 37 39 41 45 46 48 50 52 54 55 61 62 63 68 69 78 80 82 85 86 88 90 92 93 97 103 104 106 108 110 117
1 0 0 1 0 0 0 1 1 0 0 1 1 0 0 0 0 0 0 1 1 1 0 1 1 1 0 1 0 0 0 0 1 1 0 1 1
25
1 4 5 6 9 11 14 15 17 21 22 25 30 31 36 37 39 41 45 46 48 50 52 54 55
1 1 1 1 1 1 1 1 1 1 1 1 0 0 0 0 1 1 0 1 1 0 0 0 1
43
1 4 5 6 9 11 14 15 17 21 22 25 30 31 36 37 39 41 45 46 48 50 52 54 55 61 62 63 68 69 78 80 82 85 86 88 90 103 104 106 108 110 117
0 1 1 1 0 1 1 1 1 1 1 1 1 0 1 0 1 1 1 1 0 1 0 0 1 1 1 1 1 1 0 0 0 0 1 1 0 0 1 0 0 1 1
5
1 4 5 6 9
1 0 1 0 1
37
21 22 25 30 31 36 37 39 41 45 46 48 50 52 54 55 61 62 63 68 69 78 80 82 85 86 88 90 92 93 97 103 104 106 108 110 117
1 1 1 1 1 1 1 1 1 1 1 1 1 1 1 1 1 1 1 1 1 1 1 0 1 1 1 1 1 1 1 1 1 1 1 1 1
25
1 4 5 6 9 11 14 15 17 21 22 25 30 31 36 37 39 41 45 46 48 50 52 54 55
0 0 1 1 1 0 0 1 1 0 0 0 0 0 0 0 1 0 1 0 1 0 0 1 1
5
1 4 5 6 9
0 1 1 1 1
5
1 4 5 6 9
1 1 0 1 1
46
1 4 5 6 9 11 14 15 17 21 22 25 30 31 36 37 39 41 45 46 48 50 52 54 55 61 62 63 68 69 78 80 82 85 86 88 90 92 93 97 103 104 106 108 110 117
0 0 1 0 0 0 0 0 0 0 0 0 0 0 0 0 1 0 0 0 0 1 0 0 1 0 0 0 1 1 0 0 0 0 0 0 1 0 0 0 0 0 1 0 1 1
17
1 4 5 6 9 11 14 15 17 21 22 25 30 31 36 37 39
0 0 1 0 0 0 1 0 1 0 1 0 1 0 1 0 1
21
61 62 63 68 69 78 80 82 85 86 88 90 92 93 97 103 104 106 108 110 117
0 0 0 0 0 1 0 1 1 0 1 0 1 0 1 1 1 1 1 1 0
9
1 4 5 6 9 11 14 15 17
0 1 1 1 1 1 1 1 1
13
1 4 5 6 9 11 14 15 17 21 22 25 30
1 1 1 1 1 1 0 1 1 0 1 0 1
9
1 4 5 6 9 21 22 25 30
1 1 1 1 1 1 1 1 0
46
1 4 5 6 9 11 14 15 17 21 22 25 30 31 36 37 39 41 45 46 48 50 52 54 55 61 62 63 68 69 78 80 82 85 86 88 90 92 93 97 103 104 106 108 110 117
0 0 1 1 1 0 0 0 0 1 1 0 0 0 0 1 0 0 0 0 1 0 0 1 1 0 0 0 0 0 0 0 0 1 0 0 0 0 0 0 0 1 0 0 0 1
46
1 4 5 6 9 11 14 15 17 21 22 25 30 31 36 37 39 41 45 46 48 50 52 54 55 61 62 63 68 69 78 80 82 85 86 88 90 92 93 97 103 104 106 108 110 117
0 1 1 0 0 0 0 0 0 1 1 0 0 0 0 0 1 0 0 0 1 0 0 1 1 0 0 1 0 0 1 0 0 1 1 0 0 0 0 1 1 0 0 0 0 0
5
1 4 5 6 9
1 1 1 1 0
46
1 4 5 6 9 11 14 15 17 21 22 25 30 31 36 37 39 41 45 46 48 50 52 54 55 61 62 63 68 69 78 80 82 85 86 88 90 92 93 97 103 104 106 108 110 117
0 0 0 1 1 0 1 0 1 1 1 1 0 1 0 0 1 0 0 1 1 0 0 0 1 0 1 1 0 0 1 1 0 0 1 1 0 0 0 1 1 1 0 0 0 0
5
1 4 5 6 9
1 1 1 0 1
6
103 104 106 108 110 117
1 0 0 0 0 1
46
1 4 5 6 9 11 14 15 17 21 22 25 30 31 36 37 39 41 45 46 48 50 52 54 55 61 62 63 68 69 78 80 82 85 86 88 90 92 93 97 103 104 106 108 110 117
0 0 1 0 0 1 1 1 1 1 1 0 1 0 1 1 1 1 1 1 1 1 1 1 1 1 1 1 1 1 1 1 1 0 1 1 1 1 1 1 1 1 1 1 1 1
5
1 4 5 6 9
0 1 1 1 1
13
1 4 5 6 9 11 14 15 17 21 22 25 30
1 1 0 1 1 1 1 1 1 1 1 1 0
46
1 4 5 6 9 11 14 15 17 21 22 25 30 31 36 37 39 41 45 46 48 50 52 54 55 61 62 63 68 69 78 80 82 85 86 88 90 92 93 97 103 104 106 108 110 117
0 1 1 1 1 1 1 1 1 1 1 1 1 1 1 1 1 1 1 1 1 1 1 1 1 1 1 1 1 1 1 1 1 1 1 1 1 1 1 1 1 1 1 1 1 1
5
1 4 5 6 9
0 1 1 0 0
5
41 45 46 48 50
0 1 0 1 0
13
1 4 5 6 9 11 14 15 17 21 22 25 30
0 1 1 1 0 1 1 1 1 0 1 1 1
9
1 4 5 6 9 11 14 15 17
0 1 1 1 0 1 1 1 1
5
1 4 5 6 9
0 1 1 1 1
5
1 4 5 6 9
1 0 1 0 1
9
1 4 5 6 9 11 14 15 17
0 1 1 0 0 1 0 0 1
9
1 4 5 6 9 11 14 15 17
0 0 1 0 0 1 1 1 1
6
103 104 106 108 110 117
0 0 1 0 0 0
6
103 104 106 108 110 117
0 1 0 1 1 1
17
1 4 5 6 9 11 14 15 17 21 22 25 30 31 36 37 39
0 1 1 0 0 1 1 1 0 0 1 0 1 0 1 1 1
9
1 4 5 6 9 21 22 25 30
1 1 1 0 1 1 1 1 1
5
1 4 5 6 9
0 1 1 0 1
5
1 4 5 6 9
1 1 1 0 1
9
92 93 97 103 104 106 108 110 117
1 1 1 0 1 0 0 1 1
5
41 45 46 48 50
1 1 1 0 1
33
31 36 37 39 41 45 46 48 50 52 54 55 61 62 63 68 69 78 80 82 85 86 88 90 92 93 97 103 104 106 108 110 117
0 1 1 1 1 1 1 1 1 1 1 1 1 1 1 1 1 1 1 1 1 1 1 1 1 1 1 1 1 1 1 1 1
41
11 14 15 17 21 22 25 30 31 36 37 39 41 45 46 48 50 52 54 55 61 62 63 68 69 78 80 82 85 86 88 90 92 93 97 103 104 106 108 110 117
1 1 1 1 1 1 1 1 1 1 1 1 1 0 1 1 1 0 1 1 1 1 1 1 1 1 0 1 1 1 1 1 1 1 1 1 1 1 1 1 1
46
1 4 5 6 9 11 14 15 17 21 22 25 30 31 36 37 39 41 45 46 48 50 52 54 55 61 62 63 68 69 78 80 82 85 86 88 90 92 93 97 103 104 106 108 110 117
0 1 1 0 1 1 1 1 1 1 1 1 1 1 0 0 1 1 1 0 1 0 1 0 0 0 0 0 0 1 1 1 0 0 0 0 1 0 1 1 0 0 0 0 0 0
16
78 80 82 85 86 88 90 92 93 97 103 104 106 108 110 117
1 0 1 0 1 1 1 1 1 1 1 1 1 1 1 1
16
78 80 82 85 86 88 90 92 93 97 103 104 106 108 110 117
1 0 1 1 1 1 1 1 1 1 1 1 1 1 1 1
40
4 5 6 11 14 15 17 31 36 37 39 41 45 46 48 50 52 54 55 61 62 63 68 69 78 80 82 85 86 88 90 92 93 97 103 104 106 108 110 117
1 1 0 1 0 1 1 0 0 1 0 0 1 0 1 0 0 0 1 0 0 1 0 1 1 1 1 1 0 1 1 0 1 1 1 0 1 1 1 1
46
1 4 5 6 9 11 14 15 17 21 22 25 30 31 36 37 39 41 45 46 48 50 52 54 55 61 62 63 68 69 78 80 82 85 86 88 90 92 93 97 103 104 106 108 110 117
0 1 1 0 0 1 1 1 1 1 1 1 1 0 1 1 1 1 0 1 0 1 1 0 1 1 1 1 1 1 1 0 1 1 0 1 1 1 1 1 1 1 1 1 1 1
46
1 4 5 6 9 11 14 15 17 21 22 25 30 31 36 37 39 41 45 46 48 50 52 54 55 61 62 63 68 69 78 80 82 85 86 88 90 92 93 97 103 104 106 108 110 117
0 0 1 1 1 1 1 1 1 1 1 1 1 1 1 1 0 1 0 1 1 0 1 1 1 1 1 1 1 1 1 0 1 1 1 1 1 1 1 1 0 1 0 1 1 1
13
52 54 55 61 62 63 68 69 82 85 88 92 93
0 0 1 1 1 0 0 0 1 1 1 1 0
13
11 14 15 17 21 22 25 30 31 36 37 39 110
0 0 0 1 0 1 1 0 0 1 0 1 1
41
11 14 15 17 21 22 25 30 31 36 37 39 41 45 46 48 50 52 54 55 61 62 63 68 69 78 80 82 85 86 88 90 92 93 97 103 104 106 108 110 117
1 1 1 1 1 1 0 1 1 1 1 1 1 1 1 1 1 1 1 1 1 1 1 1 1 1 1 1 1 1 1 1 1 1 1 1 1 1 1 1 1
29
41 45 46 48 50 52 54 55 61 62 63 68 69 78 80 82 85 86 88 90 92 93 97 103 104 106 108 110 117
1 1 1 1 1 1 1 1 1 1 1 1 1 1 1 1 1 1 1 1 1 0 1 1 1 1 1 1 1
24
52 54 55 61 62 63 68 69 78 80 82 85 86 88 90 92 93 97 103 104 106 108 110 117
1 0 1 1 0 0 0 1 0 1 1 1 1 1 1 1 0 1 0 1 1 1 1 1
11
52 54 55 61 62 63 68 69 92 93 97
1 0 1 0 1 1 0 0 0 1 1
9
92 93 97 103 104 106 108 110 117
1 0 1 1 1 1 0 0 1
29
41 45 46 48 50 52 54 55 61 62 63 68 69 78 80 82 85 86 88 90 92 93 97 103 104 106 108 110 117
1 1 1 1 1 1 1 1 1 1 1 1 1 1 1 1 0 1 1 1 1 1 1 1 1 1 1 1 1
37
21 22 25 30 31 36 37 39 41 45 46 48 50 52 54 55 61 62 63 68 69 78 80 82 85 86 88 90 92 93 97 103 104 106 108 110 117
1 1 1 0 1 1 1 1 1 1 1 1 0 1 0 1 1 1 1 1 1 1 1 1 1 1 1 1 1 1 1 0 1 0 1 1 1
37
21 22 25 30 31 36 37 39 41 45 46 48 50 52 54 55 61 62 63 68 69 78 80 82 85 86 88 90 92 93 97 103 104 106 108 110 117
1 1 1 1 1 1 1 1 1 1 1 1 1 1 0 1 1 1 1 1 1 1 1 1 1 1 1 1 1 1 1 1 1 0 1 1 1
33
31 36 37 39 41 45 46 48 50 52 54 55 61 62 63 68 69 78 80 82 85 86 88 90 92 93 97 103 104 106 108 110 117
0 0 0 0 0 0 1 0 0 0 0 1 0 1 1 1 1 1 0 1 0 1 0 0 0 1 0 0 0 1 0 0 1
29
41 45 46 48 50 52 54 55 61 62 63 68 69 78 80 82 85 86 88 90 92 93 97 103 104 106 108 110 117
1 1 1 1 0 1 1 1 1 1 1 1 1 1 1 0 1 1 1 1 1 1 1 1 1 1 1 1 1
13
21 22 25 30 31 36 37 39 41 45 46 48 50
1 1 1 0 0 0 0 0 0 0 0 0 0
33
31 36 37 39 41 45 46 48 50 52 54 55 61 62 63 68 69 78 80 82 85 86 88 90 92 93 97 103 104 106 108 110 117
1 1 1 1 1 0 0 1 0 1 0 1 1 0 1 1 1 1 0 1 1 1 0 1 1 1 1 1 1 1 1 0 1
41
11 14 15 17 21 22 25 30 31 36 37 39 41 45 46 48 50 52 54 55 61 62 63 68 69 78 80 82 85 86 88 90 92 93 97 103 104 106 108 110 117
1 1 1 1 1 1 1 1 1 1 1 1 1 1 0 1 1 0 1 1 1 1 1 1 1 1 1 1 1 0 0 1 0 1 1 1 1 1 1 0 1
33
31 36 37 39 41 45 46 48 50 52 54 55 61 62 63 68 69 78 80 82 85 86 88 90 92 93 97 103 104 106 108 110 117
1 1 1 1 1 1 1 1 1 0 1 1 1 1 1 1 1 1 1 1 1 1 1 1 1 1 1 1 1 1 1 1 1
33
31 36 37 39 41 45 46 48 50 52 54 55 61 62 63 68 69 78 80 82 85 86 88 90 92 93 97 103 104 106 108 110 117
0 1 1 1 1 1 1 1 1 0 1 1 1 1 1 1 1 1 1 1 1 0 1 1 1 1 1 1 1 1 1 1 1
33
31 36 37 39 41 45 46 48 50 52 54 55 61 62 63 68 69 78 80 82 85 86 88 90 92 93 97 103 104 106 108 110 117
1 1 1 1 1 1 1 1 1 0 1 1 1 0 1 1 1 1 1 1 1 1 1 1 0 1 1 1 1 1 1 1 1
5
1 4 5 6 9
1 0 1 0 1
33
31 36 37 39 41 45 46 48 50 52 54 55 61 62 63 68 69 78 80 82 85 86 88 90 92 93 97 103 104 106 108 110 117
0 1 1 1 1 0 0 1 0 0 0 1 1 1 0 0 0 1 0 0 1 0 0 0 1 0 1 1 0 1 0 0 0
23
31 36 37 39 41 45 46 48 50 52 54 55 61 62 63 68 69 103 104 106 108 110 117
0 1 0 1 0 1 0 1 0 0 0 0 0 0 0 1 0 0 1 1 1 1 1
41
11 14 15 17 21 22 25 30 31 36 37 39 41 45 46 48 50 52 54 55 61 62 63 68 69 78 80 82 85 86 88 90 92 93 97 103 104 106 108 110 117
1 1 1 0 1 1 1 1 1 1 1 1 1 0 1 1 1 0 0 1 1 1 1 1 1 1 1 0 1 1 1 1 1 1 1 1 1 0 1 1 1
33
31 36 37 39 41 45 46 48 50 52 54 55 61 62 63 68 69 78 80 82 85 86 88 90 92 93 97 103 104 106 108 110 117
0 1 1 1 0 1 1 1 1 0 0 1 1 1 1 1 1 0 1 1 0 0 1 0 1 1 1 1 1 1 0 0 1
37
21 22 25 30 31 36 37 39 41 45 46 48 50 52 54 55 61 62 63 68 69 78 80 82 85 86 88 90 92 93 97 103 104 106 108 110 117
1 1 1 1 0 0 0 1 0 1 1 0 0 1 1 1 1 1 1 1 1 1 1 1 1 1 0 1 1 1 0 1 1 1 1 1 1
41
11 14 15 17 21 22 25 30 31 36 37 39 41 45 46 48 50 52 54 55 61 62 63 68 69 78 80 82 85 86 88 90 92 93 97 103 104 106 108 110 117
1 1 1 1 1 1 1 1 1 1 1 1 1 1 1 1 1 1 1 1 1 1 1 1 1 1 0 1 1 1 1 1 1 1 1 1 1 1 1 1 1
21
52 54 55 61 62 63 68 69 78 80 82 85 86 88 90 103 104 106 108 110 117
1 1 1 1 0 1 1 1 1 1 1 1 1 1 1 1 1 1 1 1 1
24
52 54 55 61 62 63 68 69 78 80 82 85 86 88 90 92 93 97 103 104 106 108 110 117
0 1 1 1 0 1 1 1 1 1 1 1 1 1 1 1 0 1 0 1 1 1 1 1
29
41 45 46 48 50 52 54 55 61 62 63 68 69 78 80 82 85 86 88 90 92 93 97 103 104 106 108 110 117
1 1 1 1 0 0 0 1 0 0 1 1 1 1 1 1 1 0 1 0 1 0 1 0 0 1 0 0 1
21
61 62 63 68 69 78 80 82 85 86 88 90 92 93 97 103 104 106 108 110 117
0 0 0 1 0 1 1 1 1 1 1 0 1 0 1 1 0 1 1 0 1
29
41 45 46 48 50 52 54 55 61 62 63 68 69 78 80 82 85 86 88 90 92 93 97 103 104 106 108 110 117
1 1 1 1 1 0 1 1 0 0 0 0 1 1 1 1 0 1 0 1 1 0 0 0 0 0 0 1 1
33
31 36 37 39 41 45 46 48 50 52 54 55 61 62 63 68 69 78 80 82 85 86 88 90 92 93 97 103 104 106 108 110 117
1 1 1 1 1 1 1 1 1 1 1 1 1 1 1 1 1 1 1 1 1 1 0 1 1 1 1 1 1 1 1 1 1
46
1 4 5 6 9 11 14 15 17 21 22 25 30 31 36 37 39 41 45 46 48 50 52 54 55 61 62 63 68 69 78 80 82 85 86 88 90 92 93 97 103 104 106 108 110 117
0 1 1 1 1 1 1 1 0 1 1 1 1 1 1 1 1 1 1 1 1 1 0 1 1 1 1 1 1 1 1 1 1 1 1 1 1 1 1 1 1 1 1 1 1 1
33
31 36 37 39 41 45 46 48 50 52 54 55 61 62 63 68 69 78 80 82 85 86 88 90 92 93 97 103 104 106 108 110 117
1 1 1 1 1 1 1 1 1 1 1 1 1 1 1 1 1 1 0 1 1 1 1 1 1 1 1 1 1 1 1 1 1
24
52 54 55 61 62 63 68 69 78 80 82 85 86 88 90 92 93 97 103 104 106 108 110 117
1 1 1 1 1 1 1 1 1 0 1 1 1 1 1 1 1 1 1 1 1 1 1 1
14
78 80 82 85 86 88 90 92 93 97 103 104 106 108
1 1 0 1 0 0 1 1 1 1 0 1 0 0
8
82 85 86 88 90 92 93 97
0 0 0 0 0 0 0 1
26
41 45 46 48 50 61 62 63 68 69 78 80 82 85 86 88 90 92 93 97 103 104 106 108 110 117
1 0 0 0 0 0 0 0 1 1 1 0 0 0 1 0 0 0 0 1 0 0 0 0 0 1
5
82 93 103 106 108
1 0 1 0 0
16
78 80 82 85 86 88 90 92 93 97 103 104 106 108 110 117
1 0 0 0 0 0 0 0 0 0 1 1 1 1 0 1
14
82 85 86 88 90 92 93 97 103 104 106 108 110 117
0 1 0 1 0 1 1 1 0 1 0 0 0 1
5
1 4 5 6 9
0 1 1 0 0
27
41 45 46 48 50 52 54 55 61 62 63 68 69 82 85 86 88 90 92 93 97 103 104 106 108 110 117
0 1 1 0 0 0 0 0 0 1 1 1 0 1 1 1 1 1 1 0 0 0 0 0 1 1 0
16
21 22 25 30 31 36 37 39 41 45 46 48 50 52 54 55
1 1 1 0 0 1 1 1 1 1 1 0 1 0 0 1
14
82 85 86 88 90 92 93 97 103 104 106 108 110 117
1 1 1 1 0 1 0 1 1 1 0 1 0 0
5
61 62 63 68 69
1 0 0 1 0
16
78 80 82 85 86 88 90 92 93 97 103 104 106 108 110 117
1 0 0 1 0 0 0 0 1 1 0 0 0 0 0 0
21
61 62 63 68 69 78 80 82 85 86 88 90 92 93 97 103 104 106 108 110 117
1 1 1 1 1 1 1 0 1 1 0 1 1 1 1 1 1 1 1 1 1
24
1 4 5 6 9 11 14 15 17 21 22 25 30 31 36 37 39 41 45 46 48 50 110 117
1 1 1 1 1 1 1 1 0 1 1 1 1 1 1 1 1 1 1 1 1 1 1 1
14
82 85 86 88 90 92 93 97 103 104 106 108 110 117
0 1 1 1 1 1 1 1 1 1 1 1 1 1
14
82 85 86 88 90 92 93 97 103 104 106 108 110 117
1 0 0 1 0 1 0 1 1 1 0 1 1 1
17
52 54 55 61 62 63 68 69 92 93 97 103 104 106 108 110 117
1 1 1 1 0 1 1 1 1 1 1 1 1 1 1 1 1
46
1 4 5 6 9 11 14 15 17 21 22 25 30 31 36 37 39 41 45 46 48 50 52 54 55 61 62 63 68 69 78 80 82 85 86 88 90 92 93 97 103 104 106 108 110 117
1 1 1 1 1 1 1 1 1 1 1 1 1 1 1 1 1 1 1 1 1 1 1 1 1 1 1 1 1 1 1 1 1 1 0 1 1 1 1 1 1 1 1 1 1 1
29
41 45 46 48 50 52 54 55 61 62 63 68 69 78 80 82 85 86 88 90 92 93 97 103 104 106 108 110 117
0 0 0 1 0 0 0 0 0 0 0 1 1 0 0 0 0 0 0 0 0 0 1 1 1 0 1 1 1
33
31 36 37 39 41 45 46 48 50 52 54 55 61 62 63 68 69 78 80 82 85 86 88 90 92 93 97 103 104 106 108 110 117
1 1 1 1 1 0 1 1 1 1 1 1 1 1 1 1 1 1 1 1 1 1 0 1 1 0 1 1 1 1 1 1 1
37
21 22 25 30 31 36 37 39 41 45 46 48 50 52 54 55 61 62 63 68 69 78 80 82 85 86 88 90 92 93 97 103 104 106 108 110 117
1 1 0 1 0 1 0 1 1 1 1 1 1 1 1 1 1 1 1 1 1 1 1 1 1 1 1 1 1 1 1 1 1 1 1 1 1
41
11 14 15 17 21 22 25 30 31 36 37 39 41 45 46 48 50 52 54 55 61 62 63 68 69 78 80 82 85 86 88 90 92 93 97 103 104 106 108 110 117
0 1 0 1 0 1 0 1 0 0 1 1 1 1 1 1 0 0 1 1 0 0 1 0 1 0 0 0 0 0 0 0 0 1 1 1 0 1 0 0 1
16
78 80 82 85 86 88 90 92 93 97 103 104 106 108 110 117
1 1 1 1 1 0 1 1 1 1 1 1 1 1 1 1
9
1 4 5 6 9 11 14 15 17
0 1 1 1 1 0 1 0 1
45
4 5 6 9 11 14 15 17 21 22 25 30 31 36 37 39 41 45 46 48 50 52 54 55 61 62 63 68 69 78 80 82 85 86 88 90 92 93 97 103 104 106 108 110 117
0 1 0 1 1 1 1 1 1 1 0 1 1 1 1 1 1 1 1 1 1 1 1 1 1 1 1 1 1 1 1 1 1 1 1 1 1 1 1 1 1 1 1 1 1
46
1 4 5 6 9 11 14 15 17 21 22 25 30 31 36 37 39 41 45 46 48 50 52 54 55 61 62 63 68 69 78 80 82 85 86 88 90 92 93 97 103 104 106 108 110 117
0 1 0 0 1 1 1 1 1 1 1 1 1 1 1 1 1 0 0 1 1 0 1 1 1 1 1 1 1 0 1 0 1 1 1 1 0 1 1 1 1 1 1 0 0 1
33
31 36 37 39 41 45 46 48 50 52 54 55 61 62 63 68 69 78 80 82 85 86 88 90 92 93 97 103 104 106 108 110 117
1 1 1 1 1 1 1 1 1 1 1 1 1 0 1 1 1 1 1 1 1 1 1 1 1 1 1 1 1 1 1 1 1
9
1 4 5 6 9 11 14 15 17
1 1 1 0 0 1 1 0 0
46
1 4 5 6 9 11 14 15 17 21 22 25 30 31 36 37 39 41 45 46 48 50 52 54 55 61 62 63 68 69 78 80 82 85 86 88 90 92 93 97 103 104 106 108 110 117
0 1 1 1 0 1 1 1 0 1 1 0 0 0 1 1 1 1 1 1 1 1 1 1 1 1 1 1 1 1 1 1 1 1 1 1 1 1 1 1 1 1 1 1 1 1
17
1 4 5 6 9 11 14 15 17 21 22 25 30 31 36 37 39
0 0 1 1 1 1 1 1 1 0 1 0 1 0 0 1 1
14
82 85 86 88 90 92 93 97 103 104 106 108 110 117
1 1 1 0 1 1 1 1 1 1 0 1 1 1
6
103 104 106 108 110 117
0 1 1 1 0 1
29
41 45 46 48 50 52 54 55 61 62 63 68 69 78 80 82 85 86 88 90 92 93 97 103 104 106 108 110 117
1 1 1 1 1 1 1 1 1 1 1 1 1 1 1 1 1 0 1 1 1 1 1 1 1 1 1 1 1
21
61 62 63 68 69 78 80 82 85 86 88 90 92 93 97 103 104 106 108 110 117
1 0 0 1 0 1 1 1 1 0 0 1 1 1 1 0 0 1 0 1 0
14
82 85 86 88 90 92 93 97 103 104 106 108 110 117
1 1 1 1 0 0 1 1 0 1 1 0 0 0
5
1 4 5 6 9
0 0 1 0 0
29
41 45 46 48 50 52 54 55 61 62 63 68 69 78 80 82 85 86 88 90 92 93 97 103 104 106 108 110 117
1 0 0 0 0 1 1 1 1 1 1 1 1 1 1 1 0 0 1 1 1 0 1 1 1 1 1 1 1
5
1 4 5 6 9
1 0 1 0 1
5
1 4 5 6 9
0 1 1 0 0
33
31 36 37 39 41 45 46 48 50 52 54 55 61 62 63 68 69 78 80 82 85 86 88 90 92 93 97 103 104 106 108 110 117
1 1 1 1 1 1 1 1 0 0 1 1 1 1 1 0 1 1 0 1 1 1 1 1 1 1 1 1 1 1 1 1 1
5
1 4 5 6 9
0 0 1 1 1
5
1 4 5 6 9
1 0 1 0 1
9
92 93 97 103 104 106 108 110 117
1 1 0 0 1 0 0 1 1
46
1 4 5 6 9 11 14 15 17 21 22 25 30 31 36 37 39 41 45 46 48 50 52 54 55 61 62 63 68 69 78 80 82 85 86 88 90 92 93 97 103 104 106 108 110 117
1 1 1 1 1 1 1 1 0 1 1 1 1 1 1 1 1 1 1 1 1 1 0 1 1 1 1 1 1 1 1 0 1 0 0 1 1 1 1 1 1 1 0 1 1 0
5
1 4 5 6 9
0 1 1 1 0
9
1 4 5 6 9 11 14 15 17
0 1 1 0 0 1 1 1 1
21
61 62 63 68 69 78 80 82 85 86 88 90 92 93 97 103 104 106 108 110 117
1 1 1 1 1 1 1 1 1 1 1 1 1 1 1 1 1 1 0 1 1
22
52 54 55 61 62 63 68 69 82 85 86 88 90 92 93 97 103 104 106 108 110 117
1 1 1 0 0 0 0 0 1 1 1 1 1 1 1 1 1 0 1 0 0 1
8
41 45 46 48 50 52 54 55
1 0 1 0 0 0 0 1
13
1 4 5 6 9 11 14 15 17 21 22 25 30
0 0 1 0 1 1 1 1 1 1 1 0 0
5
1 4 5 6 9
0 1 1 0 1
29
41 45 46 48 50 52 54 55 61 62 63 68 69 78 80 82 85 86 88 90 92 93 97 103 104 106 108 110 117
1 1 1 1 1 1 1 1 1 1 1 1 1 1 1 1 1 1 1 1 0 1 1 1 1 1 1 1 1
41
11 14 15 17 21 22 25 30 31 36 37 39 41 45 46 48 50 52 54 55 61 62 63 68 69 78 80 82 85 86 88 90 92 93 97 103 104 106 108 110 117
1 1 1 1 1 1 1 1 1 1 0 1 1 0 1 0 1 0 1 1 1 1 1 1 1 1 0 1 1 1 1 0 1 0 1 1 1 0 1 0 1
22
1 4 5 6 9 11 14 15 17 21 22 25 30 31 36 37 39 41 45 46 48 50
1 1 1 1 1 1 1 1 1 1 1 1 1 1 1 1 1 1 1 1 0 0
5
1 4 5 6 9
1 1 1 0 1
46
1 4 5 6 9 11 14 15 17 21 22 25 30 31 36 37 39 41 45 46 48 50 52 54 55 61 62 63 68 69 78 80 82 85 86 88 90 92 93 97 103 104 106 108 110 117
1 1 0 0 0 0 0 1 0 0 0 0 0 0 0 0 0 1 1 0 1 1 0 0 0 1 0 0 0 1 0 0 0 0 0 0 0 0 0 1 0 1 1 0 1 0
13
1 4 5 6 9 11 14 15 17 21 22 25 30
0 1 1 1 1 1 1 1 1 1 1 1 0
5
1 4 5 6 9
0 1 1 1 1
9
68 69 78 80 82 85 86 88 90
1 1 1 1 0 1 1 0 1
19
61 62 63 68 69 82 85 86 88 90 92 93 97 103 104 106 108 110 117
1 1 1 1 1 0 1 1 0 0 1 1 1 0 0 1 1 1 1
41
11 14 15 17 21 22 25 30 31 36 37 39 41 45 46 48 50 52 54 55 61 62 63 68 69 78 80 82 85 86 88 90 92 93 97 103 104 106 108 110 117
0 1 1 1 1 1 1 1 1 1 1 1 1 1 1 1 1 0 1 1 0 0 1 1 1 1 0 1 1 1 1 1 1 1 1 1 1 1 1 1 1
14
82 85 86 88 90 92 93 97 103 104 106 108 110 117
1 1 0 0 0 1 1 1 0 1 0 0 1 1
5
1 4 5 6 9
1 1 1 0 1
46
1 4 5 6 9 11 14 15 17 21 22 25 30 31 36 37 39 41 45 46 48 50 52 54 55 61 62 63 68 69 78 80 82 85 86 88 90 92 93 97 103 104 106 108 110 117
1 1 1 0 1 1 1 1 1 1 1 1 1 1 1 1 1 1 1 1 1 1 1 1 1 1 1 1 1 1 1 1 0 1 1 1 1 1 1 1 1 1 1 1 1 1
46
1 4 5 6 9 11 14 15 17 21 22 25 30 31 36 37 39 41 45 46 48 50 52 54 55 61 62 63 68 69 78 80 82 85 86 88 90 92 93 97 103 104 106 108 110 117
0 1 1 1 0 1 1 1 1 1 0 0 0 0 0 0 1 0 0 0 1 0 0 1 1 0 0 1 1 0 1 0 1 0 0 0 0 1 0 0 1 0 0 0 1 1
33
31 36 37 39 41 45 46 48 50 52 54 55 61 62 63 68 69 78 80 82 85 86 88 90 92 93 97 103 104 106 108 110 117
0 1 1 0 1 1 1 1 1 1 1 1 1 1 1 1 1 1 1 1 1 0 1 0 1 1 1 1 1 1 1 1 1
11
31 36 37 39 78 80 82 85 86 88 90
1 1 0 1 1 0 1 1 0 0 1
46
1 4 5 6 9 11 14 15 17 21 22 25 30 31 36 37 39 41 45 46 48 50 52 54 55 61 62 63 68 69 78 80 82 85 86 88 90 92 93 97 103 104 106 108 110 117
0 0 1 0 0 0 0 0 1 0 1 0 0 0 1 0 1 0 0 0 1 0 1 1 1 0 0 0 1 0 1 0 1 0 0 0 0 1 0 0 1 0 0 0 0 1
46
1 4 5 6 9 11 14 15 17 21 22 25 30 31 36 37 39 41 45 46 48 50 52 54 55 61 62 63 68 69 78 80 82 85 86 88 90 92 93 97 103 104 106 108 110 117
1 0 1 1 0 0 0 0 0 1 1 0 1 0 0 0 0 0 0 0 1 0 0 0 1 0 0 0 1 0 1 0 0 0 0 0 0 1 1 1 0 0 0 0 0 1
41
11 14 15 17 21 22 25 30 31 36 37 39 41 45 46 48 50 52 54 55 61 62 63 68 69 78 80 82 85 86 88 90 92 93 97 103 104 106 108 110 117
1 1 1 0 1 1 1 1 1 1 1 1 1 1 1 1 1 1 1 1 1 1 1 1 1 1 1 1 1 1 1 1 1 1 1 1 1 1 1 1 1
33
31 36 37 39 41 45 46 48 50 52 54 55 61 62 63 68 69 78 80 82 85 86 88 90 92 93 97 103 104 106 108 110 117
1 1 1 1 1 1 1 1 1 0 0 1 1 1 1 1 0 1 1 1 1 1 1 1 1 1 1 1 1 1 1 1 1
5
1 4 5 6 9
0 0 1 1 1
37
21 22 25 30 31 36 37 39 41 45 46 48 50 52 54 55 61 62 63 68 69 78 80 82 85 86 88 90 92 93 97 103 104 106 108 110 117
0 1 1 1 1 1 1 1 1 1 1 1 1 0 1 1 1 0 1 1 1 1 1 1 1 1 1 1 1 1 1 1 1 1 1 1 1
41
1 4 5 6 9 11 14 15 17 21 22 25 30 31 36 37 39 41 45 46 48 50 61 62 63 68 69 78 80 82 85 86 88 90 92 93 97 103 104 106 108
0 1 1 0 1 1 1 1 1 1 0 0 0 0 1 1 0 1 1 1 1 0 1 1 1 1 1 1 0 1 1 0 0 1 1 0 1 0 1 1 0
29
41 45 46 48 50 52 54 55 61 62 63 68 69 78 80 82 85 86 88 90 92 93 97 103 104 106 108 110 117
0 1 0 1 0 1 0 1 1 0 0 1 0 1 1 1 0 1 1 1 1 0 0 0 0 0 0 0 1
9
1 4 5 6 11 14 15 21 22
1 1 1 1 0 1 1 1 1
13
1 4 5 6 9 11 14 15 17 21 22 25 30
0 0 1 1 0 1 0 0 1 0 1 0 0
39
11 14 15 17 21 22 25 30 31 36 37 39 41 45 46 48 50 52 54 55 61 62 63 68 69 78 80 82 85 86 88 90 92 93 97 103 104 106 108
1 1 1 1 1 1 1 1 1 1 1 1 1 1 1 1 1 1 1 1 1 0 1 1 1 1 1 1 1 1 0 1 1 1 1 1 0 1 1
5
1 4 5 6 9
0 1 1 1 0
5
1 4 5 6 9
1 1 1 1 0
39
11 14 15 17 21 22 25 30 31 36 37 39 41 45 46 48 50 52 54 55 61 62 63 68 69 78 80 82 85 86 88 90 92 93 97 103 104 106 108
0 0 0 1 0 1 0 0 0 1 1 1 0 0 1 1 0 1 0 0 0 0 0 1 0 1 0 1 0 0 1 0 1 0 0 1 0 0 0
13
1 4 5 6 9 11 14 15 17 21 22 25 30
1 0 1 0 1 1 1 1 1 0 1 0 1
13
1 4 5 6 9 11 14 15 17 21 22 25 30
1 0 1 0 1 1 1 1 1 1 1 0 1
13
1 4 5 6 9 11 14 15 17 21 22 25 30
1 1 1 0 0 0 1 0 0 0 1 0 1
14
82 85 86 88 90 92 93 97 103 104 106 108 110 117
1 1 0 0 0 1 1 1 0 1 1 0 0 1
16
78 80 82 85 86 88 90 92 93 97 103 104 106 108 110 117
0 0 0 1 1 1 0 0 1 1 0 1 0 0 1 1
37
21 22 25 30 31 36 37 39 41 45 46 48 50 52 54 55 61 62 63 68 69 78 80 82 85 86 88 90 92 93 97 103 104 106 108 110 117
0 1 1 1 1 1 1 1 1 1 1 1 1 1 1 1 1 1 1 1 1 1 1 1 1 1 1 1 1 1 0 1 1 1 1 1 1
33
31 36 37 39 41 45 46 48 50 52 54 55 61 62 63 68 69 78 80 82 85 86 88 90 92 93 97 103 104 106 108 110 117
1 1 1 1 0 1 0 1 0 0 0 1 0 0 1 1 0 0 0 1 0 0 1 0 0 1 1 1 1 0 0 0 1
46
1 4 5 6 9 11 14 15 17 21 22 25 30 31 36 37 39 41 45 46 48 50 52 54 55 61 62 63 68 69 78 80 82 85 86 88 90 92 93 97 103 104 106 108 110 117
1 1 1 1 1 1 1 1 1 1 1 1 1 0 1 1 1 1 1 1 1 1 1 1 1 1 1 1 1 1 1 0 1 1 1 1 1 1 1 1 0 1 1 1 0 1
46
1 4 5 6 9 11 14 15 17 21 22 25 30 31 36 37 39 41 45 46 48 50 52 54 55 61 62 63 68 69 78 80 82 85 86 88 90 92 93 97 103 104 106 108 110 117
1 1 1 1 1 1 1 1 1 1 1 1 1 0 1 1 1 1 1 1 1 1 1 1 1 0 1 1 1 1 1 1 1 1 1 1 1 1 1 1 1 1 1 1 1 1
46
1 4 5 6 9 11 14 15 17 21 22 25 30 31 36 37 39 41 45 46 48 50 52 54 55 61 62 63 68 69 78 80 82 85 86 88 90 92 93 97 103 104 106 108 110 117
1 1 1 1 1 1 1 1 1 1 1 1 1 1 1 1 1 1 1 1 1 1 1 1 1 1 0 1 1 1 1 1 1 1 0 0 1 1 1 1 0 1 1 1 1 1
37
21 22 25 30 31 36 37 39 41 45 46 48 50 52 54 55 61 62 63 68 69 78 80 82 85 86 88 90 92 93 97 103 104 106 108 110 117
1 1 1 1 1 1 0 1 1 1 1 1 1 1 1 1 1 1 1 1 1 1 1 1 1 1 1 1 1 1 1 1 1 1 1 1 1
29
41 45 46 48 50 52 54 55 61 62 63 68 69 78 80 82 85 86 88 90 92 93 97 103 104 106 108 110 117
0 0 0 1 0 0 0 1 0 0 0 1 1 0 0 1 0 0 0 0 1 0 1 0 0 0 0 0 1
46
1 4 5 6 9 11 14 15 17 21 22 25 30 31 36 37 39 41 45 46 48 50 52 54 55 61 62 63 68 69 78 80 82 85 86 88 90 92 93 97 103 104 106 108 110 117
1 1 1 1 1 1 0 1 1 1 1 1 1 1 1 1 1 1 1 1 1 1 1 1 1 1 1 0 1 1 1 1 1 1 1 1 1 1 1 1 1 1 1 1 1 1
46
1 4 5 6 9 11 14 15 17 21 22 25 30 31 36 37 39 41 45 46 48 50 52 54 55 61 62 63 68 69 78 80 82 85 86 88 90 92 93 97 103 104 106 108 110 117
1 1 1 1 1 1 1 1 1 1 1 1 1 0 1 1 1 1 1 1 1 1 1 1 1 1 0 1 1 1 1 1 1 1 1 1 1 1 1 1 1 1 1 1 1 1
46
1 4 5 6 9 11 14 15 17 21 22 25 30 31 36 37 39 41 45 46 48 50 52 54 55 61 62 63 68 69 78 80 82 85 86 88 90 92 93 97 103 104 106 108 110 117
1 1 1 1 1 0 1 1 1 1 1 1 1 1 1 1 1 1 1 1 1 1 0 1 1 1 1 0 1 1 1 1 0 0 1 1 1 1 1 1 0 0 1 0 1 0
41
11 14 15 17 21 22 25 30 31 36 37 39 41 45 46 48 50 52 54 55 61 62 63 68 69 78 80 82 85 86 88 90 92 93 97 103 104 106 108 110 117
1 1 0 1 1 1 0 0 0 1 0 1 1 0 0 0 0 0 1 0 0 0 1 1 0 1 1 1 1 0 1 1 1 1 1 1 1 1 1 1 1
46
1 4 5 6 9 11 14 15 17 21 22 25 30 31 36 37 39 41 45 46 48 50 52 54 55 61 62 63 68 69 78 80 82 85 86 88 90 92 93 97 103 104 106 108 110 117
1 1 1 1 1 1 1 1 1 1 1 1 1 1 1 1 1 1 1 1 1 1 0 1 1 0 1 1 1 1 1 1 1 1 0 1 1 1 1 1 1 1 1 1 1 0
46
1 4 5 6 9 11 14 15 17 21 22 25 30 31 36 37 39 41 45 46 48 50 52 54 55 61 62 63 68 69 78 80 82 85 86 88 90 92 93 97 103 104 106 108 110 117
1 0 1 0 1 1 1 1 1 1 1 1 1 1 1 1 1 1 1 1 1 1 1 1 1 0 0 1 1 1 1 1 1 1 1 1 1 1 1 1 1 1 1 1 1 1
46
1 4 5 6 9 11 14 15 17 21 22 25 30 31 36 37 39 41 45 46 48 50 52 54 55 61 62 63 68 69 78 80 82 85 86 88 90 92 93 97 103 104 106 108 110 117
0 0 0 0 0 0 0 0 0 0 0 0 0 0 0 0 0 0 1 0 1 0 0 0 1 0 1 1 0 0 0 0 0 1 0 0 0 0 0 0 1 1 0 1 0 0
44
1 4 5 6 9 11 14 15 17 21 22 25 30 31 36 37 39 41 45 46 48 50 52 54 55 61 62 63 68 69 78 80 82 85 86 88 90 92 93 97 103 104 106 108
0 1 1 1 1 1 1 1 1 1 1 1 1 1 1 1 1 1 1 1 1 1 1 1 1 1 1 1 1 1 1 1 1 1 1 0 1 1 1 1 1 1 1 1
42
9 11 14 15 17 21 22 25 30 31 36 37 39 41 45 46 48 50 52 54 55 61 62 63 68 69 78 80 82 85 86 88 90 92 93 97 103 104 106 108 110 117
1 0 1 1 1 1 1 1 1 1 1 1 1 1 1 0 1 1 0 1 1 1 1 0 1 1 1 1 1 1 1 0 1 1 1 1 1 1 1 1 1 1
29
41 45 46 48 50 52 54 55 61 62 63 68 69 78 80 82 85 86 88 90 92 93 97 103 104 106 108 110 117
0 1 0 0 1 0 0 0 1 0 0 0 1 1 0 1 0 0 0 0 1 0 1 1 0 0 0 1 1
46
1 4 5 6 9 11 14 15 17 21 22 25 30 31 36 37 39 41 45 46 48 50 52 54 55 61 62 63 68 69 78 80 82 85 86 88 90 92 93 97 103 104 106 108 110 117
1 1 1 1 1 1 1 1 1 1 1 1 1 1 1 1 1 1 1 1 1 1 1 1 1 1 0 1 1 1 1 1 1 1 1 1 1 1 1 1 1 1 1 1 1 1
37
21 22 25 30 31 36 37 39 41 45 46 48 50 52 54 55 61 62 63 68 69 78 80 82 85 86 88 90 92 93 97 103 104 106 108 110 117
1 1 1 1 0 1 1 0 1 1 1 1 1 1 1 1 1 1 1 1 1 1 1 1 1 1 1 1 1 1 1 1 1 1 1 1 1
9
92 93 97 103 104 106 108 110 117
1 0 0 1 0 0 0 0 1
46
1 4 5 6 9 11 14 15 17 21 22 25 30 31 36 37 39 41 45 46 48 50 52 54 55 61 62 63 68 69 78 80 82 85 86 88 90 92 93 97 103 104 106 108 110 117
1 1 1 1 1 0 0 0 1 1 0 1 0 0 1 1 0 0 0 1 1 0 0 0 1 0 0 1 0 0 1 1 1 0 0 1 0 1 0 1 1 1 0 0 1 1
46
1 4 5 6 9 11 14 15 17 21 22 25 30 31 36 37 39 41 45 46 48 50 52 54 55 61 62 63 68 69 78 80 82 85 86 88 90 92 93 97 103 104 106 108 110 117
1 1 1 1 1 1 0 1 1 1 1 1 1 0 1 1 1 1 1 1 1 1 1 1 1 1 1 1 1 1 1 1 1 1 1 1 1 1 1 1 1 1 0 1 1 1
29
41 45 46 48 50 52 54 55 61 62 63 68 69 78 80 82 85 86 88 90 92 93 97 103 104 106 108 110 117
1 1 1 1 1 0 1 1 0 1 1 1 1 1 1 1 1 1 1 1 1 1 1 1 1 1 1 1 1
13
1 11 14 15 17 21 22 25 30 31 36 37 39
0 1 1 1 1 1 1 0 1 0 1 1 1
5
1 4 5 6 9
1 1 1 0 0
17
52 54 55 61 62 63 68 69 92 93 97 103 104 106 108 110 117
1 1 1 1 1 1 1 1 1 1 1 0 1 0 1 0 1
5
1 4 5 6 9
0 0 1 1 1
5
1 4 5 6 9
0 1 1 0 0
13
1 4 5 6 9 11 14 15 17 21 22 25 30
0 1 1 1 0 1 1 1 1 1 1 1 0
6
103 104 106 108 110 117
0 1 1 0 0 1
5
1 4 5 6 9
1 1 1 0 1
5
1 4 5 6 9
0 1 1 1 1
5
41 45 46 48 50
1 1 1 1 0
9
1 4 5 6 9 11 14 15 17
1 0 1 0 0 1 1 1 1
5
1 4 5 6 9
0 1 1 1 1
46
1 4 5 6 9 11 14 15 17 21 22 25 30 31 36 37 39 41 45 46 48 50 52 54 55 61 62 63 68 69 78 80 82 85 86 88 90 92 93 97 103 104 106 108 110 117
0 1 1 1 1 1 0 1 1 0 1 1 1 1 1 1 0 1 1 1 1 0 0 1 1 1 0 1 1 1 1 0 1 0 0 1 0 1 1 1 0 1 0 0 1 0
46
1 4 5 6 9 11 14 15 17 21 22 25 30 31 36 37 39 41 45 46 48 50 52 54 55 61 62 63 68 69 78 80 82 85 86 88 90 92 93 97 103 104 106 108 110 117
1 1 1 0 1 1 1 1 1 1 1 1 1 1 1 1 1 1 0 1 1 1 0 1 1 1 1 1 1 1 1 0 1 1 1 0 1 1 1 1 1 1 0 1 1 1
46
1 4 5 6 9 11 14 15 17 21 22 25 30 31 36 37 39 41 45 46 48 50 52 54 55 61 62 63 68 69 78 80 82 85 86 88 90 92 93 97 103 104 106 108 110 117
1 1 1 1 1 1 1 1 1 1 1 0 1 1 1 1 1 1 1 1 1 1 1 1 1 1 0 1 1 1 1 0 1 1 1 1 1 1 1 1 1 1 1 1 0 1
9
1 4 5 6 9 11 14 15 17
1 1 1 1 1 1 1 0 1
46
1 4 5 6 9 11 14 15 17 21 22 25 30 31 36 37 39 41 45 46 48 50 52 54 55 61 62 63 68 69 78 80 82 85 86 88 90 92 93 97 103 104 106 108 110 117
1 1 1 1 1 1 1 1 1 1 1 1 1 1 1 1 1 1 1 1 1 1 1 1 1 1 1 1 1 1 1 0 1 1 1 1 1 1 1 1 1 0 1 1 1 1
29
41 45 46 48 50 52 54 55 61 62 63 68 69 78 80 82 85 86 88 90 92 93 97 103 104 106 108 110 117
1 1 0 1 0 0 0 0 0 1 0 0 1 0 0 1 0 0 0 0 0 0 1 0 1 0 0 0 1
46
1 4 5 6 9 11 14 15 17 21 22 25 30 31 36 37 39 41 45 46 48 50 52 54 55 61 62 63 68 69 78 80 82 85 86 88 90 92 93 97 103 104 106 108 110 117
1 1 1 1 1 1 1 1 1 1 1 1 1 0 1 1 1 1 1 1 1 1 1 1 1 0 1 1 1 1 1 1 0 1 1 1 0 1 1 1 1 1 1 1 1 1
5
1 4 5 6 9
0 0 1 1 0
5
1 4 5 6 9
0 0 1 0 0
46
1 4 5 6 9 11 14 15 17 21 22 25 30 31 36 37 39 41 45 46 48 50 52 54 55 61 62 63 68 69 78 80 82 85 86 88 90 92 93 97 103 104 106 108 110 117
0 1 1 0 0 1 1 1 1 1 1 0 1 1 1 1 0 1 0 0 1 0 1 1 1 1 1 1 1 1 1 0 1 1 1 1 1 0 1 1 0 1 0 0 0 0
22
1 4 5 6 9 11 14 15 17 21 22 25 30 31 36 37 39 41 45 46 48 50
1 1 1 0 1 1 1 1 1 1 1 1 0 0 1 0 1 1 1 1 1 0
5
1 4 5 6 9
0 1 1 1 1
37
21 22 25 30 31 36 37 39 41 45 46 48 50 52 54 55 61 62 63 68 69 78 80 82 85 86 88 90 92 93 97 103 104 106 108 110 117
1 1 0 1 1 1 1 1 0 0 0 0 0 1 0 0 0 0 1 1 1 1 0 1 0 0 0 0 0 0 1 0 1 1 0 0 1
46
1 4 5 6 9 11 14 15 17 21 22 25 30 31 36 37 39 41 45 46 48 50 52 54 55 61 62 63 68 69 78 80 82 85 86 88 90 92 93 97 103 104 106 108 110 117
1 1 1 1 1 1 1 1 1 0 1 1 1 1 1 1 1 1 1 1 0 1 1 0 1 1 1 1 1 1 1 1 1 1 1 0 1 0 1 0 1 1 1 1 1 1
46
1 4 5 6 9 11 14 15 17 21 22 25 30 31 36 37 39 41 45 46 48 50 52 54 55 61 62 63 68 69 78 80 82 85 86 88 90 92 93 97 103 104 106 108 110 117
1 1 1 1 1 1 1 0 1 1 1 1 0 1 1 1 1 1 0 1 0 1 1 0 1 1 1 1 1 1 1 0 1 1 1 1 1 1 1 1 1 1 0 0 1 1
22
1 4 5 6 9 11 14 15 17 21 22 25 30 31 36 37 39 41 45 46 48 50
1 0 1 0 0 0 1 0 1 0 1 0 0 0 1 0 1 1 1 1 1 0
5
1 4 5 6 9
1 1 1 0 1
5
82 85 86 88 90
1 1 0 0 0
40
11 14 15 17 21 22 25 30 31 36 37 39 41 45 46 48 52 54 55 61 62 63 68 69 78 80 82 85 86 88 90 92 93 97 103 104 106 108 110 117
0 0 1 0 0 0 0 0 0 0 1 0 0 0 0 0 0 1 0 0 0 0 0 1 0 0 0 1 0 1 0 0 1 0 0 1 0 1 0 1
46
1 4 5 6 9 11 14 15 17 21 22 25 30 31 36 37 39 41 45 46 48 50 52 54 55 61 62 63 68 69 78 80 82 85 86 88 90 92 93 97 103 104 106 108 110 117
1 1 0 0 0 1 0 0 0 1 0 0 0 0 0 1 0 0 0 0 0 0 0 1 1 1 1 0 1 0 0 0 0 1 0 1 0 0 0 1 0 1 0 1 0 0
28
1 4 5 6 9 11 14 15 17 21 22 25 30 31 36 37 39 41 45 46 48 50 78 80 82 85 88 90
0 1 0 1 0 0 1 1 0 1 1 0 1 0 0 1 1 1 1 0 1 0 1 1 1 0 0 0
5
82 85 86 88 90
1 1 0 0 0
7
82 85 86 88 90 110 117
1 0 0 0 1 1 1
5
82 85 86 88 90
0 1 0 1 1
7
82 85 86 88 90 110 117
1 1 0 1 1 1 1
46
1 4 5 6 9 11 14 15 17 21 22 25 30 31 36 37 39 41 45 46 48 50 52 54 55 61 62 63 68 69 78 80 82 85 86 88 90 92 93 97 103 104 106 108 110 117
1 1 1 1 1 0 1 1 1 1 1 1 1 0 1 1 1 1 1 1 1 1 0 0 1 1 1 1 1 1 1 0 1 1 1 1 1 1 1 1 1 1 0 0 1 1
7
82 85 86 88 90 110 117
1 0 1 0 1 1 1
5
1 4 5 6 9
0 1 1 1 0
5
1 4 5 6 9
1 0 1 0 0
6
103 104 106 108 110 117
0 0 0 1 0 1
33
31 36 37 39 41 45 46 48 50 52 54 55 61 62 63 68 69 78 80 82 85 86 88 90 92 93 97 103 104 106 108 110 117
1 1 1 1 1 1 1 1 1 1 1 1 1 1 1 1 1 1 1 1 1 1 0 1 1 1 1 1 1 1 1 1 1
9
1 4 5 6 9 11 14 15 17
1 1 1 0 0 1 1 0 1
17
1 4 5 6 9 11 14 15 17 21 22 25 30 31 36 37 39
1 1 1 0 0 1 0 1 1 1 1 0 1 0 1 1 1
41
11 14 15 17 21 22 25 30 31 36 37 39 41 45 46 48 50 52 54 55 61 62 63 68 69 78 80 82 85 86 88 90 92 93 97 103 104 106 108 110 117
1 1 1 1 1 1 1 1 1 1 1 1 1 1 1 1 1 1 1 1 1 1 0 1 1 1 1 1 1 1 1 1 1 1 1 1 1 1 1 0 1
5
1 4 5 6 9
0 1 1 0 1
10
31 36 37 39 41 45 46 48 50 52
1 1 1 1 1 1 1 1 1 0
13
1 4 5 6 9 11 14 15 17 21 22 25 30
1 1 1 1 1 1 1 0 0 1 1 1 0
17
1 4 5 6 9 11 14 15 17 21 22 25 30 31 36 37 39
0 1 0 0 0 0 0 0 0 0 1 1 0 0 0 0 1
25
1 4 5 6 9 11 14 15 17 21 22 25 30 31 36 37 39 41 45 46 48 50 52 54 55
1 1 1 1 0 0 1 0 1 1 0 0 0 0 1 1 1 1 1 1 1 0 0 0 1
44
1 4 5 6 9 11 14 15 17 21 22 25 31 36 37 39 41 45 46 48 52 54 55 61 62 63 68 69 78 80 82 85 86 88 90 92 93 97 103 104 106 108 110 117
1 1 0 0 0 0 0 0 0 1 0 0 0 0 0 0 0 0 0 1 0 1 1 0 0 1 1 1 0 0 0 0 1 1 0 0 1 0 0 0 1 0 0 1
22
1 4 5 6 9 11 14 15 17 21 22 25 30 31 36 37 39 41 45 46 48 50
0 0 1 0 0 1 1 0 0 0 0 0 0 0 0 0 1 0 1 0 1 1
13
1 4 5 6 9 11 14 15 17 21 22 25 30
1 0 1 0 0 0 1 0 1 1 1 0 1
7
1 4 5 6 9 110 117
0 1 1 0 0 0 1
5
1 4 5 6 9
0 0 1 1 1
5
1 4 5 6 9
0 0 1 1 0
9
92 93 97 103 104 106 108 110 117
1 1 1 0 1 1 0 1 0
17
1 4 5 6 9 11 14 15 17 21 22 25 30 31 36 37 39
1 1 1 1 0 1 1 1 1 1 1 0 0 0 1 1 0
5
1 4 5 6 9
0 1 1 0 0
17
11 14 15 17 21 22 25 30 78 80 92 93 97 103 104 106 108
1 1 1 0 1 1 0 1 0 1 1 0 1 1 1 0 0
9
1 4 5 6 9 11 14 15 17
1 0 1 0 1 1 1 0 1
13
1 4 5 6 9 11 14 15 17 21 22 25 30
0 0 1 0 1 1 1 1 0 0 1 0 1
5
1 4 5 6 9
1 1 1 0 0
5
1 4 5 6 9
0 1 1 0 1
9
1 4 5 6 9 11 14 15 17
0 1 1 1 0 0 1 1 1
5
1 4 5 6 9
1 1 1 1 0
6
103 104 106 108 110 117
0 0 0 0 1 1
46
1 4 5 6 9 11 14 15 17 21 22 25 30 31 36 37 39 41 45 46 48 50 52 54 55 61 62 63 68 69 78 80 82 85 86 88 90 92 93 97 103 104 106 108 110 117
0 0 1 0 0 0 0 1 1 0 1 0 0 0 0 0 1 0 0 0 1 1 1 0 0 0 0 1 1 0 0 0 0 1 0 0 0 0 1 0 0 1 1 1 1 0
46
1 4 5 6 9 11 14 15 17 21 22 25 30 31 36 37 39 41 45 46 48 50 52 54 55 61 62 63 68 69 78 80 82 85 86 88 90 92 93 97 103 104 106 108 110 117
0 1 1 0 0 1 1 1 1 0 1 1 0 0 1 0 1 1 0 1 0 1 0 0 0 1 0 1 1 1 1 1 0 0 1 1 0 1 0 1 0 1 1 0 0 1
30
1 4 5 6 9 11 14 15 17 21 22 25 30 31 36 37 39 41 45 46 48 50 52 54 55 61 62 63 68 69
0 1 1 0 1 1 1 1 1 1 1 1 0 0 1 0 0 1 0 1 1 0 0 0 0 1 0 0 1 1
37
21 22 25 30 31 36 37 39 41 45 46 48 50 52 54 55 61 62 63 68 69 78 80 82 85 86 88 90 92 93 97 103 104 106 108 110 117
1 1 1 1 1 1 0 1 1 1 1 0 1 1 1 1 0 1 1 1 1 0 1 1 1 1 0 1 1 0 1 0 1 0 0 1 0
24
52 54 55 61 62 63 68 69 78 80 82 85 86 88 90 92 93 97 103 104 106 108 110 117
0 0 1 0 0 1 1 0 1 1 1 1 0 0 1 0 0 1 1 1 0 0 1 1
10
1 4 5 6 9 11 14 15 17 110
1 0 1 1 1 1 1 0 1 0
6
11 14 15 17 110 117
1 1 0 1 0 1
5
1 4 5 6 9
0 0 1 0 0
32
1 4 5 6 9 11 14 15 17 21 22 25 30 31 36 37 39 41 45 46 48 50 52 54 55 61 62 63 68 69 78 80
0 0 1 0 1 1 1 0 1 1 1 0 0 0 1 1 0 1 1 1 1 0 1 1 0 0 1 0 0 1 1 1
5
1 4 5 6 9
0 0 1 0 1
5
1 4 5 6 9
1 1 1 0 1
5
1 4 5 6 9
0 0 1 1 1
32
11 14 15 17 21 22 25 30 31 36 37 39 41 45 46 48 50 52 54 55 61 62 63 68 69 78 80 82 85 86 88 90
1 1 1 1 1 1 1 1 0 1 1 1 1 1 1 1 1 1 1 1 1 1 1 1 1 1 0 1 1 1 1 1
17
1 4 5 6 9 11 14 15 17 21 22 25 30 31 36 37 39
0 1 1 0 0 1 1 0 1 0 0 0 0 0 0 0 0
13
1 4 5 6 9 11 14 15 17 21 22 25 30
0 0 1 1 0 1 0 1 0 0 1 0 1
20
11 14 15 17 21 22 25 30 31 36 37 39 41 45 46 48 50 52 54 55
1 1 1 1 1 1 1 1 1 1 0 0 1 1 1 0 1 0 0 1
25
1 4 5 6 9 11 14 15 17 21 22 25 30 31 36 37 39 41 45 46 48 50 52 54 55
1 1 1 0 1 1 1 0 0 1 0 0 0 0 1 1 0 0 1 0 0 0 0 0 0
9
1 4 5 6 9 11 14 15 17
0 0 1 0 0 1 0 0 0
25
1 4 5 6 9 11 14 15 17 21 22 25 30 31 36 37 39 41 45 46 48 50 52 54 55
1 1 1 1 0 1 1 1 1 0 1 1 0 0 1 1 0 1 0 1 1 0 0 0 1
9
1 4 5 6 9 11 14 15 17
0 1 1 0 1 1 1 1 1
25
1 4 5 6 9 11 14 15 17 21 22 25 30 31 36 37 39 41 45 46 48 50 52 54 55
1 1 1 1 0 1 1 1 1 1 1 1 1 0 1 0 1 1 1 1 1 1 0 1 1
13
21 22 25 30 31 36 37 39 41 45 46 48 50
0 0 0 0 0 0 1 0 0 0 0 0 1
7
1 4 5 6 9 11 14
1 1 1 1 0 0 0
42
1 4 5 6 9 21 22 25 30 31 36 37 39 41 45 46 48 50 52 54 55 61 62 63 68 69 78 80 82 85 86 88 90 92 93 97 103 104 106 108 110 117
0 1 1 0 0 1 1 1 0 0 1 1 0 1 1 1 0 1 1 1 1 0 1 0 0 1 1 1 1 1 1 0 1 1 0 1 0 1 0 0 0 1
9
1 4 5 6 9 11 14 15 17
0 1 1 0 1 1 1 1 1
18
1 4 5 6 9 11 14 15 17 21 22 25 30 41 45 46 48 50
0 0 1 0 0 1 1 0 0 0 1 0 1 0 0 1 0 0
5
1 4 5 6 9
0 1 1 1 1
46
1 4 5 6 9 11 14 15 17 21 22 25 30 31 36 37 39 41 45 46 48 50 52 54 55 61 62 63 68 69 78 80 82 85 86 88 90 92 93 97 103 104 106 108 110 117
0 0 1 1 0 0 1 0 0 0 1 0 0 0 0 1 0 0 1 1 1 0 1 0 1 0 0 1 0 0 0 0 0 1 0 0 0 0 0 0 0 0 1 0 0 1
22
1 4 5 6 9 11 14 15 17 21 22 25 30 31 36 37 39 41 45 46 48 50
0 1 1 0 1 0 1 1 1 0 1 0 1 1 1 1 0 1 1 1 0 0
46
1 4 5 6 9 11 14 15 17 21 22 25 30 31 36 37 39 41 45 46 48 50 52 54 55 61 62 63 68 69 78 80 82 85 86 88 90 92 93 97 103 104 106 108 110 117
0 1 1 0 0 1 1 0 1 1 1 1 0 0 0 0 1 1 0 1 0 0 0 0 1 1 0 0 1 1 1 0 1 1 0 1 0 1 1 1 0 1 1 1 1 1
46
1 4 5 6 9 11 14 15 17 21 22 25 30 31 36 37 39 41 45 46 48 50 52 54 55 61 62 63 68 69 78 80 82 85 86 88 90 92 93 97 103 104 106 108 110 117
1 0 1 1 1 1 1 1 1 1 1 0 0 0 1 1 1 1 1 1 1 0 0 0 1 0 0 1 1 1 1 0 1 1 0 1 1 1 0 1 0 1 0 0 1 1
37
21 22 25 30 31 36 37 39 41 45 46 48 50 52 54 55 61 62 63 68 69 78 80 82 85 86 88 90 92 93 97 103 104 106 108 110 117
1 1 0 0 1 1 1 1 1 1 1 1 0 1 1 1 1 1 1 1 1 1 1 1 0 0 1 1 1 1 1 0 1 1 1 1 1
11
1 4 5 6 9 11 14 15 17 22 25
0 1 1 0 1 1 1 1 1 1 1
16
1 4 5 6 9 11 14 15 17 21 22 25 30 31 36 37
1 1 1 1 1 1 1 1 1 0 1 0 0 0 0 1
5
1 4 5 6 9
0 1 1 1 1
5
1 4 5 6 9
0 1 1 1 1
46
1 4 5 6 9 11 14 15 17 21 22 25 30 31 36 37 39 41 45 46 48 50 52 54 55 61 62 63 68 69 78 80 82 85 86 88 90 92 93 97 103 104 106 108 110 117
1 1 1 1 1 1 0 1 1 1 1 1 0 1 1 0 1 1 0 1 0 0 0 0 1 1 0 0 1 0 1 1 1 1 0 1 1 0 0 1 0 1 0 0 0 1
9
1 4 5 6 9 11 14 15 17
1 1 1 1 0 1 1 0 0
5
1 4 5 6 9
0 1 1 1 0
29
52 54 55 61 62 63 68 69 78 80 82 85 86 88 90 92 93 97 103 104 106 108 110 117 1 4 5 6 9
0 0 1 1 0 0 1 0 1 0 1 1 0 0 1 1 0 1 0 0 1 1 1 1 1 1 1 1 0
5
1 4 5 6 9
0 0 1 1 1
8
21 22 25 30 31 36 37 39
1 0 1 1 0 1 1 0
16
21 22 25 30 31 36 37 39 41 45 46 48 50 52 54 55
1 1 1 1 0 1 1 1 0 0 1 1 0 1 0 1
46
1 4 5 6 9 11 14 15 17 21 22 25 30 31 36 37 39 41 45 46 48 50 52 54 55 61 62 63 68 69 78 80 82 85 86 88 90 92 93 97 103 104 106 108 110 117
1 0 0 1 0 0 1 1 1 1 0 0 0 0 1 1 1 0 1 0 0 1 0 0 1 0 1 0 1 0 0 0 0 0 0 0 0 0 0 1 1 1 0 0 0 1
7
1 4 5 6 9 110 117
0 1 1 0 1 1 1
46
1 4 5 6 9 11 14 15 17 21 22 25 30 31 36 37 39 41 45 46 48 50 52 54 55 61 62 63 68 69 78 80 82 85 86 88 90 92 93 97 103 104 106 108 110 117
1 1 1 0 1 1 1 1 1 1 1 1 1 1 1 1 1 1 1 1 0 0 0 0 1 0 1 0 1 0 1 0 1 0 0 1 0 0 0 1 0 0 1 1 0 1
37
21 22 25 30 31 36 37 39 41 45 46 48 50 52 54 55 61 62 63 68 69 78 80 82 85 86 88 90 92 93 97 103 104 106 108 110 117
0 1 0 0 0 0 0 1 0 0 1 0 0 0 1 1 0 0 1 1 0 1 0 0 0 1 0 0 0 1 0 0 0 0 0 0 1
9
1 4 5 6 9 11 14 15 17
0 1 1 0 0 1 1 0 0
5
1 4 5 6 9
0 0 1 0 0
9
1 4 5 6 9 11 14 15 17
0 1 1 1 0 1 1 0 1
5
1 4 5 6 9
0 1 1 0 0
13
1 4 5 6 9 11 14 15 17 21 22 25 30
1 1 0 0 1 0 0 0 0 1 1 0 0
9
1 4 5 6 9 11 14 15 17
0 0 1 0 1 1 1 1 0
46
1 4 5 6 9 11 14 15 17 21 22 25 30 31 36 37 39 41 45 46 48 50 52 54 55 61 62 63 68 69 78 80 82 85 86 88 90 92 93 97 103 104 106 108 110 117
1 1 1 1 1 1 1 1 1 1 1 1 1 1 1 1 1 1 1 1 1 1 0 0 1 1 1 1 1 1 1 0 1 1 0 1 1 1 1 0 1 1 1 1 1 0
46
1 4 5 6 9 11 14 15 17 21 22 25 30 31 36 37 39 41 45 46 48 50 52 54 55 61 62 63 68 69 78 80 82 85 86 88 90 92 93 97 103 104 106 108 110 117
0 1 0 0 0 0 0 0 0 0 0 1 0 0 0 1 0 0 0 0 1 1 0 1 1 0 1 0 0 1 0 0 0 1 1 0 0 0 1 0 0 1 1 0 1 1
25
1 4 5 6 9 11 14 15 17 21 22 25 30 31 36 37 39 41 45 46 48 50 52 54 55
1 1 1 0 1 1 1 1 1 0 1 0 1 0 1 0 0 1 1 1 0 0 1 0 1
46
1 4 5 6 9 11 14 15 17 21 22 25 30 31 36 37 39 41 45 46 48 50 52 54 55 61 62 63 68 69 78 80 82 85 86 88 90 92 93 97 103 104 106 108 110 117
1 1 1 1 1 1 1 0 1 1 1 1 0 0 1 0 1 1 0 1 1 0 1 0 1 1 1 1 1 1 1 1 1 0 1 0 1 1 1 1 1 1 0 1 1 1
5
1 4 5 6 9
0 1 1 0 1
5
1 4 5 6 9
1 0 1 0 1
9
1 4 5 6 9 21 22 25 30
1 1 1 0 1 0 1 1 1
9
92 93 97 103 104 106 108 110 117
0 0 1 0 0 1 0 0 0
25
1 4 5 6 9 11 14 15 17 21 22 25 30 31 36 37 39 41 45 46 48 50 52 54 55
1 1 0 1 1 1 1 1 1 1 1 0 1 0 1 1 1 1 1 1 1 1 1 1 1
46
1 4 5 6 9 11 14 15 17 21 22 25 30 31 36 37 39 41 45 46 48 50 52 54 55 61 62 63 68 69 78 80 82 85 86 88 90 92 93 97 103 104 106 108 110 117
1 0 1 1 1 1 1 1 1 1 1 1 1 1 1 1 1 1 1 1 1 1 1 1 1 1 1 1 1 1 1 1 1 1 1 1 1 1 1 1 1 1 1 1 1 1
46
1 4 5 6 9 11 14 15 17 21 22 25 30 31 36 37 39 41 45 46 48 50 52 54 55 61 62 63 68 69 78 80 82 85 86 88 90 92 93 97 103 104 106 108 110 117
1 0 1 1 0 1 1 1 1 1 1 1 1 1 1 1 1 1 1 1 1 1 1 1 1 0 1 1 1 1 1 1 1 1 1 0 1 1 1 1 1 1 0 0 1 1
46
1 4 5 6 9 11 14 15 17 21 22 25 30 31 36 37 39 41 45 46 48 50 52 54 55 61 62 63 68 69 78 80 82 85 86 88 90 92 93 97 103 104 106 108 110 117
0 1 1 1 1 1 1 1 1 1 1 1 1 1 1 1 1 1 1 1 1 1 1 1 1 1 1 1 1 1 1 1 1 1 1 1 1 1 1 1 1 1 1 1 1 1
46
1 4 5 6 9 11 14 15 17 21 22 25 30 31 36 37 39 41 45 46 48 50 52 54 55 61 62 63 68 69 78 80 82 85 86 88 90 92 93 97 103 104 106 108 110 117
1 0 1 1 1 1 0 1 1 1 1 1 1 0 0 1 0 1 1 1 1 0 1 1 1 1 0 0 1 1 1 0 0 0 0 1 1 1 1 1 1 1 1 0 1 1
46
1 4 5 6 9 11 14 15 17 21 22 25 30 31 36 37 39 41 45 46 48 50 52 54 55 61 62 63 68 69 78 80 82 85 86 88 90 92 93 97 103 104 106 108 110 117
0 0 1 0 1 1 0 1 1 1 1 1 1 0 1 1 0 1 1 1 1 1 1 1 1 0 1 1 1 1 1 1 1 1 1 0 1 1 1 0 0 1 1 1 1 1
46
1 4 5 6 9 11 14 15 17 21 22 25 30 31 36 37 39 41 45 46 48 50 52 54 55 61 62 63 68 69 78 80 82 85 86 88 90 92 93 97 103 104 106 108 110 117
1 1 1 0 1 1 1 1 1 1 1 0 1 1 1 1 1 1 1 1 1 1 1 1 1 1 1 1 1 1 1 1 1 1 1 1 1 1 1 1 1 1 1 1 1 1
46
1 4 5 6 9 11 14 15 17 21 22 25 30 31 36 37 39 41 45 46 48 50 52 54 55 61 62 63 68 69 78 80 82 85 86 88 90 92 93 97 103 104 106 108 110 117
0 1 1 1 1 1 1 1 1 1 1 1 1 1 1 1 1 1 1 1 1 1 1 1 1 1 1 0 1 1 1 0 1 1 1 1 1 1 1 1 1 1 0 1 1 1
46
1 4 5 6 9 11 14 15 17 21 22 25 30 31 36 37 39 41 45 46 48 50 52 54 55 61 62 63 68 69 78 80 82 85 86 88 90 92 93 97 103 104 106 108 110 117
0 0 1 1 1 1 1 1 0 1 1 1 1 1 1 1 1 1 1 1 1 1 0 1 1 1 1 0 1 1 1 0 1 1 1 0 1 1 1 1 0 1 1 1 1 1
43
1 4 5 6 9 11 14 15 17 21 22 25 30 31 36 37 39 41 45 46 48 50 52 54 55 61 62 63 68 69 78 80 82 85 86 88 90 103 104 106 108 110 117
0 1 0 1 1 1 1 1 0 1 1 0 1 0 0 1 0 1 0 1 0 1 1 1 1 0 0 1 1 0 1 1 1 0 0 1 0 0 0 0 0 0 1
46
1 4 5 6 9 11 14 15 17 21 22 25 30 31 36 37 39 41 45 46 48 50 52 54 55 61 62 63 68 69 78 80 82 85 86 88 90 92 93 97 103 104 106 108 110 117
0 1 1 1 1 1 1 1 0 1 1 1 1 0 1 0 0 1 1 1 1 0 0 1 1 0 1 0 0 0 1 0 1 0 1 1 0 0 1 1 0 1 1 0 0 1
46
1 4 5 6 9 11 14 15 17 21 22 25 30 31 36 37 39 41 45 46 48 50 52 54 55 61 62 63 68 69 78 80 82 85 86 88 90 92 93 97 103 104 106 108 110 117
1 0 1 0 0 1 1 1 1 1 1 1 1 1 1 1 1 0 1 1 1 1 1 1 1 1 1 1 1 1 1 0 1 1 1 1 1 1 1 1 1 1 1 1 1 1
46
1 4 5 6 9 11 14 15 17 21 22 25 30 31 36 37 39 41 45 46 48 50 52 54 55 61 62 63 68 69 78 80 82 85 86 88 90 92 93 97 103 104 106 108 110 117
1 1 1 1 1 0 1 1 1 1 1 1 1 1 1 1 1 1 1 1 1 1 1 1 1 0 0 1 1 1 1 1 0 1 1 1 1 1 1 1 0 1 1 1 1 1
46
1 4 5 6 9 11 14 15 17 21 22 25 30 31 36 37 39 41 45 46 48 50 52 54 55 61 62 63 68 69 78 80 82 85 86 88 90 92 93 97 103 104 106 108 110 117
1 1 1 1 1 1 1 1 1 1 1 1 1 1 1 1 1 1 1 1 1 1 1 1 1 1 1 1 1 1 1 1 1 1 0 1 1 1 1 1 1 1 1 1 1 1
46
1 4 5 6 9 11 14 15 17 21 22 25 30 31 36 37 39 41 45 46 48 50 52 54 55 61 62 63 68 69 78 80 82 85 86 88 90 92 93 97 103 104 106 108 110 117
1 1 1 1 1 1 1 1 1 1 1 1 1 1 1 1 1 1 1 1 1 1 0 1 1 1 1 1 1 1 1 1 1 1 1 1 1 1 1 1 1 1 1 1 1 1
46
1 4 5 6 9 11 14 15 17 21 22 25 30 31 36 37 39 41 45 46 48 50 52 54 55 61 62 63 68 69 78 80 82 85 86 88 90 92 93 97 103 104 106 108 110 117
0 1 1 0 0 1 1 1 1 1 1 1 0 0 1 1 1 1 1 1 1 1 1 1 1 1 1 1 1 1 1 1 1 1 1 1 1 1 1 1 1 1 1 1 1 1
46
1 4 5 6 9 11 14 15 17 21 22 25 30 31 36 37 39 41 45 46 48 50 52 54 55 61 62 63 68 69 78 80 82 85 86 88 90 92 93 97 103 104 106 108 110 117
1 1 1 1 1 1 1 1 1 1 1 1 1 1 1 1 1 1 1 1 1 1 1 1 1 1 0 1 1 1 1 1 1 1 1 1 1 1 1 1 1 1 1 1 1 1
46
1 4 5 6 9 11 14 15 17 21 22 25 30 31 36 37 39 41 45 46 48 50 52 54 55 61 62 63 68 69 78 80 82 85 86 88 90 92 93 97 103 104 106 108 110 117
1 1 1 0 1 1 1 1 1 0 1 0 1 1 1 1 1 1 0 0 1 1 0 0 1 1 1 1 1 1 1 1 1 1 1 1 1 1 1 1 1 1 0 1 1 1
46
1 4 5 6 9 11 14 15 17 21 22 25 30 31 36 37 39 41 45 46 48 50 52 54 55 61 62 63 68 69 78 80 82 85 86 88 90 92 93 97 103 104 106 108 110 117
1 1 1 1 1 1 1 1 1 1 1 1 1 1 1 1 1 1 1 1 1 1 0 1 1 0 1 1 1 1 1 1 0 1 1 1 1 1 1 1 1 1 1 1 1 1
46
1 4 5 6 9 11 14 15 17 21 22 25 30 31 36 37 39 41 45 46 48 50 52 54 55 61 62 63 68 69 78 80 82 85 86 88 90 92 93 97 103 104 106 108 110 117
1 1 1 1 1 0 1 1 1 1 1 1 1 1 1 1 1 1 1 1 1 1 1 1 1 1 1 1 1 1 1 1 1 1 1 1 1 1 1 1 1 1 1 1 1 1
46
1 4 5 6 9 11 14 15 17 21 22 25 30 31 36 37 39 41 45 46 48 50 52 54 55 61 62 63 68 69 78 80 82 85 86 88 90 92 93 97 103 104 106 108 110 117
1 1 1 1 1 1 1 1 1 1 1 1 1 0 1 1 1 1 1 1 1 1 1 1 1 1 1 1 1 1 1 1 1 1 1 1 1 1 1 1 1 1 1 1 1 1
46
1 4 5 6 9 11 14 15 17 21 22 25 30 31 36 37 39 41 45 46 48 50 52 54 55 61 62 63 68 69 78 80 82 85 86 88 90 92 93 97 103 104 106 108 110 117
1 1 1 0 1 1 1 1 1 1 1 1 1 1 1 1 1 1 1 1 1 1 1 1 0 1 0 1 1 1 1 1 1 1 1 1 1 1 1 1 1 1 1 1 1 1
46
1 4 5 6 9 11 14 15 17 21 22 25 30 31 36 37 39 41 45 46 48 50 52 54 55 61 62 63 68 69 78 80 82 85 86 88 90 92 93 97 103 104 106 108 110 117
1 1 1 1 1 1 1 1 1 1 1 1 1 0 1 1 1 1 1 1 1 1 1 1 1 0 1 1 1 1 1 1 1 1 1 1 1 1 1 1 1 1 1 1 1 1
46
1 4 5 6 9 11 14 15 17 21 22 25 30 31 36 37 39 41 45 46 48 50 52 54 55 61 62 63 68 69 78 80 82 85 86 88 90 92 93 97 103 104 106 108 110 117
1 1 1 1 1 1 1 1 1 1 1 1 1 1 1 1 1 1 1 1 1 1 1 1 1 1 0 1 1 1 1 1 1 1 1 1 1 1 1 1 1 1 1 1 1 1
46
1 4 5 6 9 11 14 15 17 21 22 25 30 31 36 37 39 41 45 46 48 50 52 54 55 61 62 63 68 69 78 80 82 85 86 88 90 92 93 97 103 104 106 108 110 117
1 1 1 1 1 1 0 1 1 1 1 0 0 0 1 1 1 1 1 1 1 1 1 1 1 1 1 1 1 1 1 1 1 1 1 1 1 1 1 1 0 1 1 1 1 1
46
1 4 5 6 9 11 14 15 17 21 22 25 30 31 36 37 39 41 45 46 48 50 52 54 55 61 62 63 68 69 78 80 82 85 86 88 90 92 93 97 103 104 106 108 110 117
0 0 1 0 0 0 1 1 0 1 1 0 0 0 1 0 0 0 0 0 1 1 0 0 1 0 0 0 0 1 1 0 0 1 0 1 0 0 1 1 0 0 0 1 1 0
46
1 4 5 6 9 11 14 15 17 21 22 25 30 31 36 37 39 41 45 46 48 50 52 54 55 61 62 63 68 69 78 80 82 85 86 88 90 92 93 97 103 104 106 108 110 117
0 0 1 0 1 1 1 0 1 1 1 0 0 0 1 0 1 1 0 1 1 0 0 0 1 1 1 1 1 1 1 1 1 1 1 1 1 1 0 1 1 1 1 1 1 1
46
1 4 5 6 9 11 14 15 17 21 22 25 30 31 36 37 39 41 45 46 48 50 52 54 55 61 62 63 68 69 78 80 82 85 86 88 90 92 93 97 103 104 106 108 110 117
0 1 1 1 1 1 1 1 1 1 1 1 1 0 1 1 1 1 1 1 1 1 1 1 1 0 1 1 1 1 1 0 1 1 1 1 1 1 1 1 1 1 0 1 1 1
46
1 4 5 6 9 11 14 15 17 21 22 25 30 31 36 37 39 41 45 46 48 50 52 54 55 61 62 63 68 69 78 80 82 85 86 88 90 92 93 97 103 104 106 108 110 117
0 1 1 1 1 1 1 1 1 1 1 1 1 1 1 1 1 1 1 1 1 1 0 1 1 1 1 1 1 1 1 1 1 1 1 1 1 1 1 1 1 1 0 1 1 1
42
1 4 5 6 9 11 14 15 17 21 22 25 30 31 36 37 39 41 45 46 48 50 52 54 55 61 62 63 68 69 78 80 82 85 86 88 90 92 93 97 110 117
1 1 1 1 1 1 1 1 1 1 1 1 1 0 1 1 1 1 1 1 1 1 1 1 1 1 1 1 1 1 0 1 1 1 1 1 1 1 1 1 1 1
46
1 4 5 6 9 11 14 15 17 21 22 25 30 31 36 37 39 41 45 46 48 50 52 54 55 61 62 63 68 69 78 80 82 85 86 88 90 92 93 97 103 104 106 108 110 117
1 1 1 1 1 1 1 1 1 1 1 1 1 1 1 1 1 1 1 1 1 1 1 1 1 1 1 1 1 1 1 1 1 1 1 0 0 1 1 1 1 1 1 1 1 1
46
1 4 5 6 9 11 14 15 17 21 22 25 30 31 36 37 39 41 45 46 48 50 52 54 55 61 62 63 68 69 78 80 82 85 86 88 90 92 93 97 103 104 106 108 110 117
0 0 1 1 1 0 1 1 1 0 1 1 1 0 1 1 1 1 1 1 1 1 1 1 1 1 1 1 1 1 1 1 1 1 1 1 1 1 1 1 1 1 1 1 1 1
46
1 4 5 6 9 11 14 15 17 21 22 25 30 31 36 37 39 41 45 46 48 50 52 54 55 61 62 63 68 69 78 80 82 85 86 88 90 92 93 97 103 104 106 108 110 117
0 1 1 0 1 1 1 1 1 1 1 0 0 1 1 1 1 1 1 1 1 0 1 0 0 1 1 1 1 1 1 0 1 1 1 0 1 1 1 1 1 0 0 1 0 1
46
1 4 5 6 9 11 14 15 17 21 22 25 30 31 36 37 39 41 45 46 48 50 52 54 55 61 62 63 68 69 78 80 82 85 86 88 90 92 93 97 103 104 106 108 110 117
1 1 1 1 1 1 1 1 1 1 1 1 1 0 1 1 1 1 1 1 1 1 1 1 1 1 1 1 1 1 1 1 1 1 1 1 1 1 1 1 1 1 1 1 1 1
46
1 4 5 6 9 11 14 15 17 21 22 25 30 31 36 37 39 41 45 46 48 50 52 54 55 61 62 63 68 69 78 80 82 85 86 88 90 92 93 97 103 104 106 108 110 117
1 1 1 1 1 1 1 1 1 1 1 1 1 0 1 0 1 1 1 1 1 1 0 0 1 1 1 1 0 0 1 1 1 1 1 1 1 1 1 1 0 1 0 1 1 0
46
1 4 5 6 9 11 14 15 17 21 22 25 30 31 36 37 39 41 45 46 48 50 52 54 55 61 62 63 68 69 78 80 82 85 86 88 90 92 93 97 103 104 106 108 110 117
1 1 1 1 1 1 1 1 1 1 1 1 1 1 1 1 1 1 1 1 1 1 1 1 1 1 1 0 1 1 1 1 0 1 1 1 1 1 1 1 1 1 1 1 1 1
46
1 4 5 6 9 11 14 15 17 21 22 25 30 31 36 37 39 41 45 46 48 50 52 54 55 61 62 63 68 69 78 80 82 85 86 88 90 92 93 97 103 104 106 108 110 117
0 1 1 1 1 1 1 1 1 0 1 1 1 1 1 1 1 1 1 1 1 1 1 1 1 1 1 1 1 1 1 1 1 1 1 1 1 1 0 1 1 1 1 1 1 1
46
1 4 5 6 9 11 14 15 17 21 22 25 30 31 36 37 39 41 45 46 48 50 52 54 55 61 62 63 68 69 78 80 82 85 86 88 90 92 93 97 103 104 106 108 110 117
0 0 1 0 1 0 0 0 0 0 1 1 1 0 1 1 1 1 1 1 1 1 1 1 1 1 1 1 1 1 1 1 1 1 1 0 1 1 1 1 1 1 1 1 1 1
46
1 4 5 6 9 11 14 15 17 21 22 25 30 31 36 37 39 41 45 46 48 50 52 54 55 61 62 63 68 69 78 80 82 85 86 88 90 92 93 97 103 104 106 108 110 117
0 1 1 1 1 1 1 1 0 0 0 0 0 1 0 1 0 0 1 0 0 0 0 1 1 1 0 0 1 0 1 1 1 0 0 0 0 1 1 1 0 1 0 0 1 1
46
1 4 5 6 9 11 14 15 17 21 22 25 30 31 36 37 39 41 45 46 48 50 52 54 55 61 62 63 68 69 78 80 82 85 86 88 90 92 93 97 103 104 106 108 110 117
1 1 1 1 1 1 1 1 0 1 1 1 1 1 1 1 1 1 1 1 1 1 0 1 1 1 1 1 1 1 1 1 0 1 1 1 1 1 1 1 1 1 1 1 1 1
46
1 4 5 6 9 11 14 15 17 21 22 25 30 31 36 37 39 41 45 46 48 50 52 54 55 61 62 63 68 69 78 80 82 85 86 88 90 92 93 97 103 104 106 108 110 117
1 1 1 1 1 1 1 1 1 1 1 1 1 1 1 1 1 1 1 1 0 1 1 1 1 1 1 1 1 1 1 0 1 1 1 1 1 1 1 1 1 0 1 1 1 1
46
1 4 5 6 9 11 14 15 17 21 22 25 30 31 36 37 39 41 45 46 48 50 52 54 55 61 62 63 68 69 78 80 82 85 86 88 90 92 93 97 103 104 106 108 110 117
1 1 1 1 0 1 1 1 1 1 1 1 1 1 1 1 1 1 1 1 1 1 0 1 1 0 1 1 1 1 1 1 1 1 1 1 1 1 1 1 1 1 1 1 1 1
46
1 4 5 6 9 11 14 15 17 21 22 25 30 31 36 37 39 41 45 46 48 50 52 54 55 61 62 63 68 69 78 80 82 85 86 88 90 92 93 97 103 104 106 108 110 117
0 0 1 1 0 1 1 1 1 1 1 1 1 0 1 1 1 1 1 1 1 1 1 1 1 1 1 1 1 1 1 1 1 1 1 0 1 1 1 1 1 1 1 1 1 1
46
1 4 5 6 9 11 14 15 17 21 22 25 30 31 36 37 39 41 45 46 48 50 52 54 55 61 62 63 68 69 78 80 82 85 86 88 90 92 93 97 103 104 106 108 110 117
1 1 1 1 1 0 1 1 1 0 1 0 1 0 0 1 1 1 0 0 1 0 1 0 0 0 0 0 1 1 1 1 0 1 1 0 1 1 1 1 0 0 0 0 1 1
46
1 4 5 6 9 11 14 15 17 21 22 25 30 31 36 37 39 41 45 46 48 50 52 54 55 61 62 63 68 69 78 80 82 85 86 88 90 92 93 97 103 104 106 108 110 117
1 1 1 1 1 1 1 1 1 1 1 1 1 1 1 1 1 1 1 1 1 1 1 1 1 0 1 1 1 0 1 0 0 1 0 1 0 0 0 1 1 0 1 0 0 0
46
1 4 5 6 9 11 14 15 17 21 22 25 30 31 36 37 39 41 45 46 48 50 52 54 55 61 62 63 68 69 78 80 82 85 86 88 90 92 93 97 103 104 106 108 110 117
0 1 1 0 0 0 1 0 0 1 1 0 0 0 0 0 0 0 0 0 0 1 0 0 1 1 1 1 1 1 1 1 1 1 1 1 1 1 1 1 1 1 1 1 1 1
46
1 4 5 6 9 11 14 15 17 21 22 25 30 31 36 37 39 41 45 46 48 50 52 54 55 61 62 63 68 69 78 80 82 85 86 88 90 92 93 97 103 104 106 108 110 117
1 1 1 1 1 1 1 1 1 1 1 1 1 0 1 1 1 1 1 1 1 1 1 0 1 1 1 1 1 1 1 0 1 1 0 1 1 1 1 1 1 1 1 0 0 1
46
1 4 5 6 9 11 14 15 17 21 22 25 30 31 36 37 39 41 45 46 48 50 52 54 55 61 62 63 68 69 78 80 82 85 86 88 90 92 93 97 103 104 106 108 110 117
0 0 1 0 1 1 1 0 1 1 1 1 1 1 1 1 1 1 1 1 1 1 1 1 1 1 1 1 1 1 1 1 1 1 0 0 1 1 1 1 1 0 0 0 1 1
46
1 4 5 6 9 11 14 15 17 21 22 25 30 31 36 37 39 41 45 46 48 50 52 54 55 61 62 63 68 69 78 80 82 85 86 88 90 92 93 97 103 104 106 108 110 117
0 1 1 1 0 1 1 1 1 1 1 1 1 0 1 1 1 1 1 1 1 1 1 1 1 1 1 1 1 1 1 1 1 1 1 1 1 1 1 1 1 1 1 1 1 1
46
1 4 5 6 9 11 14 15 17 21 22 25 30 31 36 37 39 41 45 46 48 50 52 54 55 61 62 63 68 69 78 80 82 85 86 88 90 92 93 97 103 104 106 108 110 117
1 1 1 0 0 1 1 1 1 1 1 1 1 1 1 1 1 1 1 1 1 1 1 1 1 1 1 1 1 1 1 1 1 1 1 1 1 1 1 1 1 1 1 1 1 1
46
1 4 5 6 9 11 14 15 17 21 22 25 30 31 36 37 39 41 45 46 48 50 52 54 55 61 62 63 68 69 78 80 82 85 86 88 90 92 93 97 103 104 106 108 110 117
1 0 1 1 1 1 0 1 1 1 1 1 1 1 1 1 1 1 1 1 1 1 1 1 1 1 1 1 1 1 1 1 1 1 1 1 1 1 1 1 1 1 1 1 1 1
46
1 4 5 6 9 11 14 15 17 21 22 25 30 31 36 37 39 41 45 46 48 50 52 54 55 61 62 63 68 69 78 80 82 85 86 88 90 92 93 97 103 104 106 108 110 117
1 1 1 1 1 1 1 1 1 1 1 1 1 1 1 1 1 1 1 1 1 1 1 1 1 1 1 1 1 1 1 1 0 1 1 1 1 1 1 1 1 1 1 1 1 1
46
1 4 5 6 9 11 14 15 17 21 22 25 30 31 36 37 39 41 45 46 48 50 52 54 55 61 62 63 68 69 78 80 82 85 86 88 90 92 93 97 103 104 106 108 110 117
1 1 1 1 1 1 1 1 1 1 1 1 1 1 1 1 1 1 0 1 1 1 1 1 1 1 1 1 1 1 1 0 1 1 1 0 1 1 1 1 1 1 1 0 1 1
46
1 4 5 6 9 11 14 15 17 21 22 25 30 31 36 37 39 41 45 46 48 50 52 54 55 61 62 63 68 69 78 80 82 85 86 88 90 92 93 97 103 104 106 108 110 117
1 1 1 1 1 1 1 1 1 1 1 1 0 1 1 1 1 0 1 1 1 1 0 1 1 1 1 1 1 1 1 0 1 0 0 1 1 1 1 1 1 0 0 1 1 1
46
1 4 5 6 9 11 14 15 17 21 22 25 30 31 36 37 39 41 45 46 48 50 52 54 55 61 62 63 68 69 78 80 82 85 86 88 90 92 93 97 103 104 106 108 110 117
1 1 1 1 1 1 1 1 1 1 1 1 1 1 0 1 1 1 1 1 1 1 1 1 1 1 1 0 1 1 1 1 1 1 1 1 1 1 1 1 1 1 1 1 1 1
46
1 4 5 6 9 11 14 15 17 21 22 25 30 31 36 37 39 41 45 46 48 50 52 54 55 61 62 63 68 69 78 80 82 85 86 88 90 92 93 97 103 104 106 108 110 117
1 1 1 1 1 1 1 1 1 1 1 1 1 1 1 1 1 1 1 1 1 1 1 1 1 1 1 0 1 1 1 1 1 1 1 1 1 1 1 1 1 1 1 1 1 1
46
1 4 5 6 9 11 14 15 17 21 22 25 30 31 36 37 39 41 45 46 48 50 52 54 55 61 62 63 68 69 78 80 82 85 86 88 90 92 93 97 103 104 106 108 110 117
1 1 1 1 1 1 0 0 0 1 1 0 0 1 1 1 1 1 1 1 1 1 1 1 1 1 1 1 1 1 1 1 1 1 1 1 1 1 1 1 1 1 1 1 1 1
46
1 4 5 6 9 11 14 15 17 21 22 25 30 31 36 37 39 41 45 46 48 50 52 54 55 61 62 63 68 69 78 80 82 85 86 88 90 92 93 97 103 104 106 108 110 117
1 1 1 1 0 1 1 1 1 1 1 1 1 0 1 1 1 1 1 1 0 0 0 1 1 1 1 1 1 1 1 0 0 1 1 1 1 1 1 1 1 1 1 1 1 1
46
1 4 5 6 9 11 14 15 17 21 22 25 30 31 36 37 39 41 45 46 48 50 52 54 55 61 62 63 68 69 78 80 82 85 86 88 90 92 93 97 103 104 106 108 110 117
1 1 1 1 1 1 0 1 1 1 1 1 0 1 1 1 1 1 1 1 0 0 0 0 0 1 1 1 1 1 1 1 1 1 1 1 1 1 1 1 1 0 0 1 1 0
46
1 4 5 6 9 11 14 15 17 21 22 25 30 31 36 37 39 41 45 46 48 50 52 54 55 61 62 63 68 69 78 80 82 85 86 88 90 92 93 97 103 104 106 108 110 117
1 1 1 1 1 0 1 1 1 1 1 0 1 1 1 1 1 1 1 1 1 1 1 1 1 0 1 1 1 1 1 1 1 1 1 1 1 1 1 1 1 1 1 1 1 1
46
1 4 5 6 9 11 14 15 17 21 22 25 30 31 36 37 39 41 45 46 48 50 52 54 55 61 62 63 68 69 78 80 82 85 86 88 90 92 93 97 103 104 106 108 110 117
1 1 1 1 0 1 1 1 1 1 1 1 1 1 1 1 0 1 1 1 1 1 1 1 1 1 1 1 1 1 1 1 1 1 1 1 1 1 1 1 1 1 1 1 1 1
46
1 4 5 6 9 11 14 15 17 21 22 25 30 31 36 37 39 41 45 46 48 50 52 54 55 61 62 63 68 69 78 80 82 85 86 88 90 92 93 97 103 104 106 108 110 117
1 1 1 0 0 0 1 1 1 1 1 1 1 0 1 1 1 1 0 1 1 0 0 0 1 1 0 0 0 1 1 1 1 1 0 0 0 0 0 1 0 1 0 0 1 0
46
1 4 5 6 9 11 14 15 17 21 22 25 30 31 36 37 39 41 45 46 48 50 52 54 55 61 62 63 68 69 78 80 82 85 86 88 90 92 93 97 103 104 106 108 110 117
1 1 1 1 1 1 1 1 1 1 1 1 1 1 1 1 1 1 1 1 1 1 1 1 1 1 1 1 1 1 1 0 1 1 1 0 1 1 1 1 1 1 1 1 1 1
46
1 4 5 6 9 11 14 15 17 21 22 25 30 31 36 37 39 41 45 46 48 50 52 54 55 61 62 63 68 69 78 80 82 85 86 88 90 92 93 97 103 104 106 108 110 117
1 0 1 0 1 1 0 1 1 1 1 0 1 0 1 1 0 1 0 1 1 0 0 0 1 1 1 0 0 1 1 0 1 1 0 1 0 0 0 1 0 1 1 0 0 1
46
1 4 5 6 9 11 14 15 17 21 22 25 30 31 36 37 39 41 45 46 48 50 52 54 55 61 62 63 68 69 78 80 82 85 86 88 90 92 93 97 103 104 106 108 110 117
0 1 1 1 0 1 1 1 1 1 1 1 1 0 1 1 1 1 1 1 1 1 1 1 1 1 1 1 1 1 1 1 1 1 1 1 1 1 1 1 1 1 1 1 1 1
5
1 4 5 6 9
0 1 1 0 1
46
1 4 5 6 9 11 14 15 17 21 22 25 30 31 36 37 39 41 45 46 48 50 52 54 55 61 62 63 68 69 78 80 82 85 86 88 90 92 93 97 103 104 106 108 110 117
0 1 1 0 1 1 1 1 1 1 1 1 1 0 1 0 1 1 0 1 1 1 0 1 1 0 1 1 1 1 1 1 1 1 1 1 1 1 1 1 1 1 1 1 1 1
46
1 4 5 6 9 11 14 15 17 21 22 25 30 31 36 37 39 41 45 46 48 50 52 54 55 61 62 63 68 69 78 80 82 85 86 88 90 92 93 97 103 104 106 108 110 117
0 1 1 1 1 1 1 1 1 1 1 1 1 1 1 1 1 1 1 1 1 1 1 1 1 1 1 1 1 1 1 1 1 1 1 1 1 1 1 1 1 1 1 1 1 1
46
1 4 5 6 9 11 14 15 17 21 22 25 30 31 36 37 39 41 45 46 48 50 52 54 55 61 62 63 68 69 78 80 82 85 86 88 90 92 93 97 103 104 106 108 110 117
1 1 1 1 1 1 1 1 1 1 1 1 1 1 1 1 1 1 1 1 1 1 1 1 1 1 0 1 1 1 1 1 1 1 1 1 1 1 1 1 1 1 1 1 1 1
46
1 4 5 6 9 11 14 15 17 21 22 25 30 31 36 37 39 41 45 46 48 50 52 54 55 61 62 63 68 69 78 80 82 85 86 88 90 92 93 97 103 104 106 108 110 117
0 1 1 1 1 1 1 1 1 1 1 1 1 1 1 1 1 1 1 1 1 1 1 1 1 1 1 1 1 1 1 1 1 1 1 1 1 1 1 1 1 1 1 0 1 1
46
1 4 5 6 9 11 14 15 17 21 22 25 30 31 36 37 39 41 45 46 48 50 52 54 55 61 62 63 68 69 78 80 82 85 86 88 90 92 93 97 103 104 106 108 110 117
1 1 0 1 1 1 1 1 1 1 1 1 1 0 1 1 1 1 1 1 1 1 1 1 1 1 1 1 1 1 1 1 1 1 1 1 1 1 1 1 1 1 1 1 1 1
46
1 4 5 6 9 11 14 15 17 21 22 25 30 31 36 37 39 41 45 46 48 50 52 54 55 61 62 63 68 69 78 80 82 85 86 88 90 92 93 97 103 104 106 108 110 117
1 1 1 1 1 1 1 1 1 1 1 1 1 1 1 1 1 1 1 1 1 1 1 1 1 1 0 1 1 1 1 1 1 1 1 0 1 1 1 1 1 1 1 1 1 1
46
1 4 5 6 9 11 14 15 17 21 22 25 30 31 36 37 39 41 45 46 48 50 52 54 55 61 62 63 68 69 78 80 82 85 86 88 90 92 93 97 103 104 106 108 110 117
0 1 1 0 0 1 1 1 1 1 1 1 1 1 1 1 1 1 1 1 1 1 0 1 1 1 0 1 1 1 1 0 1 1 1 1 1 1 1 1 1 1 1 1 1 1
46
1 4 5 6 9 11 14 15 17 21 22 25 30 31 36 37 39 41 45 46 48 50 52 54 55 61 62 63 68 69 78 80 82 85 86 88 90 92 93 97 103 104 106 108 110 117
1 1 1 1 1 1 1 1 1 1 1 1 1 0 1 1 1 1 1 1 1 1 1 1 1 0 1 1 1 1 1 1 1 1 1 1 1 1 1 1 1 1 1 1 1 1
46
1 4 5 6 9 11 14 15 17 21 22 25 30 31 36 37 39 41 45 46 48 50 52 54 55 61 62 63 68 69 78 80 82 85 86 88 90 92 93 97 103 104 106 108 110 117
1 1 1 1 1 1 1 1 1 1 1 1 1 0 1 1 1 1 1 1 1 1 1 1 1 1 1 1 1 1 1 1 1 1 1 1 1 1 1 1 1 1 1 1 1 1
46
1 4 5 6 9 11 14 15 17 21 22 25 30 31 36 37 39 41 45 46 48 50 52 54 55 61 62 63 68 69 78 80 82 85 86 88 90 92 93 97 103 104 106 108 110 117
1 1 0 1 1 1 1 1 1 1 1 1 1 1 1 1 1 1 1 1 1 1 1 1 1 1 1 1 1 1 1 1 1 1 1 1 1 1 0 1 1 1 1 1 1 1
46
1 4 5 6 9 11 14 15 17 21 22 25 30 31 36 37 39 41 45 46 48 50 52 54 55 61 62 63 68 69 78 80 82 85 86 88 90 92 93 97 103 104 106 108 110 117
1 1 1 0 1 1 1 1 1 1 1 1 1 1 1 1 1 1 1 1 1 1 1 1 1 1 1 1 1 1 1 1 1 1 1 1 1 1 1 1 1 1 1 1 1 1
46
1 4 5 6 9 11 14 15 17 21 22 25 30 31 36 37 39 41 45 46 48 50 52 54 55 61 62 63 68 69 78 80 82 85 86 88 90 92 93 97 103 104 106 108 110 117
1 1 1 0 1 1 1 1 1 1 1 1 1 1 1 1 1 1 1 1 1 1 1 1 1 1 0 0 1 1 1 0 1 1 1 1 1 1 1 1 1 1 0 1 1 1
46
1 4 5 6 9 11 14 15 17 21 22 25 30 31 36 37 39 41 45 46 48 50 52 54 55 61 62 63 68 69 78 80 82 85 86 88 90 92 93 97 103 104 106 108 110 117
0 0 1 1 1 1 0 1 1 1 1 0 1 0 1 1 1 1 1 1 1 1 1 1 1 1 1 1 1 1 1 1 1 1 1 0 1 1 1 1 1 1 1 1 1 1
46
1 4 5 6 9 11 14 15 17 21 22 25 30 31 36 37 39 41 45 46 48 50 52 54 55 61 62 63 68 69 78 80 82 85 86 88 90 92 93 97 103 104 106 108 110 117
1 1 1 0 1 1 1 1 1 1 1 1 1 1 1 1 1 1 1 1 1 1 1 1 1 1 1 1 1 1 1 1 1 1 1 0 1 1 1 1 1 0 0 1 1 1
46
1 4 5 6 9 11 14 15 17 21 22 25 30 31 36 37 39 41 45 46 48 50 52 54 55 61 62 63 68 69 78 80 82 85 86 88 90 92 93 97 103 104 106 108 110 117
1 1 1 0 1 1 1 1 1 1 1 1 1 1 1 1 1 1 1 1 1 1 1 1 1 1 1 0 1 1 1 1 1 1 1 1 1 1 1 1 1 1 1 1 1 1
46
1 4 5 6 9 11 14 15 17 21 22 25 30 31 36 37 39 41 45 46 48 50 52 54 55 61 62 63 68 69 78 80 82 85 86 88 90 92 93 97 103 104 106 108 110 117
1 1 1 0 1 1 1 1 1 1 1 1 1 0 1 1 1 1 1 1 1 1 1 1 1 1 1 1 1 1 1 1 1 1 1 1 1 1 1 1 1 1 1 1 1 1
46
1 4 5 6 9 11 14 15 17 21 22 25 30 31 36 37 39 41 45 46 48 50 52 54 55 61 62 63 68 69 78 80 82 85 86 88 90 92 93 97 103 104 106 108 110 117
0 1 1 0 1 1 1 1 1 1 1 1 1 1 1 1 1 1 1 1 1 1 1 1 1 1 1 1 1 1 1 0 1 1 1 1 1 0 1 1 1 1 1 0 1 1
46
1 4 5 6 9 11 14 15 17 21 22 25 30 31 36 37 39 41 45 46 48 50 52 54 55 61 62 63 68 69 78 80 82 85 86 88 90 92 93 97 103 104 106 108 110 117
1 1 1 1 0 0 1 1 1 1 1 1 1 0 1 1 1 1 1 1 1 1 1 1 1 1 1 1 1 1 1 1 1 1 1 1 1 0 0 1 1 1 1 1 1 1
38
1 4 5 6 9 11 14 15 17 21 22 25 30 31 36 37 39 41 45 46 48 50 52 54 55 61 62 63 68 69 78 80 82 85 86 88 90 92
0 1 1 0 1 1 1 1 1 1 1 1 1 1 1 1 1 1 1 1 1 1 1 1 1 1 0 1 1 1 1 1 1 1 1 1 1 1
44
1 4 5 6 9 11 14 15 17 21 22 25 30 31 36 37 39 41 45 46 48 50 52 54 55 61 62 63 68 69 82 85 86 88 90 92 93 97 103 104 106 108 110 117
1 1 1 1 1 1 1 1 1 1 1 1 1 1 1 1 1 1 1 1 1 1 1 1 1 0 1 1 1 1 1 1 1 1 1 1 1 1 1 1 1 1 1 1
46
1 4 5 6 9 11 14 15 17 21 22 25 30 31 36 37 39 41 45 46 48 50 52 54 55 61 62 63 68 69 78 80 82 85 86 88 90 92 93 97 103 104 106 108 110 117
1 0 1 0 0 1 1 1 0 1 1 0 1 1 0 1 1 1 1 1 1 1 1 1 1 1 0 1 1 1 1 1 1 1 1 1 1 1 1 1 1 1 1 0 1 1
46
1 4 5 6 9 11 14 15 17 21 22 25 30 31 36 37 39 41 45 46 48 50 52 54 55 61 62 63 68 69 78 80 82 85 86 88 90 92 93 97 103 104 106 108 110 117
0 1 1 0 1 1 1 1 0 1 1 0 1 0 0 1 1 1 1 1 0 0 0 0 1 0 1 0 0 0 1 0 1 0 0 1 0 1 0 0 0 0 0 0 1 1
46
1 4 5 6 9 11 14 15 17 21 22 25 30 31 36 37 39 41 45 46 48 50 52 54 55 61 62 63 68 69 78 80 82 85 86 88 90 92 93 97 103 104 106 108 110 117
1 0 1 0 1 1 1 1 0 1 1 1 1 0 1 0 1 1 0 1 1 0 0 0 1 1 1 1 1 1 1 1 1 1 1 1 1 1 1 1 1 1 1 1 1 1
46
1 4 5 6 9 11 14 15 17 21 22 25 30 31 36 37 39 41 45 46 48 50 52 54 55 61 62 63 68 69 78 80 82 85 86 88 90 92 93 97 103 104 106 108 110 117
0 1 1 1 1 1 1 1 1 1 1 1 1 1 1 1 1 1 1 1 1 1 0 1 1 1 1 1 1 1 1 1 1 1 1 1 1 1 1 1 1 1 1 0 1 1
13
1 4 5 6 9 11 14 15 17 21 22 25 30
0 0 1 0 0 0 1 1 1 1 1 0 1
16
1 4 5 6 9 11 14 17 21 22 25 30 31 36 37 39
1 1 1 0 1 1 1 0 0 0 0 0 0 1 1 0
5
1 4 5 6 9
1 1 1 0 1
8
11 14 15 17 21 22 25 30
1 0 1 1 1 1 1 1
9
1 4 5 6 9 11 14 15 17
1 1 0 1 1 1 1 1 1
13
1 4 5 6 9 11 14 15 17 21 22 25 30
1 1 1 1 0 1 0 0 1 1 1 1 1
46
1 4 5 6 9 11 14 15 17 21 22 25 30 31 36 37 39 41 45 46 48 50 52 54 55 61 62 63 68 69 78 80 82 85 86 88 90 92 93 97 103 104 106 108 110 117
1 1 1 1 1 1 0 1 1 1 1 0 1 0 0 1 1 0 1 1 0 0 0 0 0 1 0 1 1 0 0 1 0 1 1 1 1 1 1 1 1 1 0 0 1 1
5
1 4 5 6 9
1 1 1 0 1
46
1 4 5 6 9 11 14 15 17 21 22 25 30 31 36 37 39 41 45 46 48 50 52 54 55 61 62 63 68 69 78 80 82 85 86 88 90 92 93 97 103 104 106 108 110 117
0 1 1 1 0 0 1 0 0 0 0 0 0 0 1 0 0 0 1 0 1 0 0 1 0 0 0 1 1 0 1 0 0 1 0 0 0 0 1 0 1 0 0 1 0 0
5
1 4 5 6 9
0 0 1 0 0
12
11 14 15 17 21 22 25 30 31 36 37 39
1 1 1 1 1 1 0 0 0 1 0 0
13
1 4 5 6 9 11 14 15 17 21 22 25 30
0 1 1 1 1 1 1 0 0 0 1 0 1
25
1 4 5 6 9 11 14 15 17 21 22 25 30 31 36 37 39 41 45 46 48 50 52 54 55
1 0 1 1 0 0 1 1 0 0 1 0 1 1 1 1 0 1 0 1 1 0 0 0 1
30
1 4 5 6 9 11 14 15 17 21 22 25 30 31 36 37 39 41 45 46 48 50 52 54 55 61 62 63 68 69
1 1 1 1 1 1 0 0 0 1 1 1 0 0 0 1 1 1 0 1 0 1 0 0 1 0 0 0 1 0
22
1 4 5 6 9 11 14 15 17 21 22 25 30 31 36 37 39 41 45 46 48 50
1 1 1 0 1 1 1 0 1 1 1 0 1 0 1 1 1 0 1 1 1 0
9
1 4 5 6 9 11 14 15 17
0 1 1 1 1 1 1 1 0
5
1 4 5 6 9
0 1 1 0 1
5
1 4 5 6 9
1 0 1 0 1
6
21 41 45 46 48 50
0 1 0 0 1 0
5
1 4 5 6 9
0 1 1 0 1
13
1 4 5 6 9 11 14 15 17 31 36 37 39
1 1 1 1 1 1 1 0 1 0 1 0 0
6
1 4 5 6 9 11
0 0 1 0 1 0
5
1 4 5 6 9
0 0 1 1 0
5
1 4 5 6 9
0 0 1 0 1
13
1 4 5 6 9 11 14 15 17 21 22 25 30
1 1 1 1 1 1 1 0 1 1 1 0 1
9
1 4 5 6 9 11 14 15 17
0 1 1 1 1 1 1 1 1
13
1 4 5 6 9 11 14 15 17 21 22 25 30
1 1 1 1 1 0 1 0 1 0 1 1 1
17
1 4 5 6 9 78 80 82 85 86 88 90 92 93 97 110 117
0 1 1 0 0 1 1 1 0 0 1 1 1 0 1 0 1
9
1 4 5 6 9 11 14 15 17
0 0 1 0 0 1 1 0 0
22
1 4 5 6 9 11 14 15 17 21 22 25 30 31 36 37 39 41 45 46 48 50
0 1 1 0 1 1 1 1 1 1 1 0 0 0 0 1 1 0 0 0 1 0
5
1 4 5 6 9
0 1 1 0 1
5
1 4 5 6 9
0 1 1 0 1
5
1 4 5 6 9
0 0 1 0 0
13
1 4 5 6 9 11 14 15 17 31 36 37 39
1 1 0 1 1 1 1 1 1 0 0 1 1
6
21 22 25 30 78 80
0 1 0 1 0 0
5
1 4 5 6 9
1 0 1 1 0
13
1 4 5 6 9 11 14 15 17 21 22 25 30
1 1 1 1 1 0 1 1 0 1 1 0 0
17
1 4 5 6 9 11 14 15 17 21 22 25 30 31 36 37 39
0 1 1 1 1 1 0 0 1 0 1 1 1 0 1 1 1
46
1 4 5 6 9 11 14 15 17 21 22 25 30 31 36 37 39 41 45 46 48 50 52 54 55 61 62 63 68 69 78 80 82 85 86 88 90 92 93 97 103 104 106 108 110 117
1 1 1 1 1 1 1 1 1 1 1 1 0 1 1 1 1 1 1 1 1 1 1 1 1 1 1 1 1 1 1 1 1 1 1 1 1 1 1 1 1 1 1 1 1 1
46
1 4 5 6 9 11 14 15 17 21 22 25 30 31 36 37 39 41 45 46 48 50 52 54 55 61 62 63 68 69 78 80 82 85 86 88 90 92 93 97 103 104 106 108 110 117
1 1 1 1 1 1 1 1 1 1 1 1 1 1 1 1 1 1 1 1 1 1 1 1 1 1 1 1 1 1 1 1 1 1 0 1 0 1 1 1 1 1 1 1 1 1
6
1 4 5 6 9 11
0 0 1 0 0 0
13
1 4 5 6 9 11 14 15 17 21 22 25 30
1 0 1 0 0 1 0 0 0 0 1 0 0
13
1 4 5 6 9 11 14 15 17 21 22 25 30
0 1 1 1 0 0 0 1 1 1 1 0 1
9
1 4 5 6 9 11 14 15 17
0 1 1 1 1 1 1 1 1
14
82 85 86 88 90 92 93 97 103 104 106 108 110 117
1 1 0 1 1 0 1 0 0 1 0 0 0 1
5
1 4 5 6 9
0 0 1 1 1
8
52 54 55 61 62 63 68 69
1 1 1 0 0 1 0 0
46
1 4 5 6 9 11 14 15 17 21 22 25 30 31 36 37 39 41 45 46 48 50 52 54 55 61 62 63 68 69 78 80 82 85 86 88 90 92 93 97 103 104 106 108 110 117
1 1 1 1 1 1 1 1 1 1 1 1 1 1 1 1 1 1 0 1 1 1 0 1 0 0 0 0 1 0 1 0 1 0 0 0 0 1 0 0 0 0 0 0 0 1
19
1 4 5 6 9 11 14 15 17 21 22 25 30 31 36 37 39 78 80
1 1 1 1 0 1 1 1 1 1 1 1 1 1 1 0 1 1 0
29
41 45 46 48 50 52 54 55 61 62 63 68 69 78 80 82 85 86 88 90 92 93 97 103 104 106 108 110 117
0 1 1 1 0 0 0 1 0 0 0 1 1 1 1 1 1 1 1 1 1 1 1 0 1 1 1 0 1
46
1 4 5 6 9 11 14 15 17 21 22 25 30 31 36 37 39 41 45 46 48 50 52 54 55 61 62 63 68 69 78 80 82 85 86 88 90 92 93 97 103 104 106 108 110 117
1 1 1 1 1 1 1 1 1 1 1 1 1 0 1 1 1 0 1 1 1 1 1 1 1 1 1 1 1 1 1 1 1 1 1 1 1 1 1 1 1 1 1 1 1 1
46
1 4 5 6 9 11 14 15 17 21 22 25 30 31 36 37 39 41 45 46 48 50 52 54 55 61 62 63 68 69 78 80 82 85 86 88 90 92 93 97 103 104 106 108 110 117
1 1 1 1 0 1 1 1 1 1 1 1 1 1 1 1 1 1 1 1 1 1 1 1 1 1 1 1 1 1 1 1 1 1 0 1 1 1 1 1 1 1 1 1 1 1
32
1 4 5 6 9 11 14 15 17 21 22 25 30 31 36 37 39 41 45 46 48 50 52 54 55 61 62 63 68 69 78 80
0 1 1 1 1 1 1 1 1 1 1 1 1 0 1 1 1 1 0 1 1 1 0 1 0 0 0 1 1 1 1 0
46
1 4 5 6 9 11 14 15 17 21 22 25 30 31 36 37 39 41 45 46 48 50 52 54 55 61 62 63 68 69 78 80 82 85 86 88 90 92 93 97 103 104 106 108 110 117
0 1 1 1 1 1 1 1 1 1 1 1 1 1 1 1 1 1 1 1 1 1 1 1 1 0 1 1 1 1 1 1 1 1 1 1 1 1 1 1 1 1 1 1 1 1
5
1 4 5 6 9
1 1 1 1 0
46
1 4 5 6 9 11 14 15 17 21 22 25 30 31 36 37 39 41 45 46 48 50 52 54 55 61 62 63 68 69 78 80 82 85 86 88 90 92 93 97 103 104 106 108 110 117
0 0 1 1 0 0 0 1 0 0 1 0 0 0 0 0 1 0 1 0 1 0 1 1 1 0 0 0 0 0 0 0 0 0 0 0 0 1 0 0 1 0 0 1 0 1
46
1 4 5 6 9 11 14 15 17 21 22 25 30 31 36 37 39 41 45 46 48 50 52 54 55 61 62 63 68 69 78 80 82 85 86 88 90 92 93 97 103 104 106 108 110 117
1 1 1 1 1 1 1 0 1 1 1 1 1 1 1 1 1 1 1 1 1 1 1 1 1 1 1 1 1 1 1 1 1 1 0 1 1 1 1 1 1 1 1 1 1 1
5
1 4 5 6 9
0 0 1 0 0
46
1 4 5 6 9 11 14 15 17 21 22 25 30 31 36 37 39 41 45 46 48 50 52 54 55 61 62 63 68 69 78 80 82 85 86 88 90 92 93 97 103 104 106 108 110 117
1 1 1 1 1 1 1 1 1 1 1 1 1 1 1 1 1 1 1 1 1 1 0 1 1 1 1 1 1 1 1 1 1 1 1 1 1 1 1 1 1 1 0 1 1 1
8
52 54 55 61 62 63 68 69
0 1 0 0 1 0 0 0
9
1 4 5 6 9 11 14 15 17
1 1 1 0 0 1 1 1 1
9
1 4 5 6 9 11 14 15 17
1 0 0 1 1 1 1 1 0
9
1 4 5 6 9 11 14 15 17
0 1 1 1 1 1 1 0 1
9
1 4 5 6 9 11 14 15 17
1 1 1 1 0 1 1 1 1
22
1 4 5 6 9 11 14 15 17 21 22 25 30 31 36 37 39 41 45 46 48 50
0 1 0 1 0 1 1 1 1 1 1 0 0 1 0 1 1 1 1 1 1 0
46
1 4 5 6 9 11 14 15 17 21 22 25 30 31 36 37 39 41 45 46 48 50 52 54 55 61 62 63 68 69 78 80 82 85 86 88 90 92 93 97 103 104 106 108 110 117
0 1 1 1 1 1 1 1 1 1 1 1 1 0 1 1 1 1 1 1 1 1 1 1 1 1 1 1 1 1 1 1 1 1 1 1 1 1 1 1 1 1 1 1 1 1
41
11 14 15 17 21 22 25 30 31 36 37 39 41 45 46 48 50 52 54 55 61 62 63 68 69 78 80 82 85 86 88 90 92 93 97 103 104 106 108 110 117
1 1 1 0 1 1 0 0 0 1 0 1 0 0 0 1 0 1 1 1 0 0 0 1 0 1 0 1 0 0 0 0 1 0 0 1 0 0 0 0 1
46
1 4 5 6 9 11 14 15 17 21 22 25 30 31 36 37 39 41 45 46 48 50 52 54 55 61 62 63 68 69 78 80 82 85 86 88 90 92 93 97 103 104 106 108 110 117
1 0 1 0 1 0 0 0 0 1 1 0 0 0 0 1 1 0 1 0 1 1 0 1 1 0 0 0 1 1 1 0 1 0 0 1 0 0 1 1 0 1 0 1 1 0
29
41 45 46 48 50 52 54 55 61 62 63 68 69 78 80 82 85 86 88 90 92 93 97 103 104 106 108 110 117
1 1 0 0 0 1 1 1 0 1 1 1 0 1 1 1 1 0 0 1 1 0 1 1 1 1 0 0 1
9
1 4 5 6 9 11 14 15 17
1 1 1 0 1 1 1 0 1
46
1 4 5 6 9 11 14 15 17 21 22 25 30 31 36 37 39 41 45 46 48 50 52 54 55 61 62 63 68 69 78 80 82 85 86 88 90 92 93 97 103 104 106 108 110 117
1 1 1 1 1 1 1 1 1 1 1 1 1 0 1 1 1 1 1 1 1 0 1 1 1 1 1 1 1 0 1 1 1 1 1 1 1 1 1 1 1 1 1 1 1 1
17
1 4 5 6 9 11 14 15 17 21 22 25 30 31 36 37 39
1 1 1 1 0 1 1 1 1 1 1 1 1 0 1 1 1
9
92 93 97 103 104 106 108 110 117
1 0 1 0 1 0 0 1 1
5
1 4 5 6 9
1 1 1 1 0
9
1 4 5 6 9 11 14 15 17
0 0 1 0 0 1 0 0 1
25
1 4 5 6 9 11 14 15 17 21 22 25 30 31 36 37 39 41 45 46 48 50 52 54 55
1 1 1 1 1 1 1 1 1 1 1 0 1 0 1 0 0 1 1 1 1 0 0 0 1
5
1 4 5 6 9
1 1 0 1 1
46
1 4 5 6 9 11 14 15 17 21 22 25 30 31 36 37 39 41 45 46 48 50 52 54 55 61 62 63 68 69 78 80 82 85 86 88 90 92 93 97 103 104 106 108 110 117
1 1 1 1 1 1 1 1 1 1 1 1 1 1 1 1 1 1 1 1 1 1 0 1 1 1 1 1 1 1 1 0 1 1 1 0 1 1 1 1 1 1 1 1 1 1
46
1 4 5 6 9 11 14 15 17 21 22 25 30 31 36 37 39 41 45 46 48 50 52 54 55 61 62 63 68 69 78 80 82 85 86 88 90 92 93 97 103 104 106 108 110 117
1 1 1 1 1 1 1 1 1 1 1 1 1 1 0 1 1 1 1 1 1 1 1 1 1 1 1 1 1 1 1 0 0 1 1 1 1 1 1 1 1 1 1 1 1 1
9
1 4 5 6 9 11 14 15 17
1 1 1 1 0 1 1 1 1
46
1 4 5 6 9 11 14 15 17 21 22 25 30 31 36 37 39 41 45 46 48 50 52 54 55 61 62 63 68 69 78 80 82 85 86 88 90 92 93 97 103 104 106 108 110 117
1 1 1 1 1 1 1 1 1 1 1 1 1 1 1 1 1 1 1 1 1 1 1 1 1 1 1 1 1 1 1 1 1 1 1 1 1 0 0 1 1 1 1 0 1 1
46
1 4 5 6 9 11 14 15 17 21 22 25 30 31 36 37 39 41 45 46 48 50 52 54 55 61 62 63 68 69 78 80 82 85 86 88 90 92 93 97 103 104 106 108 110 117
0 1 1 0 1 0 1 0 1 0 1 1 1 0 1 1 1 1 0 0 1 0 0 1 1 1 1 1 1 1 1 1 1 1 1 1 1 1 1 1 1 1 1 1 0 0
46
1 4 5 6 9 11 14 15 17 21 22 25 30 31 36 37 39 41 45 46 48 50 52 54 55 61 62 63 68 69 78 80 82 85 86 88 90 92 93 97 103 104 106 108 110 117
1 1 1 1 1 1 1 1 1 1 1 1 1 1 1 1 1 1 1 1 1 1 1 1 1 1 1 1 1 1 1 1 1 1 1 1 1 1 1 1 0 0 1 1 0 1
46
1 4 5 6 9 11 14 15 17 21 22 25 30 31 36 37 39 41 45 46 48 50 52 54 55 61 62 63 68 69 78 80 82 85 86 88 90 92 93 97 103 104 106 108 110 117
0 1 0 1 0 0 0 0 0 1 1 1 1 1 1 1 1 1 1 1 1 1 1 1 1 1 1 1 1 1 1 1 1 1 1 1 1 1 1 1 1 1 1 1 1 1
17
1 4 5 6 9 11 14 15 17 21 22 25 30 31 36 37 39
1 1 1 1 1 1 1 1 1 1 1 1 0 1 1 0 0
46
1 4 5 6 9 11 14 15 17 21 22 25 30 31 36 37 39 41 45 46 48 50 52 54 55 61 62 63 68 69 78 80 82 85 86 88 90 92 93 97 103 104 106 108 110 117
1 1 1 1 1 1 1 1 1 1 1 1 1 1 1 1 1 1 1 1 1 1 1 1 1 1 1 1 1 1 1 0 1 1 1 1 1 1 1 1 1 1 1 1 1 1
46
1 4 5 6 9 11 14 15 17 21 22 25 30 31 36 37 39 41 45 46 48 50 52 54 55 61 62 63 68 69 78 80 82 85 86 88 90 92 93 97 103 104 106 108 110 117
1 1 1 1 1 1 1 1 1 1 1 1 1 0 1 1 1 1 1 1 1 1 1 1 1 1 1 1 1 1 1 1 1 1 1 1 1 1 1 1 1 1 1 1 1 0
46
1 4 5 6 9 11 14 15 17 21 22 25 30 31 36 37 39 41 45 46 48 50 52 54 55 61 62 63 68 69 78 80 82 85 86 88 90 92 93 97 103 104 106 108 110 117
0 0 0 0 1 0 1 0 1 1 1 1 1 1 1 1 1 1 1 1 1 1 1 1 1 1 1 1 1 1 1 1 1 1 1 1 1 1 1 1 1 1 1 1 1 1
46
1 4 5 6 9 11 14 15 17 21 22 25 30 31 36 37 39 41 45 46 48 50 52 54 55 61 62 63 68 69 78 80 82 85 86 88 90 92 93 97 103 104 106 108 110 117
0 1 1 1 1 1 1 1 1 1 1 1 1 1 1 1 1 1 1 1 1 1 1 1 1 1 1 1 1 1 1 1 1 1 0 1 1 1 1 1 1 1 1 1 1 1
23
1 4 5 6 9 11 14 15 17 21 22 25 30 31 36 37 39 41 45 46 48 50 110
1 1 1 1 1 0 1 1 1 0 1 1 1 1 1 1 1 1 1 1 1 1 0
5
1 4 5 6 9
0 1 1 0 1
16
1 5 6 9 11 14 15 17 21 22 25 30 31 36 37 39
1 1 1 0 1 1 0 1 1 1 1 1 0 1 1 1
17
1 4 5 6 9 11 14 15 17 21 22 25 30 31 36 37 39
0 1 1 0 1 1 0 0 1 0 1 0 0 0 1 1 1
5
1 4 5 6 9
0 0 1 0 1
13
1 4 5 6 9 11 14 15 17 21 22 25 30
0 1 1 1 1 0 1 1 1 1 1 1 0
46
1 4 5 6 9 11 14 15 17 21 22 25 30 31 36 37 39 41 45 46 48 50 52 54 55 61 62 63 68 69 78 80 82 85 86 88 90 92 93 97 103 104 106 108 110 117
1 1 1 1 1 1 1 1 1 1 1 1 1 1 1 1 1 1 1 1 1 0 1 0 1 1 1 1 1 1 1 0 1 1 1 1 1 1 1 1 1 1 1 1 1 1
17
1 4 5 6 9 11 14 15 17 21 22 25 30 31 36 37 39
0 1 1 1 1 1 1 1 0 1 1 1 1 0 1 0 0
25
1 4 5 6 9 11 14 15 17 21 22 25 30 31 36 37 39 41 45 46 48 50 52 54 55
0 0 1 1 0 0 1 1 0 0 0 1 0 0 0 1 0 0 1 0 0 1 0 0 1
27
11 14 15 17 21 22 25 30 31 36 37 39 41 45 46 48 50 52 54 55 61 62 63 68 69 78 80
0 0 0 0 0 0 0 0 0 0 0 0 0 0 0 1 1 0 0 1 0 0 0 1 1 1 0
8
21 22 25 30 31 36 37 39
1 1 1 0 0 1 1 1
46
1 4 5 6 9 11 14 15 17 21 22 25 30 31 36 37 39 41 45 46 48 50 52 54 55 61 62 63 68 69 78 80 82 85 86 88 90 92 93 97 103 104 106 108 110 117
1 1 1 1 1 0 1 1 0 1 1 1 0 0 1 1 1 0 1 1 1 0 0 1 1 0 1 0 1 1 1 1 1 1 1 1 1 1 1 1 1 1 0 1 0 1
22
1 4 5 6 9 11 14 15 17 21 22 25 30 31 36 37 39 41 45 46 48 50
1 0 1 0 0 1 1 1 1 0 1 0 0 0 1 0 0 1 0 0 0 0
16
78 80 82 85 86 88 90 92 93 97 103 104 106 108 110 117
1 1 0 1 0 1 0 0 0 1 0 1 1 0 0 1
46
1 4 5 6 9 11 14 15 17 21 22 25 30 31 36 37 39 41 45 46 48 50 52 54 55 61 62 63 68 69 78 80 82 85 86 88 90 92 93 97 103 104 106 108 110 117
1 1 1 1 1 1 1 1 1 1 1 1 1 0 1 1 1 1 1 1 1 1 1 1 1 1 1 1 1 1 1 1 0 0 0 0 1 0 0 0 0 1 0 0 1 1
9
1 4 5 6 9 11 14 15 17
0 1 1 1 1 1 1 1 1
46
1 4 5 6 9 11 14 15 17 21 22 25 30 31 36 37 39 41 45 46 48 50 52 54 55 61 62 63 68 69 78 80 82 85 86 88 90 92 93 97 103 104 106 108 110 117
1 0 1 0 1 1 1 1 1 0 1 0 1 0 1 1 1 1 1 1 1 0 1 1 1 0 1 1 1 0 1 1 1 1 0 1 1 1 0 1 0 1 1 1 1 1
46
1 4 5 6 9 11 14 15 17 21 22 25 30 31 36 37 39 41 45 46 48 50 52 54 55 61 62 63 68 69 78 80 82 85 86 88 90 92 93 97 103 104 106 108 110 117
0 1 1 0 1 1 1 1 0 0 0 0 1 0 1 1 1 1 1 1 1 1 1 1 1 1 1 1 1 1 1 1 1 1 1 1 1 1 1 1 1 1 1 1 1 1
46
1 4 5 6 9 11 14 15 17 21 22 25 30 31 36 37 39 41 45 46 48 50 52 54 55 61 62 63 68 69 78 80 82 85 86 88 90 92 93 97 103 104 106 108 110 117
0 0 1 0 0 0 0 0 1 0 1 0 0 0 1 0 1 0 0 0 1 0 1 1 1 0 0 0 1 0 1 0 1 0 0 0 0 1 0 0 1 0 0 0 0 1
5
1 4 5 6 9
1 0 1 0 0
5
1 4 5 6 9
0 1 1 1 1
9
1 4 5 6 9 11 14 15 17
1 1 1 1 0 1 1 0 0
9
1 4 5 6 9 11 14 15 17
1 0 1 0 0 0 1 0 0
46
1 4 5 6 9 11 14 15 17 21 22 25 30 31 36 37 39 41 45 46 48 50 52 54 55 61 62 63 68 69 78 80 82 85 86 88 90 92 93 97 103 104 106 108 110 117
1 1 1 1 1 1 1 1 1 1 1 1 0 1 1 1 1 1 1 1 1 1 1 1 1 1 1 1 1 1 1 1 1 0 1 1 1 1 1 1 1 1 1 1 1 1
5
1 4 5 6 9
1 1 1 0 0
24
1 4 5 6 9 11 14 15 17 21 22 25 30 31 36 37 39 41 45 46 48 50 110 117
0 0 1 1 0 0 0 0 0 1 1 0 0 0 0 0 0 1 1 0 0 0 0 1
6
1 4 5 6 9 11
0 1 1 0 0 1
5
41 45 46 48 50
1 1 1 0 0
46
1 4 5 6 9 11 14 15 17 21 22 25 30 31 36 37 39 41 45 46 48 50 52 54 55 61 62 63 68 69 78 80 82 85 86 88 90 92 93 97 103 104 106 108 110 117
0 0 1 0 0 0 0 0 1 0 1 0 0 0 1 0 1 0 0 0 1 0 1 1 1 0 0 0 1 0 1 0 1 0 0 0 0 1 0 0 1 0 0 0 0 1
46
1 4 5 6 9 11 14 15 17 21 22 25 30 31 36 37 39 41 45 46 48 50 52 54 55 61 62 63 68 69 78 80 82 85 86 88 90 92 93 97 103 104 106 108 110 117
0 1 0 1 0 0 0 0 0 0 0 0 0 0 1 0 1 0 0 0 1 0 1 1 1 0 0 0 1 0 1 0 1 0 0 0 0 1 0 0 1 0 0 0 0 1
46
1 4 5 6 9 11 14 15 17 21 22 25 30 31 36 37 39 41 45 46 48 50 52 54 55 61 62 63 68 69 78 80 82 85 86 88 90 92 93 97 103 104 106 108 110 117
1 1 1 1 0 1 1 1 1 1 1 1 0 0 1 1 1 1 1 1 0 0 0 0 1 1 0 1 1 1 1 0 1 1 1 0 0 0 0 1 1 1 1 0 1 1
33
1 4 5 6 9 11 14 15 17 21 22 25 30 31 36 37 39 41 45 46 48 50 52 78 80 82 85 86 88 90 92 93 97
0 1 1 1 0 1 1 1 0 1 1 1 0 0 1 0 1 1 0 1 1 0 0 0 0 1 1 0 0 1 1 0 1
24
52 54 55 61 62 63 68 69 78 80 82 85 86 88 90 92 93 97 103 104 106 108 110 117
0 0 1 0 0 0 0 1 0 0 0 0 0 1 0 0 1 1 0 1 0 0 0 0
17
1 4 5 6 9 11 14 15 17 21 22 25 30 31 36 37 39
1 0 1 0 1 0 0 0 0 0 1 0 1 0 1 0 0
13
1 4 5 6 9 11 14 15 17 21 22 25 30
1 1 1 0 1 1 0 1 1 1 1 1 1
32
1 4 5 6 9 11 14 15 17 21 22 25 30 31 36 37 39 41 45 46 48 50 52 54 55 61 62 63 68 69 78 80
0 1 1 1 1 1 1 1 1 1 1 1 0 0 1 1 1 1 0 1 1 0 0 1 1 1 1 1 1 1 1 0
5
1 4 5 6 9
0 1 1 0 1
18
1 4 5 6 9 21 22 25 30 31 36 37 39 82 85 86 88 90
1 1 1 1 1 0 1 1 0 0 1 0 1 1 0 0 1 1
46
1 4 5 6 9 11 14 15 17 21 22 25 30 31 36 37 39 41 45 46 48 50 52 54 55 61 62 63 68 69 78 80 82 85 86 88 90 92 93 97 103 104 106 108 110 117
0 1 0 0 1 0 0 1 0 0 0 0 0 0 0 0 0 0 1 0 1 0 0 1 0 0 0 1 0 1 0 0 1 0 0 0 0 1 0 0 0 1 1 1 1 0
6
1 4 5 6 9 11
1 0 1 1 1 1
5
1 4 5 6 9
1 1 1 0 1
13
1 4 5 6 9 11 14 15 17 21 22 25 30
1 1 1 1 0 1 1 1 1 1 1 1 0
5
1 4 5 6 9
1 1 1 0 1
22
1 4 5 6 9 11 14 15 17 21 22 25 30 31 36 37 39 41 45 46 48 50
1 1 1 1 1 1 1 1 1 1 1 1 1 0 1 1 1 1 1 1 1 1
5
1 4 5 6 9
0 1 1 0 1
46
1 4 5 6 9 11 14 15 17 21 22 25 30 31 36 37 39 41 45 46 48 50 52 54 55 61 62 63 68 69 78 80 82 85 86 88 90 92 93 97 103 104 106 108 110 117
0 0 0 0 1 0 0 1 0 0 1 0 0 0 1 0 1 0 0 0 1 0 1 0 1 0 0 1 1 0 0 0 1 0 0 0 0 0 1 1 0 0 0 0 0 0
46
1 4 5 6 9 11 14 15 17 21 22 25 30 31 36 37 39 41 45 46 48 50 52 54 55 61 62 63 68 69 78 80 82 85 86 88 90 92 93 97 103 104 106 108 110 117
1 1 1 1 0 1 1 1 1 1 1 1 0 0 1 1 0 1 1 1 0 0 0 0 1 1 0 1 1 1 1 0 1 1 0 0 1 1 1 1 1 1 0 0 0 1
9
1 4 5 6 9 11 14 15 17
0 1 1 0 1 0 0 1 0
46
1 4 5 6 9 11 14 15 17 21 22 25 30 31 36 37 39 41 45 46 48 50 52 54 55 61 62 63 68 69 78 80 82 85 86 88 90 92 93 97 103 104 106 108 110 117
0 0 1 1 0 0 1 0 0 0 1 0 0 0 0 1 1 0 0 1 1 0 0 1 1 0 0 0 1 0 0 0 0 0 1 0 0 0 1 0 0 0 0 0 0 1
46
1 4 5 6 9 11 14 15 17 21 22 25 30 31 36 37 39 41 45 46 48 50 52 54 55 61 62 63 68 69 78 80 82 85 86 88 90 92 93 97 103 104 106 108 110 117
0 1 0 1 0 1 1 1 0 0 0 0 0 0 0 1 0 0 1 0 0 1 1 1 0 0 0 0 0 1 0 0 0 0 0 0 0 0 0 1 0 0 0 0 1 0
17
1 4 5 6 9 11 14 15 17 21 22 25 30 31 36 37 39
1 1 1 0 1 1 1 1 1 1 1 0 1 0 1 0 1
13
1 4 5 6 9 11 14 15 17 21 22 25 30
0 1 1 1 0 1 1 1 1 1 1 0 0
6
1 4 5 9 11 14
0 0 1 1 1 0
46
1 4 5 6 9 11 14 15 17 21 22 25 30 31 36 37 39 41 45 46 48 50 52 54 55 61 62 63 68 69 78 80 82 85 86 88 90 92 93 97 103 104 106 108 110 117
1 1 1 1 1 1 1 1 1 1 1 1 1 1 1 1 1 1 1 1 1 1 1 1 1 1 1 1 1 1 1 1 1 1 1 1 1 1 1 1 1 1 1 0 1 1
5
1 4 5 6 9
1 1 1 0 1
22
1 4 5 6 9 11 14 15 17 21 22 25 30 31 36 37 39 41 45 46 48 50
0 1 1 0 1 1 0 1 1 1 1 0 0 0 0 0 1 1 1 1 1 1
46
1 4 5 6 9 11 14 15 17 21 22 25 30 31 36 37 39 41 45 46 48 50 52 54 55 61 62 63 68 69 78 80 82 85 86 88 90 92 93 97 103 104 106 108 110 117
0 1 1 1 0 0 0 1 0 0 0 0 0 0 0 0 0 0 0 0 1 1 1 1 1 0 0 0 0 0 0 0 0 0 0 0 0 0 0 1 1 1 1 1 0 0
5
1 4 5 6 9
0 1 1 0 1
5
1 4 5 6 9
0 0 1 0 0
46
1 4 5 6 9 11 14 15 17 21 22 25 30 31 36 37 39 41 45 46 48 50 52 54 55 61 62 63 68 69 78 80 82 85 86 88 90 92 93 97 103 104 106 108 110 117
1 1 1 1 1 1 1 1 1 0 1 1 0 0 1 0 1 1 1 1 0 0 1 0 1 0 1 1 1 1 1 0 1 1 0 1 1 1 0 1 1 1 1 0 1 1
13
1 4 5 6 9 11 14 15 17 21 22 25 30
1 1 1 0 1 0 1 1 1 1 1 0 0
46
1 4 5 6 9 11 14 15 17 21 22 25 30 31 36 37 39 41 45 46 48 50 52 54 55 61 62 63 68 69 78 80 82 85 86 88 90 92 93 97 103 104 106 108 110 117
0 1 1 0 1 0 0 0 1 1 0 0 1 1 1 1 0 0 0 0 0 1 1 0 0 0 0 1 1 1 1 0 1 0 0 0 0 0 0 1 0 1 0 0 0 0
5
1 4 5 6 9
0 1 1 0 1
46
1 4 5 6 9 11 14 15 17 21 22 25 30 31 36 37 39 41 45 46 48 50 52 54 55 61 62 63 68 69 78 80 82 85 86 88 90 92 93 97 103 104 106 108 110 117
1 1 1 1 1 1 1 1 1 0 1 1 1 1 1 1 1 1 1 1 1 1 1 1 1 1 1 1 1 1 1 1 1 1 1 1 1 1 1 1 1 1 1 1 1 1
46
1 4 5 6 9 11 14 15 17 21 22 25 30 31 36 37 39 41 45 46 48 50 52 54 55 61 62 63 68 69 78 80 82 85 86 88 90 92 93 97 103 104 106 108 110 117
1 1 1 1 1 1 1 1 1 1 1 1 1 1 1 1 1 1 1 1 1 1 1 1 1 0 0 0 1 1 0 0 0 1 0 0 0 0 1 1 0 0 0 0 0 1
17
1 4 5 6 9 11 14 15 17 21 22 25 30 31 36 37 39
1 1 1 1 1 1 1 1 1 1 1 1 1 0 1 1 1
5
1 4 5 6 9
1 0 0 0 0
17
1 4 5 6 9 11 14 15 17 21 22 25 30 31 36 37 39
1 1 1 1 0 1 1 1 1 1 1 1 0 0 1 1 0
9
1 4 5 6 9 11 14 15 17
1 1 1 1 1 1 0 1 1
5
1 4 5 6 9
1 1 1 0 0
5
1 4 5 6 9
0 1 1 0 0
9
1 4 5 6 9 11 14 15 17
1 0 1 0 0 0 0 1 0
13
1 4 5 6 9 11 14 15 17 21 22 25 30
0 1 1 0 0 0 1 0 1 1 1 0 0
13
1 4 5 6 9 11 14 15 17 31 36 37 39
0 1 1 0 0 1 1 1 1 1 0 0 0
13
1 4 5 6 9 11 14 15 17 21 22 25 30
0 1 1 0 1 1 1 1 1 1 1 1 0
17
1 4 5 6 9 11 14 15 17 21 22 25 30 31 36 37 39
0 1 1 0 0 1 1 1 1 0 1 0 1 1 0 1 1
46
1 4 5 6 9 11 14 15 17 21 22 25 30 31 36 37 39 41 45 46 48 50 52 54 55 61 62 63 68 69 78 80 82 85 86 88 90 92 93 97 103 104 106 108 110 117
1 1 1 1 0 1 1 1 0 0 1 0 1 0 1 1 0 1 1 1 1 0 0 0 1 0 1 0 1 1 1 0 0 0 0 0 0 1 0 1 0 1 0 0 1 1
6
1 4 5 6 9 11
0 0 1 0 1 0
13
1 4 5 6 9 11 14 15 17 21 22 25 30
0 0 1 0 1 1 1 1 1 0 1 1 1
5
1 4 5 6 9
0 0 1 0 0
46
1 4 5 6 9 11 14 15 17 21 22 25 30 31 36 37 39 41 45 46 48 50 52 54 55 61 62 63 68 69 78 80 82 85 86 88 90 92 93 97 103 104 106 108 110 117
1 1 1 1 1 1 1 1 1 1 1 1 1 1 1 1 1 1 1 1 1 1 1 1 1 1 1 1 1 1 1 0 0 1 1 1 1 1 1 1 1 1 1 1 1 1
17
1 4 5 6 9 11 14 15 17 21 22 25 30 31 36 37 39
0 1 1 1 0 1 0 1 1 0 1 0 1 0 0 0 1
46
1 4 5 6 9 11 14 15 17 21 22 25 30 31 36 37 39 41 45 46 48 50 52 54 55 61 62 63 68 69 78 80 82 85 86 88 90 92 93 97 103 104 106 108 110 117
1 1 1 1 1 1 1 1 1 1 1 1 1 1 1 1 1 1 1 1 1 1 1 1 1 1 1 1 1 1 1 1 1 1 1 1 0 1 1 1 1 1 1 1 1 1
46
1 4 5 6 9 11 14 15 17 21 22 25 30 31 36 37 39 41 45 46 48 50 52 54 55 61 62 63 68 69 78 80 82 85 86 88 90 92 93 97 103 104 106 108 110 117
1 1 1 1 1 1 1 1 1 1 1 1 1 1 1 1 1 1 1 1 0 1 1 1 1 1 1 1 1 1 1 1 1 1 1 1 1 1 1 1 1 1 0 1 1 1
13
1 4 5 6 9 11 14 15 17 21 22 25 30
1 1 1 1 1 1 1 1 1 1 1 0 0
5
1 4 5 6 9
0 1 1 1 1
5
1 4 5 6 9
0 1 1 0 1
46
1 4 5 6 9 11 14 15 17 21 22 25 30 31 36 37 39 41 45 46 48 50 52 54 55 61 62 63 68 69 78 80 82 85 86 88 90 92 93 97 103 104 106 108 110 117
1 1 1 1 1 1 1 1 1 1 1 1 1 1 1 1 1 1 1 1 1 0 1 1 1 1 1 1 1 1 1 0 1 1 0 1 1 1 1 1 1 1 1 1 1 1
13
1 4 5 6 9 11 14 15 17 21 22 25 30
1 1 1 0 1 0 1 0 0 0 1 0 1
9
1 4 5 6 9 11 14 15 17
1 1 1 1 0 1 1 1 1
8
1 4 5 6 9 11 14 15
0 0 1 1 1 0 0 0
5
1 4 5 6 9
0 1 1 0 0
5
1 4 5 6 9
1 1 1 0 1
5
1 4 5 6 9
0 1 1 1 1
5
1 4 5 6 9
1 1 1 0 1
5
1 4 5 6 9
1 0 1 1 1
13
1 4 5 6 9 21 22 25 30 31 36 37 39
0 1 1 1 1 1 1 1 0 0 1 1 1
5
1 4 5 6 9
0 1 1 0 0
5
1 4 5 6 9
1 1 0 1 1
11
1 4 5 6 9 11 14 15 17 21 22
1 1 1 1 0 0 1 1 1 1 1
17
1 4 5 6 9 11 14 15 17 21 22 25 30 31 36 37 39
1 1 1 0 1 1 0 1 1 1 1 0 0 0 1 0 0
5
1 4 5 6 9
0 0 1 0 0
5
1 4 5 6 9
0 0 1 0 0
5
1 4 5 6 9
0 1 1 1 1
5
1 4 5 6 9
0 1 1 0 0
17
1 4 5 6 9 11 14 15 17 21 22 25 30 31 36 37 39
0 1 1 0 0 1 1 1 1 0 1 0 0 0 1 0 1
5
1 4 5 6 9
1 1 1 0 0
5
1 4 5 6 9
1 1 1 0 0
9
1 4 5 6 9 11 14 15 17
0 1 1 1 1 1 1 1 1
17
1 4 5 6 9 11 14 15 17 21 22 25 30 31 36 37 39
0 1 1 0 1 1 1 1 1 0 1 1 1 0 1 1 0
46
1 4 5 6 9 11 14 15 17 21 22 25 30 31 36 37 39 41 45 46 48 50 52 54 55 61 62 63 68 69 78 80 82 85 86 88 90 92 93 97 103 104 106 108 110 117
1 1 1 0 0 1 1 1 1 0 1 0 1 0 1 0 1 1 1 1 1 0 0 0 1 1 1 1 1 1 1 1 1 1 0 1 1 0 0 1 1 1 0 0 0 1
5
1 4 5 6 9
0 1 1 1 0
9
1 4 5 6 9 11 14 15 17
0 1 1 1 0 1 1 0 1
5
1 4 5 6 9
0 0 1 1 0
22
1 4 5 6 9 11 14 15 17 21 22 25 30 31 36 37 39 41 45 46 48 50
1 1 1 0 0 1 1 1 1 0 1 0 1 1 1 0 0 1 1 1 1 0
5
1 4 5 6 9
1 1 1 0 1
5
1 4 5 6 9
1 1 1 0 0
46
1 4 5 6 9 11 14 15 17 21 22 25 30 31 36 37 39 41 45 46 48 50 52 54 55 61 62 63 68 69 78 80 82 85 86 88 90 92 93 97 103 104 106 108 110 117
0 0 1 0 1 1 1 1 1 1 1 1 0 0 1 0 1 1 1 1 1 1 1 0 1 1 1 1 1 1 1 1 1 1 0 0 1 1 1 1 0 1 1 0 1 1
9
1 4 5 6 9 11 14 15 17
0 1 1 0 1 1 1 0 1
17
1 4 5 6 9 11 14 15 17 21 22 25 30 31 36 37 39
0 1 1 0 1 1 1 1 1 1 1 1 0 1 1 0 1
5
1 4 5 6 9
1 1 1 0 0
5
1 4 5 6 9
1 1 1 0 1
5
1 4 5 6 9
0 0 1 0 0
27
1 4 5 6 9 11 14 15 17 21 22 25 30 31 36 37 39 41 45 46 48 50 82 85 86 88 90
0 1 1 0 1 1 1 1 0 1 1 0 1 1 1 1 1 1 0 1 0 0 1 0 0 1 0
5
1 4 5 6 9
1 0 1 0 0
9
1 4 5 6 9 11 14 15 17
1 1 1 0 1 1 1 1 1
5
1 4 5 6 9
1 1 1 0 1
5
1 4 5 6 9
1 1 1 1 0
17
1 4 5 6 9 11 14 15 17 21 22 25 30 31 36 37 39
0 1 1 1 1 1 1 1 1 1 1 1 1 0 1 0 1
5
1 4 5 6 9
0 1 1 0 1
9
1 4 5 6 9 11 14 15 17
0 1 1 0 1 1 0 1 1
13
1 4 5 6 9 11 14 15 17 21 22 25 30
0 1 1 0 1 1 1 1 1 1 1 0 0
9
1 4 5 6 9 11 14 15 17
1 1 1 0 1 0 1 0 0
22
1 4 5 6 9 11 14 15 17 21 22 25 30 31 36 37 39 41 45 46 48 50
1 1 1 1 1 0 1 1 1 1 1 1 1 0 1 0 1 1 0 1 1 1
5
1 4 5 6 9
1 0 1 0 1
5
1 4 5 6 9
0 1 1 1 1
5
1 4 5 6 9
1 0 1 0 1
9
1 4 5 6 9 11 14 15 17
1 1 1 1 1 1 1 1 0
5
1 4 5 6 9
0 1 1 0 0
9
1 4 5 6 9 21 22 25 30
0 1 1 1 1 0 1 1 0
17
1 4 5 6 9 11 14 15 17 21 22 25 30 31 36 37 39
1 1 1 1 1 1 1 0 1 0 1 0 1 0 1 0 0
5
1 4 5 6 9
0 1 1 1 0
9
1 4 5 6 9 21 22 25 30
1 1 1 1 1 1 1 1 0
5
1 4 5 6 9
1 1 1 1 0
14
1 4 5 6 9 21 22 25 78 80 82 85 86 88
0 1 1 0 0 1 1 0 1 1 0 0 1 1
5
1 4 5 6 9
0 0 1 0 1
37
1 4 5 6 9 11 14 15 17 21 22 25 30 31 36 37 39 41 45 46 48 50 54 78 80 82 85 86 88 90 92 93 97 103 104 106 108
1 1 1 1 1 1 1 1 1 1 1 1 0 0 0 1 0 0 0 1 0 0 0 1 0 0 1 1 1 1 0 1 1 0 1 0 0
6
103 104 106 108 110 117
1 1 1 1 0 1
5
1 4 5 6 9
0 1 0 0 1
12
11 14 15 17 21 22 25 30 31 36 37 39
1 1 1 0 1 1 1 0 0 1 0 0
46
1 4 5 6 9 11 14 15 17 21 22 25 30 31 36 37 39 41 45 46 48 50 52 54 55 61 62 63 68 69 78 80 82 85 86 88 90 92 93 97 103 104 106 108 110 117
1 1 1 1 1 1 1 1 1 1 1 1 1 1 1 1 1 1 1 1 1 1 1 1 1 1 1 1 1 1 1 1 1 1 1 1 1 1 1 1 1 1 0 1 1 1
5
1 4 5 6 9
1 1 1 1 0
40
1 4 5 6 9 11 14 15 17 21 22 25 30 31 36 37 39 41 45 46 48 50 52 54 55 61 62 63 68 69 78 80 82 85 86 88 90 92 93 97
1 1 1 1 0 1 1 0 1 1 1 1 0 0 1 1 1 1 1 1 1 1 1 0 1 1 1 1 1 1 1 0 1 1 1 0 1 1 1 1
6
103 104 106 108 110 117
0 1 0 1 1 1
5
1 4 5 6 9
0 1 0 0 0
13
1 4 5 6 9 11 14 15 17 21 22 25 30
1 1 1 1 0 1 1 1 0 1 1 1 0
17
1 4 5 6 9 11 14 15 17 21 22 25 30 31 36 37 39
1 1 1 1 1 1 1 0 1 1 1 0 0 0 1 0 1
5
1 4 5 6 9
1 1 1 1 0
9
1 4 5 6 9 11 14 15 17
1 1 1 1 0 1 1 1 1
9
1 4 5 6 9 11 14 15 17
1 1 1 0 1 1 1 1 1
13
1 4 5 6 9 11 14 15 17 21 22 25 30
1 1 1 1 1 1 1 1 1 1 1 0 1
5
1 4 5 6 9
1 1 1 0 0
5
1 4 5 6 9
0 1 1 0 0
40
1 4 5 6 9 11 14 15 17 21 22 25 30 31 36 37 39 41 45 46 48 50 52 54 55 61 62 63 68 69 78 80 82 85 86 88 90 92 93 97
0 1 1 1 0 1 1 0 1 0 1 1 1 1 1 0 1 1 1 1 1 1 1 1 1 1 1 1 1 1 1 0 1 1 1 0 1 1 0 0
17
1 4 5 6 9 11 14 15 17 21 22 25 30 31 36 37 39
1 1 1 1 1 1 1 1 1 1 1 1 1 0 1 1 0
5
1 4 5 6 9
1 0 1 0 0
5
1 4 5 6 9
1 1 0 0 0
13
1 4 5 6 9 11 14 15 17 21 22 25 30
1 1 1 1 1 1 1 0 1 1 1 1 0
9
1 4 5 6 9 11 14 15 17
1 0 1 0 1 1 1 1 1
8
11 14 15 17 21 22 25 30
1 1 1 1 1 1 1 0
9
1 4 5 6 9 11 14 15 17
0 1 1 1 0 1 1 0 1
17
1 4 5 6 9 11 14 15 17 21 22 25 30 31 36 37 39
0 1 1 0 1 1 1 1 1 1 1 1 1 0 1 1 1
13
1 4 5 6 9 11 14 15 17 21 22 25 30
1 0 1 0 1 1 0 0 0 0 0 0 0
5
1 4 5 6 9
0 1 1 0 0
5
1 4 5 6 9
0 1 1 1 1
13
1 4 5 6 9 11 14 15 17 21 22 25 30
0 0 1 1 1 1 1 0 1 0 1 0 1
9
1 4 5 6 9 11 14 15 17
1 0 1 0 0 1 1 0 0
5
1 4 5 6 9
1 0 1 1 0
5
1 4 5 6 9
0 0 1 1 0
5
1 4 5 6 9
0 1 1 0 0
9
1 4 5 6 9 11 14 15 17
0 1 1 1 1 0 1 0 0
25
1 4 5 6 9 11 14 15 17 21 22 25 30 31 36 37 39 41 45 46 48 50 52 54 55
1 1 1 0 0 1 1 1 1 1 1 1 1 0 1 1 0 1 1 1 0 1 0 1 1
5
1 4 5 6 9
0 1 1 1 1
46
1 4 5 6 9 11 14 15 17 21 22 25 30 31 36 37 39 41 45 46 48 50 52 54 55 61 62 63 68 69 78 80 82 85 86 88 90 92 93 97 103 104 106 108 110 117
0 1 1 0 0 1 1 1 1 1 1 1 0 0 1 1 0 0 0 1 1 0 1 0 0 1 0 1 1 1 1 0 1 1 0 1 1 0 1 1 1 1 0 1 1 1
22
1 4 5 6 9 11 14 15 17 21 22 25 30 31 36 37 39 41 45 46 48 50
0 1 1 1 1 1 1 1 1 1 1 1 0 0 1 0 1 1 1 1 1 0
5
1 4 5 6 9
1 0 1 0 1
5
41 45 46 48 50
1 1 1 1 0
5
1 4 5 6 9
0 1 1 1 1
9
1 4 5 6 9 11 14 15 17
0 1 1 1 1 1 1 1 1
19
1 4 5 6 9 11 14 15 17 21 22 25 30 31 36 37 39 78 80
1 1 1 1 1 1 1 1 1 1 1 0 0 0 1 1 1 1 1
13
1 4 5 6 9 11 14 15 17 21 22 25 30
0 0 1 0 0 1 0 0 1 1 1 0 0
37
1 4 5 6 9 11 14 15 17 21 22 25 30 31 36 37 39 41 45 46 48 50 52 54 55 61 62 63 68 69 78 80 82 85 86 88 90
1 1 1 0 1 1 0 0 1 0 1 1 0 1 0 0 1 1 1 1 1 0 0 0 1 0 1 1 1 0 1 0 1 0 1 1 0
20
1 4 5 6 9 11 14 15 17 21 22 25 30 31 36 37 39 41 45 46
1 1 1 1 0 0 0 0 0 1 0 0 1 0 0 0 1 1 0 0
5
1 4 5 6 9
1 0 1 0 1
5
1 4 5 6 9
1 0 1 0 0
13
1 4 5 6 9 11 14 15 17 21 22 25 30
0 1 1 1 0 1 1 1 1 1 1 1 1
6
1 4 5 6 9 11
1 1 1 0 1 1
5
1 4 5 6 9
1 1 1 0 0
46
1 4 5 6 9 11 14 15 17 21 22 25 30 31 36 37 39 41 45 46 48 50 52 54 55 61 62 63 68 69 78 80 82 85 86 88 90 92 93 97 103 104 106 108 110 117
0 1 1 0 1 0 0 1 1 1 1 0 1 0 0 1 1 1 0 1 1 1 0 1 1 0 0 1 0 0 1 1 1 0 0 1 0 0 1 1 0 0 0 0 1 1
5
1 4 5 6 9
0 1 1 1 1
17
1 4 5 6 9 11 14 15 17 21 22 25 30 31 36 37 39
1 1 1 1 1 1 1 0 1 1 1 0 1 0 1 1 1
25
1 4 5 6 9 11 14 15 17 21 22 25 30 31 36 37 39 41 45 46 48 50 52 54 55
1 1 1 0 0 1 1 1 1 0 1 1 0 0 1 1 0 1 0 1 0 0 0 0 0
17
1 4 5 6 9 11 14 15 17 21 22 25 30 31 36 37 39
1 1 1 1 1 1 1 1 1 1 1 1 1 0 1 1 1
9
1 4 5 6 9 11 14 15 17
1 1 1 0 0 1 0 0 1
17
1 4 5 6 9 11 14 15 17 21 22 25 30 31 36 37 39
0 1 0 1 1 1 1 0 1 0 1 1 1 0 1 0 1
5
1 4 5 6 9
1 0 1 0 0
13
1 4 5 6 9 11 14 15 17 21 22 25 30
1 1 1 0 0 1 1 0 1 1 1 0 1
9
1 4 5 6 9 11 14 15 17
0 1 1 1 0 1 1 1 1
5
1 4 5 6 9
0 1 1 0 1
6
1 4 5 6 9 11
0 0 1 0 0 0
13
1 4 5 6 9 11 14 15 17 21 22 25 30
0 0 1 0 1 1 1 1 1 1 1 1 1
9
1 4 5 6 9 11 14 15 17
0 1 1 1 0 1 1 0 1
5
1 4 5 6 9
0 1 1 1 1
6
1 4 5 6 9 11
0 1 1 1 0 1
22
1 4 5 6 9 11 14 15 17 21 22 25 30 31 36 37 39 41 45 46 48 50
0 1 1 0 0 1 1 1 1 0 1 0 1 0 1 1 0 1 0 1 1 1
5
1 4 5 6 9
1 1 1 0 0
9
1 4 5 6 9 11 14 15 17
0 1 0 1 1 1 1 1 1
13
1 4 5 6 9 11 14 15 17 21 22 25 30
1 1 1 0 1 1 1 1 1 0 1 1 0
13
1 4 5 6 9 11 14 15 17 21 22 25 30
0 1 1 0 1 1 1 0 1 1 1 0 1
9
1 4 5 6 9 11 14 15 17
0 1 1 0 1 1 1 1 1
13
1 4 5 6 9 11 14 15 17 21 22 25 30
0 1 1 1 1 1 1 1 1 1 1 1 0
5
1 4 5 6 9
0 1 1 1 1
17
1 4 5 6 9 11 14 15 17 21 22 25 30 31 36 37 39
0 1 1 0 0 1 1 1 1 0 1 1 0 0 1 1 1
28
1 4 5 6 9 21 22 25 30 31 36 37 39 41 45 46 48 50 52 54 55 61 62 63 68 69 78 80
1 1 1 1 1 1 1 1 1 0 1 1 1 1 1 1 1 1 0 1 1 1 1 1 1 1 1 0
5
1 4 5 6 9
1 1 1 0 1
5
1 4 5 6 9
0 1 1 0 1
9
1 4 5 6 9 11 14 15 17
1 1 1 1 1 1 1 0 0
37
21 22 25 30 31 36 37 39 41 45 46 48 50 52 54 55 61 62 63 68 69 78 80 82 85 86 88 90 92 93 97 103 104 106 108 110 117
1 1 0 0 1 1 1 0 1 1 1 0 0 0 0 1 1 1 1 1 1 1 0 0 0 0 0 1 1 0 1 1 1 1 0 1 1
9
1 4 5 6 9 11 14 15 17
1 1 1 1 1 0 1 1 1
9
1 4 5 6 9 11 14 15 17
0 1 1 0 1 0 0 0 1
25
1 4 5 6 9 11 14 15 17 21 22 25 30 31 36 37 39 41 45 46 48 50 52 54 55
0 1 1 1 1 1 1 1 1 1 1 1 1 1 1 1 1 1 0 0 1 0 1 0 1
21
61 62 63 68 69 78 80 82 85 86 88 90 92 93 97 103 104 106 108 110 117
1 1 1 0 0 1 1 1 1 0 0 1 1 0 1 1 1 0 0 0 1
5
1 4 5 6 9
1 1 1 0 0
17
1 4 5 6 9 11 14 15 17 21 22 25 30 31 36 37 39
0 1 1 1 1 1 1 1 1 1 1 1 1 1 1 1 0
20
1 4 5 6 9 11 14 15 17 52 54 55 61 62 63 68 69 78 80 85
0 1 1 1 1 1 1 1 1 1 0 1 1 1 1 0 1 1 0 1
9
1 4 5 6 9 11 14 15 17
0 1 1 0 0 1 1 1 1
5
1 4 5 6 9
1 1 1 0 1
17
1 4 5 6 9 11 14 15 17 21 22 25 30 31 36 37 39
1 1 1 1 1 1 1 0 1 1 1 1 1 0 1 0 1
5
1 4 5 6 9
0 1 1 1 0
46
1 4 5 6 9 11 14 15 17 21 22 25 30 31 36 37 39 41 45 46 48 50 52 54 55 61 62 63 68 69 78 80 82 85 86 88 90 92 93 97 103 104 106 108 110 117
0 0 1 0 0 0 0 1 0 0 1 0 0 0 0 0 1 0 0 0 1 0 1 1 1 0 0 1 1 1 0 0 0 0 0 0 0 1 1 1 1 1 0 1 0 0
13
1 4 5 6 9 11 14 15 17 21 22 25 30
1 1 1 0 1 0 1 1 1 1 1 1 1
5
1 4 5 6 9
0 0 1 0 0
5
1 4 5 6 9
0 1 1 1 0
37
1 4 5 6 9 11 14 15 17 21 22 25 30 31 36 37 39 41 45 46 48 50 52 54 55 61 62 63 68 69 78 80 82 85 86 88 90
1 1 1 1 1 1 1 1 1 0 1 0 0 1 1 0 0 1 1 1 1 0 0 0 1 1 0 0 1 1 1 0 1 1 0 1 1
13
1 4 5 6 9 11 14 15 17 21 22 25 30
0 1 1 0 1 1 0 0 0 1 1 1 0
14
1 4 5 6 9 11 14 15 17 21 22 25 30 31
1 1 1 0 1 0 1 1 1 1 1 1 0 0
9
1 4 5 6 9 11 14 15 17
0 1 1 0 1 0 0 1 1
25
41 52 54 55 61 62 63 68 69 78 80 82 85 86 88 90 92 93 97 103 104 106 108 110 117
0 0 1 1 0 1 1 1 0 0 0 0 0 0 0 0 0 0 0 0 1 0 1 0 1
9
1 4 5 6 9 11 14 15 17
0 1 1 1 1 1 1 1 1
5
1 4 5 6 9
1 1 1 0 1
13
1 4 5 6 9 11 14 15 17 21 22 25 30
0 0 1 1 1 1 1 1 0 1 1 0 0
5
1 4 5 6 9
0 1 1 0 1
5
1 4 5 6 9
0 1 1 1 1
9
1 4 5 6 9 11 14 15 17
0 1 1 1 1 1 1 0 0
5
1 4 5 6 9
0 1 1 0 1
12
1 4 5 6 9 11 14 15 17 21 22 25
1 1 1 0 1 1 1 1 1 0 1 0
38
1 4 5 6 9 11 14 15 17 21 22 25 30 31 36 37 39 41 45 46 48 50 61 62 63 68 69 78 80 82 85 86 88 90 103 104 106 108
1 1 1 0 0 1 1 1 1 0 0 0 0 0 1 0 0 1 0 1 0 0 0 0 0 1 1 1 0 0 1 0 0 0 0 1 0 0
6
1 11 14 15 17 21
0 1 1 1 0 0
9
1 4 5 6 9 11 14 15 17
0 1 1 0 0 1 1 0 0
5
1 4 5 6 9
0 0 1 0 0
32
1 4 5 6 9 11 14 15 17 21 22 25 30 31 36 37 39 41 45 46 48 50 52 54 55 61 62 63 68 69 78 80
1 1 1 1 1 1 1 1 1 1 1 1 1 0 1 0 1 1 0 1 1 1 1 0 0 0 0 1 0 0 1 1
5
1 4 5 6 9
0 0 1 0 0
9
1 4 5 6 9 11 14 15 17
0 1 1 1 0 1 1 1 1
5
1 4 5 6 9
0 1 1 0 1
5
1 4 5 6 9
0 1 1 0 0
6
1 4 5 6 9 11
0 1 1 0 0 0
5
1 4 5 6 9
1 0 1 1 0
13
1 4 5 6 9 11 14 15 17 21 22 25 30
1 1 1 1 1 1 1 0 1 1 1 1 1
25
1 4 5 6 9 11 14 15 17 21 22 25 30 31 36 37 39 41 45 46 48 50 52 54 55
0 1 1 1 0 1 1 0 1 1 1 1 1 0 1 1 1 1 1 1 1 0 0 0 1
5
1 4 5 6 9
0 1 1 0 0
5
1 4 5 6 9
0 1 1 0 0
9
1 4 5 6 9 21 22 25 30
0 1 1 1 0 1 1 0 1
5
1 4 5 6 9
0 1 1 1 1
7
1 4 5 6 9 11 17
1 1 1 1 0 1 1
41
11 14 15 17 21 22 25 30 31 36 37 39 41 45 46 48 50 52 54 55 61 62 63 68 69 78 80 82 85 86 88 90 92 93 97 103 104 106 108 110 117
0 0 1 1 0 1 1 0 0 1 1 1 0 1 1 1 1 0 0 0 0 0 1 0 0 1 1 0 0 0 0 0 0 0 1 0 0 0 0 0 1
9
1 4 5 6 9 11 14 15 17
0 0 1 0 0 1 1 0 1
5
1 4 5 6 9
0 1 1 1 0
9
1 4 5 6 9 11 14 15 17
0 1 1 0 0 1 1 1 1
13
1 4 5 6 9 11 14 15 17 21 22 25 30
1 1 1 1 1 1 1 0 1 1 1 0 1
5
1 4 5 6 9
1 1 1 0 1
5
1 4 5 6 9
0 1 1 1 1
5
1 4 5 6 9
0 1 1 0 0
17
1 4 5 6 9 11 14 15 17 21 22 25 30 31 36 37 39
1 0 1 1 0 1 1 0 1 0 1 0 0 0 1 0 0
13
1 4 5 6 9 11 14 15 17 21 22 25 30
0 1 1 0 1 1 1 0 1 0 1 0 1
9
31 36 37 39 41 45 46 48 50
0 1 1 1 0 0 0 1 0
46
1 4 5 6 9 11 14 15 17 21 22 25 30 31 36 37 39 41 45 46 48 50 52 54 55 61 62 63 68 69 78 80 82 85 86 88 90 92 93 97 103 104 106 108 110 117
0 1 1 0 0 0 0 1 1 1 0 0 0 0 0 1 0 0 0 1 1 0 0 0 1 0 0 0 0 0 1 0 0 0 0 0 0 1 0 0 0 0 0 0 0 1
25
1 4 5 6 9 11 14 15 17 21 22 25 30 31 36 37 39 41 45 103 104 106 108 110 117
0 0 0 1 1 1 1 1 1 1 1 1 1 1 0 0 1 1 0 1 1 1 0 1 0
5
1 4 5 6 9
0 1 1 0 1
5
1 4 5 6 9
1 0 1 1 0
9
1 4 5 6 9 11 14 15 17
0 0 1 1 0 1 1 1 1
9
1 4 5 6 9 11 14 15 17
0 0 0 0 1 0 1 0 0
46
1 4 5 6 9 11 14 15 17 21 22 25 30 31 36 37 39 41 45 46 48 50 52 54 55 61 62 63 68 69 78 80 82 85 86 88 90 92 93 97 103 104 106 108 110 117
0 1 0 0 0 0 0 0 0 1 0 0 0 0 0 1 0 0 1 0 0 1 0 0 0 0 1 0 0 1 0 1 0 0 0 0 0 0 1 1 0 1 0 1 1 0
13
1 4 5 6 9 11 14 15 17 21 22 25 30
0 0 1 1 1 1 1 1 1 1 1 1 1
9
1 4 5 6 9 11 14 15 17
0 1 1 1 0 1 1 1 0
13
1 4 5 6 9 11 14 15 17 21 22 25 30
1 1 1 1 1 0 0 0 1 1 0 1 1
13
1 4 5 6 9 21 22 25 30 31 36 37 39
0 1 1 1 1 1 0 0 0 0 0 1 1
13
1 4 5 6 9 11 14 15 17 21 22 25 30
0 0 1 1 1 1 0 1 1 1 1 0 1
5
1 4 5 6 9
0 1 1 1 0
5
1 4 5 6 9
0 1 1 0 1
5
1 4 5 6 9
1 1 1 0 1
18
1 4 5 6 9 21 22 25 30 31 36 37 39 41 45 46 48 50
0 1 1 0 1 1 1 0 1 0 1 1 1 1 1 1 0 0
41
11 14 15 17 21 22 25 30 31 36 37 39 41 45 46 48 50 52 54 55 61 62 63 68 69 78 80 82 85 86 88 90 92 93 97 103 104 106 108 110 117
1 1 1 1 1 1 1 1 1 1 0 1 1 1 1 1 1 0 1 1 1 1 1 1 1 1 1 1 1 1 1 1 1 1 1 0 1 1 0 1 1
25
1 4 5 6 9 11 14 15 17 21 22 25 30 31 36 37 39 41 45 46 48 50 52 54 55
0 1 1 0 1 1 1 1 1 1 1 0 1 0 1 0 1 1 1 1 1 0 0 1 1
22
1 4 5 6 9 11 14 15 17 21 22 25 30 31 36 37 39 41 45 46 48 50
1 1 1 1 0 1 1 1 1 0 1 0 0 0 1 1 1 1 0 0 0 1
5
1 4 5 6 9
1 0 1 0 1
5
1 4 5 6 9
1 0 1 1 1
25
1 4 5 6 9 11 14 15 17 21 22 25 30 31 36 37 39 41 45 46 48 50 52 54 55
0 1 1 0 0 1 1 1 1 1 1 1 0 1 1 1 0 1 0 1 1 1 1 0 0
6
1 4 5 6 9 11
0 1 1 0 0 1
5
1 4 5 6 9
1 0 1 0 0
5
1 4 5 6 9
0 0 1 1 0
22
1 4 5 6 9 11 14 15 17 21 22 25 30 31 36 37 39 41 45 46 48 50
1 1 1 1 1 1 1 1 1 0 1 0 1 0 1 1 0 1 0 1 1 0
21
21 22 25 30 31 36 37 39 41 45 46 48 50 52 54 55 61 62 63 68 69
1 1 0 1 1 1 0 0 1 1 1 0 1 1 1 1 1 1 1 1 1
5
1 4 5 6 9
1 1 1 0 1
8
1 4 5 6 11 14 15 17
1 1 1 0 1 1 0 0
6
1 4 5 6 9 11
1 1 1 1 1 0
5
1 4 5 6 9
0 1 1 1 1
5
1 4 5 6 9
0 1 1 1 1
13
1 4 5 6 9 11 14 15 17 21 22 25 30
0 0 1 0 1 0 1 1 1 1 1 1 1
5
1 4 5 6 9
0 0 1 0 1
25
1 4 5 6 9 11 14 15 17 21 22 25 30 31 36 37 39 41 45 46 48 50 52 54 55
1 1 1 1 1 1 1 1 1 1 1 1 1 0 1 1 0 1 1 1 1 0 1 1 1
18
1 4 5 6 9 21 22 25 30 31 36 37 39 82 85 86 88 90
0 0 1 1 1 0 1 0 0 0 1 1 1 0 1 1 0 1
5
1 4 5 6 9
0 1 1 0 1
46
1 4 5 6 9 11 14 15 17 21 22 25 30 31 36 37 39 41 45 46 48 50 52 54 55 61 62 63 68 69 78 80 82 85 86 88 90 92 93 97 103 104 106 108 110 117
1 1 1 1 0 1 1 0 1 1 1 1 1 1 1 1 1 1 1 1 1 1 1 1 1 1 1 1 1 1 1 1 0 1 1 1 1 1 1 1 1 1 1 1 1 1
5
1 4 5 6 9
0 1 1 1 1
5
1 4 5 6 9
0 1 0 0 0
46
1 4 5 6 9 11 14 15 17 21 22 25 30 31 36 37 39 41 45 46 48 50 52 54 55 61 62 63 68 69 78 80 82 85 86 88 90 92 93 97 103 104 106 108 110 117
0 1 1 1 1 1 1 1 1 0 1 1 1 1 1 0 1 0 0 0 0 0 1 1 1 1 1 1 1 1 1 1 1 1 1 1 1 1 1 1 1 1 1 1 1 1
5
1 4 5 6 9
0 1 1 1 1
5
1 4 5 6 9
1 0 1 0 0
5
1 4 5 6 9
0 0 1 0 1
5
21 22 25 30 31
1 0 1 0 0
46
1 4 5 6 9 11 14 15 17 21 22 25 30 31 36 37 39 41 45 46 48 50 52 54 55 61 62 63 68 69 78 80 82 85 86 88 90 92 93 97 103 104 106 108 110 117
0 1 0 1 0 0 0 1 0 0 0 0 0 0 0 1 0 0 1 0 0 1 0 1 1 0 0 0 0 1 0 0 0 1 0 1 0 0 1 1 0 1 1 1 0 0
9
1 4 5 6 9 11 14 15 17
0 0 1 1 0 1 0 1 0
9
1 4 5 6 9 11 14 15 17
0 1 1 0 1 1 1 1 1
9
1 4 5 6 9 11 14 15 17
0 1 1 0 1 0 0 1 0
46
1 4 5 6 9 11 14 15 17 21 22 25 30 31 36 37 39 41 45 46 48 50 52 54 55 61 62 63 68 69 78 80 82 85 86 88 90 92 93 97 103 104 106 108 110 117
0 0 1 0 0 0 0 0 0 0 1 0 0 0 1 0 1 0 0 0 1 0 1 1 1 0 0 0 1 0 1 0 1 0 0 0 0 1 0 0 1 0 0 0 0 1
5
1 4 5 6 9
0 1 1 1 1
13
1 4 5 6 9 11 14 15 17 21 22 25 30
0 1 1 0 1 1 1 1 1 1 1 0 0
17
1 4 5 6 9 11 14 15 17 21 22 25 30 31 36 37 39
0 1 1 0 1 1 1 1 1 1 0 0 1 0 1 0 0
13
21 22 25 30 31 36 37 39 82 85 86 88 90
0 1 0 1 0 1 0 1 1 1 0 1 1
9
1 4 5 6 9 11 14 15 17
1 1 1 1 0 1 1 0 1
9
1 4 5 6 9 11 14 15 17
1 0 1 1 0 1 1 1 1
5
1 4 5 6 9
0 1 1 1 1
13
1 4 5 6 9 11 14 15 17 21 22 25 30
1 1 1 1 1 1 1 0 0 1 1 1 0
5
1 4 5 6 9
1 1 1 0 1
17
1 4 5 6 9 11 14 15 17 21 22 25 30 31 36 37 39
0 1 1 1 0 1 1 1 1 0 1 0 0 0 1 1 0
22
1 4 5 6 9 11 14 15 17 21 22 25 30 31 36 37 39 41 45 46 48 50
1 1 1 1 1 1 1 1 1 0 1 1 1 1 1 1 1 1 1 1 1 0
5
1 4 5 6 9
1 0 1 0 0
5
1 4 5 6 9
1 1 1 0 1
5
1 4 5 6 9
1 0 1 0 1
5
1 4 5 6 9
1 1 1 0 1
9
1 4 5 6 9 11 14 15 17
0 1 1 1 1 1 1 1 1
5
1 11 14 15 17
0 1 1 1 1
17
1 4 5 6 9 11 14 15 17 21 22 25 30 31 36 37 39
1 1 1 1 0 1 1 0 1 1 1 1 1 0 1 0 0
5
1 4 5 6 9
1 1 1 0 1
32
1 4 5 6 9 11 14 15 17 21 22 25 30 31 36 37 39 41 45 46 48 50 52 54 55 61 62 63 68 69 78 80
1 1 1 1 1 0 1 1 1 1 1 0 1 0 1 1 1 1 1 1 1 0 1 1 1 1 1 1 1 1 1 1
46
1 4 5 6 9 11 14 15 17 21 22 25 30 31 36 37 39 41 45 46 48 50 52 54 55 61 62 63 68 69 78 80 82 85 86 88 90 92 93 97 103 104 106 108 110 117
0 1 1 0 0 0 1 0 0 1 0 0 0 0 0 1 0 0 1 0 1 1 0 0 0 0 0 1 1 0 0 0 0 1 0 1 0 0 1 1 0 1 0 1 0 0
5
1 4 5 6 9
1 1 1 1 0
6
103 104 106 108 110 117
1 0 1 0 0 1
13
1 4 5 6 9 11 14 15 17 21 22 25 30
0 1 0 1 1 1 1 0 1 1 1 0 0
5
1 4 5 6 9
0 1 1 0 0
5
82 85 86 88 90
1 1 1 1 0
5
1 4 5 6 9
0 0 1 0 1
17
1 4 5 6 9 11 14 15 17 21 22 25 30 31 36 37 39
1 1 1 0 0 1 0 1 0 0 1 1 1 0 0 1 1
5
1 4 5 6 9
0 1 1 1 0
5
1 4 5 6 9
0 1 1 0 0
9
1 4 5 6 9 11 14 15 17
1 1 1 1 0 1 1 0 1
8
1 4 5 6 9 82 85 86
0 1 0 0 1 0 1 1
5
1 4 5 6 9
0 0 1 0 1
5
1 4 5 6 9
1 1 1 1 0
9
1 4 5 6 9 11 14 15 17
1 0 1 1 0 1 1 1 1
40
1 4 5 6 9 11 14 15 17 21 22 25 30 31 36 37 39 41 45 46 48 50 52 54 55 61 62 63 68 69 78 80 82 85 86 88 90 92 93 97
0 0 1 0 0 0 0 0 1 0 1 0 0 0 0 1 1 0 0 0 1 0 0 0 0 0 0 1 0 1 0 0 1 1 0 1 0 0 1 0
41
11 14 15 17 21 22 25 30 31 36 37 39 41 45 46 48 50 52 54 55 61 62 63 68 69 78 80 82 85 86 88 90 92 93 97 103 104 106 108 110 117
0 0 1 0 0 1 0 1 0 0 1 1 0 0 0 1 0 1 1 0 0 0 1 1 1 1 1 1 0 0 0 0 1 0 0 0 0 0 0 0 1
5
1 4 5 6 9
0 0 1 0 1
30
1 4 5 6 9 11 14 15 17 21 22 25 30 31 36 37 39 41 45 46 48 50 52 54 55 61 62 63 68 69
1 1 1 1 0 1 1 0 1 1 1 1 1 0 1 0 1 1 1 1 1 1 1 0 1 1 1 1 1 1
13
1 4 5 6 9 11 14 15 17 21 22 25 30
1 1 1 0 1 1 1 1 1 1 1 1 1
9
1 4 5 6 9 11 14 15 17
1 0 1 0 1 1 1 1 1
5
1 4 5 6 9
0 0 1 0 1
22
1 4 5 6 9 11 14 15 17 21 22 25 30 31 36 37 39 41 45 46 48 50
0 1 1 0 0 1 1 1 1 1 1 1 0 0 1 1 1 1 1 1 1 0
5
1 4 5 6 9
1 1 1 1 0
9
1 4 5 6 9 11 14 15 17
1 1 1 1 0 1 1 0 1
5
1 4 5 6 9
0 1 1 1 1
9
1 4 5 6 9 11 14 15 17
0 1 1 0 0 1 1 1 1
12
1 4 5 6 9 21 22 25 30 31 36 37
0 1 1 0 1 1 1 0 0 0 1 1
5
1 4 5 6 9
0 1 1 0 1
5
1 4 5 6 9
0 1 1 1 1
5
1 4 5 6 9
1 1 1 0 1
5
1 4 5 6 9
0 1 1 1 0
9
1 4 5 6 9 11 14 15 17
1 1 1 0 1 1 1 1 1
13
1 4 5 6 9 11 14 15 17 21 22 25 30
1 1 1 0 1 1 1 1 1 1 1 1 1
9
1 4 5 6 9 11 14 15 17
1 1 1 1 0 1 1 1 1
5
1 4 5 6 9
0 1 1 0 1
22
1 4 5 6 9 11 14 15 17 21 22 25 30 31 36 37 39 41 45 46 48 50
0 1 1 1 1 1 1 0 1 1 1 0 1 0 1 0 0 1 1 1 1 1
5
1 4 5 6 9
1 1 1 0 1
5
1 4 5 6 9
1 1 1 1 0
5
1 4 5 6 9
0 1 1 0 0
6
103 104 106 108 110 117
0 0 1 1 0 1
22
1 4 5 6 9 11 14 15 17 21 22 25 30 31 36 37 39 41 45 46 48 50
0 0 1 1 0 0 1 1 1 1 1 1 0 0 1 0 1 1 1 1 1 1
6
103 104 106 108 110 117
0 1 1 0 1 1
13
1 4 5 6 9 11 14 15 17 21 22 25 30
0 1 1 0 0 1 1 1 1 1 1 0 1
46
1 4 5 6 9 11 14 15 17 21 22 25 30 31 36 37 39 41 45 46 48 50 52 54 55 61 62 63 68 69 78 80 82 85 86 88 90 92 93 97 103 104 106 108 110 117
0 1 1 0 0 0 1 0 0 0 0 0 0 0 0 1 0 0 1 0 0 1 0 1 0 0 1 1 1 1 0 1 0 0 0 1 0 0 1 0 0 1 0 0 1 1
46
1 4 5 6 9 11 14 15 17 21 22 25 30 31 36 37 39 41 45 46 48 50 52 54 55 61 62 63 68 69 78 80 82 85 86 88 90 92 93 97 103 104 106 108 110 117
0 0 1 1 0 0 0 1 0 0 1 0 0 0 0 1 0 0 0 0 1 0 0 1 1 0 0 1 1 0 1 0 1 0 0 0 0 0 1 0 1 0 1 0 0 1
5
1 4 5 6 9
1 1 1 0 1
6
103 104 106 108 110 117
1 1 0 1 0 1
6
103 104 106 108 110 117
1 1 0 0 1 0
6
103 104 106 108 110 117
0 1 0 0 1 1
6
103 104 106 108 110 117
0 1 1 1 0 1
6
103 104 106 108 110 117
0 1 0 1 1 1
6
103 104 106 108 110 117
0 1 1 0 1 1
20
54 55 61 62 63 68 69 78 80 82 85 86 88 90 103 104 106 108 110 117
1 1 0 1 1 1 1 1 0 1 1 1 1 1 1 1 1 1 1 1
6
103 104 106 108 110 117
0 1 1 1 1 0
6
103 104 106 108 110 117
1 0 0 1 1 1
6
103 104 106 108 110 117
0 1 0 1 0 1
46
1 4 5 6 9 11 14 15 17 21 22 25 30 31 36 37 39 41 45 46 48 50 52 54 55 61 62 63 68 69 78 80 82 85 86 88 90 92 93 97 103 104 106 108 110 117
0 0 1 1 0 0 0 1 1 1 1 0 0 0 1 1 0 0 0 0 0 0 1 0 1 0 0 1 1 1 1 0 0 0 0 1 0 1 0 0 1 0 1 0 0 1
6
103 104 106 108 110 117
1 1 1 1 0 1
46
1 4 5 6 9 11 14 15 17 21 22 25 30 31 36 37 39 41 45 46 48 50 52 54 55 61 62 63 68 69 78 80 82 85 86 88 90 92 93 97 103 104 106 108 110 117
0 1 0 0 0 0 0 0 0 0 0 0 0 0 0 1 0 0 1 0 0 1 0 0 0 0 1 1 0 1 0 0 0 0 0 1 0 0 0 1 0 1 1 1 0 0
46
1 4 5 6 9 11 14 15 17 21 22 25 30 31 36 37 39 41 45 46 48 50 52 54 55 61 62 63 68 69 78 80 82 85 86 88 90 92 93 97 103 104 106 108 110 117
1 1 1 0 0 1 0 0 0 1 1 0 0 0 0 0 0 0 1 1 0 0 0 0 1 0 0 1 0 0 1 0 0 1 1 1 0 1 1 0 0 0 1 1 0 1
46
1 4 5 6 9 11 14 15 17 21 22 25 30 31 36 37 39 41 45 46 48 50 52 54 55 61 62 63 68 69 78 80 82 85 86 88 90 92 93 97 103 104 106 108 110 117
0 1 1 1 1 1 1 1 1 1 1 0 0 0 1 1 1 1 1 1 0 0 1 0 1 1 0 1 1 1 1 0 1 1 1 1 1 1 0 0 0 1 0 1 1 1
9
1 4 5 6 9 11 14 15 17
1 1 1 0 0 1 1 1 0
5
1 4 5 6 9
1 1 1 0 0
46
1 4 5 6 9 11 14 15 17 21 22 25 30 31 36 37 39 41 45 46 48 50 52 54 55 61 62 63 68 69 78 80 82 85 86 88 90 92 93 97 103 104 106 108 110 117
1 1 1 1 1 1 1 1 1 1 1 1 1 0 1 1 1 1 1 1 1 1 1 1 1 1 1 1 1 1 1 1 1 1 1 1 1 1 1 1 1 1 1 1 1 1
45
1 4 5 6 9 11 14 15 17 22 25 30 31 36 37 39 41 45 46 48 50 52 54 55 61 62 63 68 69 78 80 82 85 86 88 90 92 93 97 103 104 106 108 110 117
0 0 1 0 0 1 1 1 1 1 1 1 1 1 1 1 1 1 1 1 1 1 1 1 1 1 1 1 1 1 0 1 1 1 1 1 1 1 1 1 1 1 1 1 1
46
1 4 5 6 9 11 14 15 17 21 22 25 30 31 36 37 39 41 45 46 48 50 52 54 55 61 62 63 68 69 78 80 82 85 86 88 90 92 93 97 103 104 106 108 110 117
1 1 1 1 1 1 1 1 1 1 1 1 1 1 1 1 1 1 1 0 1 1 1 1 1 1 1 1 1 1 1 1 1 1 1 1 1 1 1 1 1 1 1 1 1 1
46
1 4 5 6 9 11 14 15 17 21 22 25 30 31 36 37 39 41 45 46 48 50 52 54 55 61 62 63 68 69 78 80 82 85 86 88 90 92 93 97 103 104 106 108 110 117
1 1 1 1 1 1 1 1 1 1 1 1 1 1 1 1 1 1 1 1 1 1 1 1 1 1 1 1 1 1 1 1 1 1 1 1 1 0 1 1 1 1 1 1 1 1
46
1 4 5 6 9 11 14 15 17 21 22 25 30 31 36 37 39 41 45 46 48 50 52 54 55 61 62 63 68 69 78 80 82 85 86 88 90 92 93 97 103 104 106 108 110 117
1 1 1 1 1 1 1 1 1 1 1 1 1 1 1 1 1 1 1 1 1 0 1 1 1 1 1 1 1 1 1 1 1 1 1 0 1 1 1 1 1 1 1 1 1 1
46
1 4 5 6 9 11 14 15 17 21 22 25 30 31 36 37 39 41 45 46 48 50 52 54 55 61 62 63 68 69 78 80 82 85 86 88 90 92 93 97 103 104 106 108 110 117
1 1 1 1 1 1 1 1 1 1 1 1 1 1 0 1 1 1 1 1 1 1 1 1 1 1 1 1 1 1 1 1 1 1 1 1 1 1 1 1 1 1 1 1 1 1
46
1 4 5 6 9 11 14 15 17 21 22 25 30 31 36 37 39 41 45 46 48 50 52 54 55 61 62 63 68 69 78 80 82 85 86 88 90 92 93 97 103 104 106 108 110 117
1 1 1 1 1 1 1 1 1 1 1 1 1 1 1 1 1 1 1 1 1 1 1 1 1 1 1 1 1 1 1 1 1 1 1 1 1 0 1 1 1 1 1 1 1 1
46
1 4 5 6 9 11 14 15 17 21 22 25 30 31 36 37 39 41 45 46 48 50 52 54 55 61 62 63 68 69 78 80 82 85 86 88 90 92 93 97 103 104 106 108 110 117
1 1 1 1 1 1 1 1 1 1 1 1 1 1 1 1 1 1 1 1 1 1 0 1 1 1 1 1 1 1 1 0 0 1 1 1 1 1 1 1 1 1 0 1 1 1
46
1 4 5 6 9 11 14 15 17 21 22 25 30 31 36 37 39 41 45 46 48 50 52 54 55 61 62 63 68 69 78 80 82 85 86 88 90 92 93 97 103 104 106 108 110 117
1 1 1 1 1 1 1 1 1 1 1 1 1 1 1 1 1 1 1 1 1 1 1 1 1 1 1 1 1 1 1 1 0 1 1 1 1 1 1 1 1 1 1 1 1 1
46
1 4 5 6 9 11 14 15 17 21 22 25 30 31 36 37 39 41 45 46 48 50 52 54 55 61 62 63 68 69 78 80 82 85 86 88 90 92 93 97 103 104 106 108 110 117
0 1 0 0 0 1 1 1 1 1 1 1 1 1 1 1 1 1 1 1 1 1 1 1 1 1 1 1 1 1 1 1 1 1 1 1 1 1 1 1 1 1 1 1 1 1
28
1 4 5 6 9 11 14 15 17 21 22 25 30 31 36 37 39 41 45 46 48 50 52 54 55 61 82 85
1 1 1 1 1 1 1 1 1 1 1 1 1 1 1 1 1 1 1 1 1 1 1 1 1 1 1 0
46
1 4 5 6 9 11 14 15 17 21 22 25 30 31 36 37 39 41 45 46 48 50 52 54 55 61 62 63 68 69 78 80 82 85 86 88 90 92 93 97 103 104 106 108 110 117
1 1 1 1 1 1 0 1 1 1 1 1 1 1 1 1 1 1 1 1 1 1 1 1 1 1 1 1 1 1 1 1 1 1 1 1 1 0 1 1 1 1 1 1 1 0
46
1 4 5 6 9 11 14 15 17 21 22 25 30 31 36 37 39 41 45 46 48 50 52 54 55 61 62 63 68 69 78 80 82 85 86 88 90 92 93 97 103 104 106 108 110 117
0 0 1 1 0 1 1 1 1 1 0 1 1 1 1 1 1 1 1 1 1 1 1 1 1 1 1 1 1 1 1 1 1 1 1 1 1 1 1 1 1 1 1 1 1 1
46
1 4 5 6 9 11 14 15 17 21 22 25 30 31 36 37 39 41 45 46 48 50 52 54 55 61 62 63 68 69 78 80 82 85 86 88 90 92 93 97 103 104 106 108 110 117
1 0 1 1 1 1 1 1 1 1 1 1 1 1 0 0 1 1 0 1 1 1 1 1 1 1 1 0 1 1 1 1 1 1 0 0 1 1 1 1 0 1 1 1 1 1
46
1 4 5 6 9 11 14 15 17 21 22 25 30 31 36 37 39 41 45 46 48 50 52 54 55 61 62 63 68 69 78 80 82 85 86 88 90 92 93 97 103 104 106 108 110 117
0 1 1 1 1 1 1 0 1 1 1 1 1 1 1 1 1 1 1 1 1 1 1 1 1 0 1 0 1 1 1 1 1 1 1 1 1 1 1 1 1 1 1 1 1 1
46
1 4 5 6 9 11 14 15 17 21 22 25 30 31 36 37 39 41 45 46 48 50 52 54 55 61 62 63 68 69 78 80 82 85 86 88 90 92 93 97 103 104 106 108 110 117
1 1 1 1 1 1 1 1 1 1 1 1 1 1 1 1 1 1 1 1 1 1 0 1 1 1 1 1 1 1 1 0 1 1 1 0 1 1 1 1 1 1 0 1 1 1
46
1 4 5 6 9 11 14 15 17 21 22 25 30 31 36 37 39 41 45 46 48 50 52 54 55 61 62 63 68 69 78 80 82 85 86 88 90 92 93 97 103 104 106 108 110 117
1 1 1 1 1 1 1 1 1 1 1 1 1 1 1 1 1 1 1 1 1 1 0 1 1 0 1 1 1 1 1 0 1 1 1 1 1 1 1 1 1 1 1 1 1 1
46
1 4 5 6 9 11 14 15 17 21 22 25 30 31 36 37 39 41 45 46 48 50 52 54 55 61 62 63 68 69 78 80 82 85 86 88 90 92 93 97 103 104 106 108 110 117
0 1 1 0 1 0 0 1 1 1 1 0 1 1 1 1 1 1 0 1 1 1 1 0 1 0 1 1 1 1 1 0 1 1 1 0 1 1 1 1 1 0 0 1 1 1
46
1 4 5 6 9 11 14 15 17 21 22 25 30 31 36 37 39 41 45 46 48 50 52 54 55 61 62 63 68 69 78 80 82 85 86 88 90 92 93 97 103 104 106 108 110 117
1 1 1 1 1 1 1 1 1 1 1 1 1 1 1 1 1 0 1 1 1 1 1 1 1 1 0 1 1 1 1 0 1 1 1 1 1 1 1 1 1 1 1 1 1 1
46
1 4 5 6 9 11 14 15 17 21 22 25 30 31 36 37 39 41 45 46 48 50 52 54 55 61 62 63 68 69 78 80 82 85 86 88 90 92 93 97 103 104 106 108 110 117
1 1 1 1 1 1 1 1 1 1 1 1 1 1 1 1 1 1 1 1 1 1 1 1 1 1 1 1 1 1 1 0 1 1 1 1 0 1 1 1 1 1 1 1 1 1
46
1 4 5 6 9 11 14 15 17 21 22 25 30 31 36 37 39 41 45 46 48 50 52 54 55 61 62 63 68 69 78 80 82 85 86 88 90 92 93 97 103 104 106 108 110 117
1 1 1 1 1 1 1 1 1 1 1 1 1 1 1 1 1 1 1 1 1 1 1 1 1 1 1 1 1 1 1 0 1 1 1 1 1 1 1 1 1 1 1 1 1 1
46
1 4 5 6 9 11 14 15 17 21 22 25 30 31 36 37 39 41 45 46 48 50 52 54 55 61 62 63 68 69 78 80 82 85 86 88 90 92 93 97 103 104 106 108 110 117
1 0 1 1 1 1 1 1 1 1 1 1 1 1 1 1 1 1 1 1 1 1 1 1 1 1 1 1 1 1 1 1 1 1 1 1 1 0 1 1 1 1 1 1 1 1
46
1 4 5 6 9 11 14 15 17 21 22 25 30 31 36 37 39 41 45 46 48 50 52 54 55 61 62 63 68 69 78 80 82 85 86 88 90 92 93 97 103 104 106 108 110 117
0 1 1 1 0 1 1 1 1 1 1 1 1 1 1 1 1 1 1 1 1 1 1 1 1 1 1 1 1 1 1 1 1 1 1 1 1 1 1 1 1 1 1 1 1 1
46
1 4 5 6 9 11 14 15 17 21 22 25 30 31 36 37 39 41 45 46 48 50 52 54 55 61 62 63 68 69 78 80 82 85 86 88 90 92 93 97 103 104 106 108 110 117
1 1 1 1 1 1 1 1 1 1 1 1 1 1 1 1 1 1 1 1 1 1 0 1 1 1 1 1 1 1 1 1 1 1 1 1 1 1 1 1 1 1 1 1 1 1
46
1 4 5 6 9 11 14 15 17 21 22 25 30 31 36 37 39 41 45 46 48 50 52 54 55 61 62 63 68 69 78 80 82 85 86 88 90 92 93 97 103 104 106 108 110 117
1 1 1 1 1 1 1 0 1 1 1 1 1 1 1 1 1 1 1 1 1 1 1 1 1 1 1 1 1 1 1 1 1 1 1 1 1 1 1 0 1 1 1 1 1 1
46
1 4 5 6 9 11 14 15 17 21 22 25 30 31 36 37 39 41 45 46 48 50 52 54 55 61 62 63 68 69 78 80 82 85 86 88 90 92 93 97 103 104 106 108 110 117
1 1 1 1 1 1 1 1 1 1 1 1 1 1 1 1 1 1 1 1 1 1 1 1 1 1 1 1 1 1 1 1 1 1 1 1 1 0 1 1 1 1 1 1 1 1
46
1 4 5 6 9 11 14 15 17 21 22 25 30 31 36 37 39 41 45 46 48 50 52 54 55 61 62 63 68 69 78 80 82 85 86 88 90 92 93 97 103 104 106 108 110 117
1 1 1 1 1 1 1 1 1 1 1 1 1 1 1 1 1 1 1 1 1 1 1 1 1 1 1 1 1 1 1 1 1 1 1 1 1 1 1 0 1 1 1 1 1 1
46
1 4 5 6 9 11 14 15 17 21 22 25 30 31 36 37 39 41 45 46 48 50 52 54 55 61 62 63 68 69 78 80 82 85 86 88 90 92 93 97 103 104 106 108 110 117
1 1 1 1 1 1 1 1 1 1 1 1 1 1 1 1 1 1 1 1 1 1 1 1 1 1 1 1 1 1 1 1 1 1 1 0 1 1 1 1 1 1 1 1 1 1
5
1 4 5 6 9
1 1 1 1 0
46
1 4 5 6 9 11 14 15 17 21 22 25 30 31 36 37 39 41 45 46 48 50 52 54 55 61 62 63 68 69 78 80 82 85 86 88 90 92 93 97 103 104 106 108 110 117
1 1 1 1 1 1 1 1 1 1 1 1 1 1 1 1 1 1 1 1 1 1 1 1 1 1 1 1 1 1 1 0 1 1 1 1 1 1 1 1 1 1 1 1 1 1
46
1 4 5 6 9 11 14 15 17 21 22 25 30 31 36 37 39 41 45 46 48 50 52 54 55 61 62 63 68 69 78 80 82 85 86 88 90 92 93 97 103 104 106 108 110 117
1 1 1 1 1 1 1 1 1 1 1 1 1 1 1 1 1 1 1 1 1 1 0 1 1 1 1 0 1 1 1 0 0 1 1 0 1 1 1 1 1 1 1 1 1 0
46
1 4 5 6 9 11 14 15 17 21 22 25 30 31 36 37 39 41 45 46 48 50 52 54 55 61 62 63 68 69 78 80 82 85 86 88 90 92 93 97 103 104 106 108 110 117
0 0 1 0 0 1 1 1 1 1 1 1 1 1 1 1 1 1 1 1 1 1 1 1 1 1 1 1 1 1 1 1 1 1 1 1 1 1 1 1 1 1 1 1 1 1
44
1 4 5 6 9 11 14 15 17 21 22 25 30 31 36 37 39 41 45 46 48 50 52 54 55 61 62 63 68 69 78 80 82 85 86 88 90 92 93 97 103 104 106 108
1 1 1 1 1 1 1 1 1 0 1 1 1 1 1 1 1 0 1 1 1 1 1 1 1 1 1 1 1 1 1 1 1 1 1 1 1 1 1 1 1 1 1 1
46
1 4 5 6 9 11 14 15 17 21 22 25 30 31 36 37 39 41 45 46 48 50 52 54 55 61 62 63 68 69 78 80 82 85 86 88 90 92 93 97 103 104 106 108 110 117
1 1 1 1 1 1 1 0 1 1 1 1 1 1 1 1 1 1 1 1 0 1 1 1 1 1 1 1 1 1 0 0 1 1 1 1 1 1 1 1 1 1 1 1 0 1
45
1 4 5 6 9 11 14 15 17 21 22 25 30 31 36 37 39 41 45 46 48 50 52 54 55 61 62 63 68 69 78 80 82 85 86 88 90 92 93 97 103 104 106 108 110
1 1 1 1 1 1 1 1 1 1 1 1 1 1 1 1 1 1 1 1 1 1 1 1 1 1 1 1 1 1 1 1 1 1 1 1 1 1 1 1 1 1 0 1 1
46
1 4 5 6 9 11 14 15 17 21 22 25 30 31 36 37 39 41 45 46 48 50 52 54 55 61 62 63 68 69 78 80 82 85 86 88 90 92 93 97 103 104 106 108 110 117
1 1 1 1 1 1 1 1 1 0 1 1 1 0 1 1 1 1 1 1 1 1 1 1 0 1 1 1 1 1 1 1 1 1 1 1 1 1 1 1 1 1 1 1 1 1
46
1 4 5 6 9 11 14 15 17 21 22 25 30 31 36 37 39 41 45 46 48 50 52 54 55 61 62 63 68 69 78 80 82 85 86 88 90 92 93 97 103 104 106 108 110 117
1 1 1 1 1 1 1 1 1 1 1 1 1 1 1 1 1 1 1 1 1 1 0 1 1 1 1 1 1 1 1 1 1 1 1 1 1 1 1 1 1 1 1 1 1 1
46
1 4 5 6 9 11 14 15 17 21 22 25 30 31 36 37 39 41 45 46 48 50 52 54 55 61 62 63 68 69 78 80 82 85 86 88 90 92 93 97 103 104 106 108 110 117
1 1 1 1 1 1 1 1 1 1 1 1 1 0 1 1 1 1 1 1 1 1 1 1 1 1 1 1 1 1 1 0 1 1 1 1 1 1 1 1 1 1 1 1 1 0
46
1 4 5 6 9 11 14 15 17 21 22 25 30 31 36 37 39 41 45 46 48 50 52 54 55 61 62 63 68 69 78 80 82 85 86 88 90 92 93 97 103 104 106 108 110 117
1 1 1 1 1 1 1 1 1 1 1 1 1 1 1 1 1 1 1 1 1 1 1 1 1 1 1 1 1 1 1 1 1 1 0 1 1 1 1 1 1 1 1 1 1 1
46
1 4 5 6 9 11 14 15 17 21 22 25 30 31 36 37 39 41 45 46 48 50 52 54 55 61 62 63 68 69 78 80 82 85 86 88 90 92 93 97 103 104 106 108 110 117
1 1 1 1 1 1 1 1 1 1 1 1 1 0 1 1 1 1 1 1 1 1 1 1 1 1 1 0 1 1 1 1 1 1 1 1 1 1 1 1 1 1 0 1 1 1
46
1 4 5 6 9 11 14 15 17 21 22 25 30 31 36 37 39 41 45 46 48 50 52 54 55 61 62 63 68 69 78 80 82 85 86 88 90 92 93 97 103 104 106 108 110 117
1 1 0 1 1 1 1 1 1 1 1 0 0 1 1 1 1 1 1 1 1 1 1 1 0 1 1 1 1 1 1 1 1 1 1 1 1 0 1 1 1 1 0 1 1 1
46
1 4 5 6 9 11 14 15 17 21 22 25 30 31 36 37 39 41 45 46 48 50 52 54 55 61 62 63 68 69 78 80 82 85 86 88 90 92 93 97 103 104 106 108 110 117
0 1 1 0 1 1 1 1 1 1 1 1 1 1 1 1 1 1 1 1 1 1 1 1 1 1 1 1 1 1 1 1 1 1 1 1 1 1 1 1 1 1 1 1 1 1
44
1 4 5 6 9 11 14 15 17 21 22 25 30 31 36 37 39 41 45 46 48 50 52 54 55 61 62 63 68 69 78 80 82 85 86 88 90 92 93 97 103 104 106 108
1 1 1 1 1 1 1 0 1 1 1 1 1 1 1 1 1 1 1 1 1 1 1 1 1 1 1 1 1 1 1 1 1 1 1 1 1 1 1 1 1 0 0 1
46
1 4 5 6 9 11 14 15 17 21 22 25 30 31 36 37 39 41 45 46 48 50 52 54 55 61 62 63 68 69 78 80 82 85 86 88 90 92 93 97 103 104 106 108 110 117
1 1 0 1 1 1 1 1 1 1 1 1 1 1 1 1 1 1 1 1 1 1 1 1 1 1 1 1 1 1 1 1 1 1 1 1 1 1 1 1 1 1 1 1 1 1
46
1 4 5 6 9 11 14 15 17 21 22 25 30 31 36 37 39 41 45 46 48 50 52 54 55 61 62 63 68 69 78 80 82 85 86 88 90 92 93 97 103 104 106 108 110 117
1 1 1 1 1 1 1 1 1 1 1 1 1 0 1 1 1 1 1 1 1 1 0 1 1 1 1 1 1 1 1 1 1 1 1 1 1 1 1 1 1 1 1 1 1 1
46
1 4 5 6 9 11 14 15 17 21 22 25 30 31 36 37 39 41 45 46 48 50 52 54 55 61 62 63 68 69 78 80 82 85 86 88 90 92 93 97 103 104 106 108 110 117
0 1 0 0 1 1 1 1 1 1 1 1 0 1 1 1 1 1 1 1 1 1 1 1 1 1 1 1 1 1 1 0 0 1 1 1 1 1 1 1 1 1 1 1 1 1
46
1 4 5 6 9 11 14 15 17 21 22 25 30 31 36 37 39 41 45 46 48 50 52 54 55 61 62 63 68 69 78 80 82 85 86 88 90 92 93 97 103 104 106 108 110 117
0 1 1 1 1 0 1 1 1 1 1 1 1 0 1 1 1 1 1 1 1 1 1 1 1 0 1 1 1 1 1 1 1 1 1 1 1 1 1 1 1 1 1 1 1 1
46
1 4 5 6 9 11 14 15 17 21 22 25 30 31 36 37 39 41 45 46 48 50 52 54 55 61 62 63 68 69 78 80 82 85 86 88 90 92 93 97 103 104 106 108 110 117
1 1 1 1 1 1 1 1 1 1 1 1 1 1 1 1 1 0 1 1 1 1 1 1 1 1 1 1 1 1 1 0 1 0 1 1 1 1 1 1 1 1 1 1 1 1
46
1 4 5 6 9 11 14 15 17 21 22 25 30 31 36 37 39 41 45 46 48 50 52 54 55 61 62 63 68 69 78 80 82 85 86 88 90 92 93 97 103 104 106 108 110 117
1 1 1 1 1 1 0 1 1 1 1 1 1 1 1 1 1 1 1 1 1 1 1 1 1 1 1 1 1 1 1 1 1 1 1 1 1 1 1 1 1 0 1 1 1 1
46
1 4 5 6 9 11 14 15 17 21 22 25 30 31 36 37 39 41 45 46 48 50 52 54 55 61 62 63 68 69 78 80 82 85 86 88 90 92 93 97 103 104 106 108 110 117
1 1 0 1 1 1 1 1 1 1 1 1 1 1 1 1 1 1 1 1 1 1 1 1 1 1 1 1 1 1 1 1 1 1 1 1 1 1 1 1 1 1 1 1 1 1
46
1 4 5 6 9 11 14 15 17 21 22 25 30 31 36 37 39 41 45 46 48 50 52 54 55 61 62 63 68 69 78 80 82 85 86 88 90 92 93 97 103 104 106 108 110 117
0 0 1 0 0 1 1 0 1 1 1 1 1 1 1 1 1 1 1 1 1 1 1 1 1 0 0 1 1 1 1 1 1 1 1 1 1 1 1 1 1 1 1 1 1 1
46
1 4 5 6 9 11 14 15 17 21 22 25 30 31 36 37 39 41 45 46 48 50 52 54 55 61 62 63 68 69 78 80 82 85 86 88 90 92 93 97 103 104 106 108 110 117
0 1 1 1 1 1 1 1 1 1 1 1 1 1 1 1 1 1 1 1 1 1 1 1 1 0 1 1 1 1 1 1 1 1 1 1 1 1 1 1 1 1 1 1 1 1
45
1 4 5 9 11 14 15 17 21 22 25 30 31 36 37 39 41 45 46 48 50 52 54 55 61 62 63 68 69 78 80 82 85 86 88 90 92 93 97 103 104 106 108 110 117
0 0 1 0 1 1 1 1 1 1 0 0 1 1 1 1 1 1 1 1 1 1 1 1 1 1 1 1 1 1 1 0 1 1 0 1 0 1 1 1 1 1 1 1 1
46
1 4 5 6 9 11 14 15 17 21 22 25 30 31 36 37 39 41 45 46 48 50 52 54 55 61 62 63 68 69 78 80 82 85 86 88 90 92 93 97 103 104 106 108 110 117
0 0 1 0 1 0 1 1 1 1 1 0 0 1 1 1 1 0 1 1 1 0 1 1 1 1 1 1 1 1 1 1 1 0 1 1 1 1 1 1 1 1 0 1 1 1
46
1 4 5 6 9 11 14 15 17 21 22 25 30 31 36 37 39 41 45 46 48 50 52 54 55 61 62 63 68 69 78 80 82 85 86 88 90 92 93 97 103 104 106 108 110 117
1 1 1 1 1 1 1 1 1 1 1 1 1 1 1 1 1 1 1 0 1 1 1 1 1 1 1 1 1 1 1 1 1 1 1 1 1 1 1 1 0 1 1 1 1 1
46
1 4 5 6 9 11 14 15 17 21 22 25 30 31 36 37 39 41 45 46 48 50 52 54 55 61 62 63 68 69 78 80 82 85 86 88 90 92 93 97 103 104 106 108 110 117
1 1 1 1 1 1 1 1 1 1 1 1 1 1 1 1 1 1 1 1 1 1 1 1 1 1 1 1 1 1 1 1 1 1 1 1 1 1 1 1 0 0 0 0 0 0
46
1 4 5 6 9 11 14 15 17 21 22 25 30 31 36 37 39 41 45 46 48 50 52 54 55 61 62 63 68 69 78 80 82 85 86 88 90 92 93 97 103 104 106 108 110 117
1 1 1 1 1 1 1 1 1 1 1 1 1 1 1 1 1 1 1 1 1 1 1 1 1 1 1 1 1 1 1 1 1 1 1 1 1 1 1 1 1 1 1 1 0 1
46
1 4 5 6 9 11 14 15 17 21 22 25 30 31 36 37 39 41 45 46 48 50 52 54 55 61 62 63 68 69 78 80 82 85 86 88 90 92 93 97 103 104 106 108 110 117
1 1 1 1 1 1 1 1 1 1 1 1 1 1 1 1 1 1 1 1 1 1 1 1 1 1 1 1 1 1 1 1 0 1 1 1 1 0 1 1 1 1 1 1 1 1
46
1 4 5 6 9 11 14 15 17 21 22 25 30 31 36 37 39 41 45 46 48 50 52 54 55 61 62 63 68 69 78 80 82 85 86 88 90 92 93 97 103 104 106 108 110 117
1 1 1 1 1 1 1 1 1 1 1 1 1 1 1 1 1 1 1 1 1 1 1 1 1 1 1 1 1 1 1 1 0 1 1 0 1 0 1 1 1 1 1 1 1 1
46
1 4 5 6 9 11 14 15 17 21 22 25 30 31 36 37 39 41 45 46 48 50 52 54 55 61 62 63 68 69 78 80 82 85 86 88 90 92 93 97 103 104 106 108 110 117
1 1 1 1 1 1 1 1 1 1 1 1 1 1 1 1 1 1 1 1 1 1 1 1 1 1 1 1 1 1 1 1 1 1 1 1 1 1 1 1 1 1 0 1 1 1
46
1 4 5 6 9 11 14 15 17 21 22 25 30 31 36 37 39 41 45 46 48 50 52 54 55 61 62 63 68 69 78 80 82 85 86 88 90 92 93 97 103 104 106 108 110 117
1 1 1 1 0 1 1 1 1 1 1 1 1 1 1 1 1 1 1 1 1 1 1 1 1 1 1 1 1 1 1 1 1 1 1 1 1 1 1 1 1 1 1 1 1 1
46
1 4 5 6 9 11 14 15 17 21 22 25 30 31 36 37 39 41 45 46 48 50 52 54 55 61 62 63 68 69 78 80 82 85 86 88 90 92 93 97 103 104 106 108 110 117
0 1 1 1 0 1 1 1 1 1 1 1 1 0 1 1 1 1 1 1 1 1 1 1 1 1 1 1 1 1 1 1 1 1 1 1 1 1 0 1 1 1 1 1 1 1
46
1 4 5 6 9 11 14 15 17 21 22 25 30 31 36 37 39 41 45 46 48 50 52 54 55 61 62 63 68 69 78 80 82 85 86 88 90 92 93 97 103 104 106 108 110 117
1 1 1 1 1 1 1 1 1 1 1 1 1 0 1 1 1 1 1 1 1 1 1 1 1 1 1 1 1 1 1 1 1 1 1 1 1 1 1 1 1 1 1 1 1 1
46
1 4 5 6 9 11 14 15 17 21 22 25 30 31 36 37 39 41 45 46 48 50 52 54 55 61 62 63 68 69 78 80 82 85 86 88 90 92 93 97 103 104 106 108 110 117
1 1 1 1 1 1 1 1 1 1 1 1 1 1 1 1 1 1 1 1 1 1 1 1 1 0 1 1 0 1 1 0 1 1 1 1 1 1 1 1 1 1 1 1 1 1
46
1 4 5 6 9 11 14 15 17 21 22 25 30 31 36 37 39 41 45 46 48 50 52 54 55 61 62 63 68 69 78 80 82 85 86 88 90 92 93 97 103 104 106 108 110 117
0 0 1 0 0 0 1 0 1 0 1 1 1 1 0 1 1 1 1 0 1 1 1 1 1 1 1 1 1 1 1 1 1 1 1 1 1 1 1 1 1 1 1 1 1 1
46
1 4 5 6 9 11 14 15 17 21 22 25 30 31 36 37 39 41 45 46 48 50 52 54 55 61 62 63 68 69 78 80 82 85 86 88 90 92 93 97 103 104 106 108 110 117
1 1 1 1 1 1 1 1 1 1 1 1 1 1 1 0 1 0 1 1 1 1 1 1 1 1 1 1 1 1 1 1 1 1 0 1 1 1 1 1 1 1 1 1 1 1
46
1 4 5 6 9 11 14 15 17 21 22 25 30 31 36 37 39 41 45 46 48 50 52 54 55 61 62 63 68 69 78 80 82 85 86 88 90 92 93 97 103 104 106 108 110 117
1 1 1 1 1 1 1 1 1 1 1 1 1 1 1 1 1 1 1 1 1 1 1 1 1 0 1 1 1 1 1 1 1 1 1 1 1 1 1 1 1 1 1 1 1 1
46
1 4 5 6 9 11 14 15 17 21 22 25 30 31 36 37 39 41 45 46 48 50 52 54 55 61 62 63 68 69 78 80 82 85 86 88 90 92 93 97 103 104 106 108 110 117
1 1 1 1 1 1 1 1 1 1 1 1 1 1 1 1 1 1 1 1 1 1 1 1 1 1 1 1 1 1 1 1 1 1 1 1 1 1 1 1 1 1 1 0 1 1
46
1 4 5 6 9 11 14 15 17 21 22 25 30 31 36 37 39 41 45 46 48 50 52 54 55 61 62 63 68 69 78 80 82 85 86 88 90 92 93 97 103 104 106 108 110 117
1 1 1 1 0 1 1 1 1 1 1 1 1 1 1 1 1 1 1 0 1 1 0 1 1 0 1 0 1 1 1 0 0 1 1 1 1 1 1 1 0 1 1 1 1 0
46
1 4 5 6 9 11 14 15 17 21 22 25 30 31 36 37 39 41 45 46 48 50 52 54 55 61 62 63 68 69 78 80 82 85 86 88 90 92 93 97 103 104 106 108 110 117
1 1 1 1 1 1 0 1 1 1 1 1 1 1 1 1 1 1 1 1 1 1 1 1 1 1 1 1 1 1 1 1 1 1 1 1 1 1 1 1 1 1 1 1 1 1
46
1 4 5 6 9 11 14 15 17 21 22 25 30 31 36 37 39 41 45 46 48 50 52 54 55 61 62 63 68 69 78 80 82 85 86 88 90 92 93 97 103 104 106 108 110 117
0 1 1 1 1 1 1 1 1 1 1 1 1 1 1 1 1 1 1 1 1 1 1 1 1 1 1 1 1 1 1 1 1 1 1 1 1 1 1 1 1 1 1 1 1 1
46
1 4 5 6 9 11 14 15 17 21 22 25 30 31 36 37 39 41 45 46 48 50 52 54 55 61 62 63 68 69 78 80 82 85 86 88 90 92 93 97 103 104 106 108 110 117
1 1 1 1 1 1 0 1 1 1 1 1 1 1 1 1 1 1 1 1 1 1 1 1 1 1 1 1 1 1 1 1 1 1 1 1 1 1 1 1 1 1 1 1 1 1
46
1 4 5 6 9 11 14 15 17 21 22 25 30 31 36 37 39 41 45 46 48 50 52 54 55 61 62 63 68 69 78 80 82 85 86 88 90 92 93 97 103 104 106 108 110 117
1 1 1 1 0 1 1 1 1 1 1 1 1 0 1 0 1 0 1 1 1 1 1 1 1 1 1 1 1 1 1 1 1 1 1 1 1 1 1 1 1 1 1 1 1 1
46
1 4 5 6 9 11 14 15 17 21 22 25 30 31 36 37 39 41 45 46 48 50 52 54 55 61 62 63 68 69 78 80 82 85 86 88 90 92 93 97 103 104 106 108 110 117
0 1 1 0 0 1 1 1 1 1 1 1 1 1 1 1 1 1 1 1 1 1 1 1 1 1 1 1 1 1 1 1 1 1 1 1 1 1 1 0 1 1 1 1 1 1
46
1 4 5 6 9 11 14 15 17 21 22 25 30 31 36 37 39 41 45 46 48 50 52 54 55 61 62 63 68 69 78 80 82 85 86 88 90 92 93 97 103 104 106 108 110 117
0 0 0 0 0 1 1 1 1 0 1 1 1 0 0 1 1 0 0 1 1 0 1 1 1 1 1 1 1 1 1 1 1 1 1 1 1 1 1 0 1 1 1 1 1 1
46
1 4 5 6 9 11 14 15 17 21 22 25 30 31 36 37 39 41 45 46 48 50 52 54 55 61 62 63 68 69 78 80 82 85 86 88 90 92 93 97 103 104 106 108 110 117
0 1 1 0 0 1 1 1 1 1 1 1 1 1 1 1 1 1 1 1 1 1 1 1 1 1 1 1 1 1 1 1 1 1 1 1 1 1 1 1 1 1 1 1 1 1
46
1 4 5 6 9 11 14 15 17 21 22 25 30 31 36 37 39 41 45 46 48 50 52 54 55 61 62 63 68 69 78 80 82 85 86 88 90 92 93 97 103 104 106 108 110 117
1 1 1 1 1 1 1 1 1 1 1 1 1 1 1 1 1 1 1 1 1 1 1 1 0 1 1 1 1 1 1 1 1 1 1 1 1 1 1 0 1 1 1 1 1 1
46
1 4 5 6 9 11 14 15 17 21 22 25 30 31 36 37 39 41 45 46 48 50 52 54 55 61 62 63 68 69 78 80 82 85 86 88 90 92 93 97 103 104 106 108 110 117
0 0 1 1 1 0 1 1 1 1 1 1 1 1 1 1 1 1 1 1 1 1 1 1 1 1 1 1 1 1 1 1 1 1 1 1 1 1 1 1 1 1 1 1 1 1
46
1 4 5 6 9 11 14 15 17 21 22 25 30 31 36 37 39 41 45 46 48 50 52 54 55 61 62 63 68 69 78 80 82 85 86 88 90 92 93 97 103 104 106 108 110 117
1 1 1 1 1 1 1 1 1 1 1 1 1 0 1 1 1 1 1 1 1 1 1 1 1 1 1 1 1 1 1 1 1 1 1 1 1 1 1 1 1 1 1 1 1 1
46
1 4 5 6 9 11 14 15 17 21 22 25 30 31 36 37 39 41 45 46 48 50 52 54 55 61 62 63 68 69 78 80 82 85 86 88 90 92 93 97 103 104 106 108 110 117
0 1 0 0 1 1 1 1 1 1 1 1 1 1 1 1 1 1 1 1 1 1 1 1 1 1 1 1 1 1 1 0 1 1 1 1 1 1 1 1 1 1 1 1 1 1
46
1 4 5 6 9 11 14 15 17 21 22 25 30 31 36 37 39 41 45 46 48 50 52 54 55 61 62 63 68 69 78 80 82 85 86 88 90 92 93 97 103 104 106 108 110 117
0 0 0 1 0 1 1 0 1 0 0 0 0 0 0 1 0 0 0 0 0 1 1 1 1 0 1 0 1 0 1 1 1 1 1 1 1 1 1 1 1 1 1 1 1 1
46
1 4 5 6 9 11 14 15 17 21 22 25 30 31 36 37 39 41 45 46 48 50 52 54 55 61 62 63 68 69 78 80 82 85 86 88 90 92 93 97 103 104 106 108 110 117
1 1 1 1 1 1 1 1 1 1 1 1 1 1 1 1 1 1 1 1 1 1 1 1 1 1 1 0 1 1 1 1 1 1 1 1 1 1 1 1 1 1 1 1 1 1
46
1 4 5 6 9 11 14 15 17 21 22 25 30 31 36 37 39 41 45 46 48 50 52 54 55 61 62 63 68 69 78 80 82 85 86 88 90 92 93 97 103 104 106 108 110 117
0 1 1 0 0 1 1 1 1 1 1 1 1 1 1 1 1 1 1 1 1 1 1 1 1 1 1 1 1 1 1 1 1 1 1 1 1 1 1 1 1 1 1 1 1 1
46
1 4 5 6 9 11 14 15 17 21 22 25 30 31 36 37 39 41 45 46 48 50 52 54 55 61 62 63 68 69 78 80 82 85 86 88 90 92 93 97 103 104 106 108 110 117
0 1 1 1 1 1 1 1 1 1 1 1 1 1 1 1 1 1 1 1 1 1 1 1 1 1 1 1 1 1 1 1 1 1 1 1 1 1 1 1 1 1 1 1 1 1
46
1 4 5 6 9 11 14 15 17 21 22 25 30 31 36 37 39 41 45 46 48 50 52 54 55 61 62 63 68 69 78 80 82 85 86 88 90 92 93 97 103 104 106 108 110 117
1 1 1 1 1 0 1 1 1 1 1 1 1 1 1 1 1 1 1 1 1 1 1 1 1 1 1 1 1 1 1 1 1 1 1 1 1 1 1 1 1 1 1 1 1 1
46
1 4 5 6 9 11 14 15 17 21 22 25 30 31 36 37 39 41 45 46 48 50 52 54 55 61 62 63 68 69 78 80 82 85 86 88 90 92 93 97 103 104 106 108 110 117
1 1 1 1 1 1 1 1 1 1 1 1 1 0 1 0 1 1 1 1 1 0 1 1 1 1 1 1 1 1 1 1 1 1 1 1 1 1 1 1 1 1 1 1 1 1
46
1 4 5 6 9 11 14 15 17 21 22 25 30 31 36 37 39 41 45 46 48 50 52 54 55 61 62 63 68 69 78 80 82 85 86 88 90 92 93 97 103 104 106 108 110 117
1 1 1 0 0 0 1 1 1 0 1 0 0 0 1 1 0 0 0 1 1 0 1 1 1 1 1 1 1 1 1 1 1 1 1 1 1 1 1 1 1 1 1 1 1 1
46
1 4 5 6 9 11 14 15 17 21 22 25 30 31 36 37 39 41 45 46 48 50 52 54 55 61 62 63 68 69 78 80 82 85 86 88 90 92 93 97 103 104 106 108 110 117
1 1 1 1 1 1 1 1 1 1 0 1 1 1 1 1 1 1 1 1 1 1 1 1 1 1 1 1 1 1 1 1 1 1 1 1 1 1 1 1 1 1 1 1 1 1
46
1 4 5 6 9 11 14 15 17 21 22 25 30 31 36 37 39 41 45 46 48 50 52 54 55 61 62 63 68 69 78 80 82 85 86 88 90 92 93 97 103 104 106 108 110 117
1 1 1 1 1 0 1 0 1 1 1 1 1 1 1 1 1 1 1 1 1 1 1 1 1 1 1 1 1 1 1 1 1 1 1 1 1 1 1 1 1 1 1 1 1 1
46
1 4 5 6 9 11 14 15 17 21 22 25 30 31 36 37 39 41 45 46 48 50 52 54 55 61 62 63 68 69 78 80 82 85 86 88 90 92 93 97 103 104 106 108 110 117
1 1 1 0 1 1 1 0 1 1 1 1 1 0 1 1 0 1 1 0 1 1 1 1 1 1 1 1 1 0 1 0 1 1 1 1 0 1 1 1 1 1 1 1 1 1
46
1 4 5 6 9 11 14 15 17 21 22 25 30 31 36 37 39 41 45 46 48 50 52 54 55 61 62 63 68 69 78 80 82 85 86 88 90 92 93 97 103 104 106 108 110 117
0 1 1 1 0 0 1 1 1 1 1 1 1 0 1 1 1 1 1 1 1 1 1 1 1 1 1 1 1 1 1 1 1 1 1 1 1 1 1 1 1 1 1 1 1 1
46
1 4 5 6 9 11 14 15 17 21 22 25 30 31 36 37 39 41 45 46 48 50 52 54 55 61 62 63 68 69 78 80 82 85 86 88 90 92 93 97 103 104 106 108 110 117
1 1 1 1 1 1 1 1 1 1 1 1 1 1 1 1 1 1 1 1 1 0 1 1 1 1 1 1 1 1 1 1 1 1 1 1 1 1 1 1 1 1 1 1 1 1
46
1 4 5 6 9 11 14 15 17 21 22 25 30 31 36 37 39 41 45 46 48 50 52 54 55 61 62 63 68 69 78 80 82 85 86 88 90 92 93 97 103 104 106 108 110 117
1 0 0 1 0 1 1 1 1 1 1 1 1 1 1 1 1 1 1 1 1 1 1 1 1 1 1 1 1 1 1 1 1 1 1 1 1 1 1 1 1 1 1 1 1 1
42
1 4 5 6 9 11 14 15 17 31 36 37 39 41 45 46 48 50 52 54 55 61 62 63 68 69 78 80 82 85 86 88 90 92 93 97 103 104 106 108 110 117
0 0 1 0 1 1 1 1 1 1 1 1 1 1 1 1 1 1 1 1 1 1 1 1 1 1 1 0 0 1 1 1 1 1 1 1 1 1 1 1 1 1
46
1 4 5 6 9 11 14 15 17 21 22 25 30 31 36 37 39 41 45 46 48 50 52 54 55 61 62 63 68 69 78 80 82 85 86 88 90 92 93 97 103 104 106 108 110 117
1 1 1 1 1 1 1 1 1 0 1 1 1 1 1 1 1 1 1 1 1 1 1 1 1 0 0 0 0 1 1 1 0 0 0 0 0 1 1 1 1 1 1 1 1 1
46
1 4 5 6 9 11 14 15 17 21 22 25 30 31 36 37 39 41 45 46 48 50 52 54 55 61 62 63 68 69 78 80 82 85 86 88 90 92 93 97 103 104 106 108 110 117
1 1 1 1 1 1 1 1 1 1 1 1 0 1 1 1 0 1 0 0 1 1 1 1 1 0 1 1 1 1 1 1 1 1 1 0 1 1 1 0 0 0 1 1 1 1
46
1 4 5 6 9 11 14 15 17 21 22 25 30 31 36 37 39 41 45 46 48 50 52 54 55 61 62 63 68 69 78 80 82 85 86 88 90 92 93 97 103 104 106 108 110 117
0 1 1 1 1 1 1 1 1 1 1 1 1 1 0 1 1 0 1 1 1 1 1 1 0 1 1 1 1 0 1 1 1 1 1 1 1 1 1 1 1 0 1 1 1 1
46
1 4 5 6 9 11 14 15 17 21 22 25 30 31 36 37 39 41 45 46 48 50 52 54 55 61 62 63 68 69 78 80 82 85 86 88 90 92 93 97 103 104 106 108 110 117
0 1 1 0 1 1 0 1 1 1 1 1 0 0 1 1 1 0 1 1 1 0 1 1 1 1 1 1 1 1 1 1 1 1 1 1 1 1 1 1 1 1 1 1 1 1
46
1 4 5 6 9 11 14 15 17 21 22 25 30 31 36 37 39 41 45 46 48 50 52 54 55 61 62 63 68 69 78 80 82 85 86 88 90 92 93 97 103 104 106 108 110 117
1 1 1 1 1 1 1 1 1 1 1 1 1 1 1 1 1 1 1 1 1 1 1 1 1 1 1 1 1 1 1 1 1 1 1 1 1 1 1 1 1 1 1 0 1 1
46
1 4 5 6 9 11 14 15 17 21 22 25 30 31 36 37 39 41 45 46 48 50 52 54 55 61 62 63 68 69 78 80 82 85 86 88 90 92 93 97 103 104 106 108 110 117
1 1 1 1 1 1 1 1 1 1 1 1 1 1 1 1 1 1 1 1 1 1 1 0 1 1 1 1 1 1 1 1 1 1 1 0 1 1 0 1 1 1 1 1 0 1
46
1 4 5 6 9 11 14 15 17 21 22 25 30 31 36 37 39 41 45 46 48 50 52 54 55 61 62 63 68 69 78 80 82 85 86 88 90 92 93 97 103 104 106 108 110 117
0 1 0 0 0 1 0 1 0 0 0 0 1 0 0 1 1 0 0 0 0 1 1 0 1 1 0 1 1 1 0 0 0 0 0 1 0 0 1 1 0 0 1 0 1 0
46
1 4 5 6 9 11 14 15 17 21 22 25 30 31 36 37 39 41 45 46 48 50 52 54 55 61 62 63 68 69 78 80 82 85 86 88 90 92 93 97 103 104 106 108 110 117
1 1 1 1 1 1 1 1 1 1 0 1 1 1 1 1 1 1 1 1 1 1 1 1 1 1 1 1 1 1 1 1 1 1 1 1 1 1 1 1 1 1 1 1 1 1
46
1 4 5 6 9 11 14 15 17 21 22 25 30 31 36 37 39 41 45 46 48 50 52 54 55 61 62 63 68 69 78 80 82 85 86 88 90 92 93 97 103 104 106 108 110 117
0 1 1 1 1 1 1 1 1 1 1 1 1 0 1 1 1 1 1 1 1 1 1 1 1 1 1 1 1 1 1 1 1 1 1 1 1 1 1 1 1 1 1 1 1 1
46
1 4 5 6 9 11 14 15 17 21 22 25 30 31 36 37 39 41 45 46 48 50 52 54 55 61 62 63 68 69 78 80 82 85 86 88 90 92 93 97 103 104 106 108 110 117
0 0 1 0 0 0 0 1 0 1 1 1 1 0 1 1 1 1 1 1 1 1 1 1 1 1 1 1 1 1 1 1 1 1 1 1 1 1 1 1 1 1 1 1 1 1
46
1 4 5 6 9 11 14 15 17 21 22 25 30 31 36 37 39 41 45 46 48 50 52 54 55 61 62 63 68 69 78 80 82 85 86 88 90 92 93 97 103 104 106 108 110 117
0 1 1 0 1 1 1 1 1 0 1 1 0 1 1 1 1 1 1 1 0 1 1 1 1 1 1 1 1 0 1 1 1 1 0 1 1 1 1 1 1 1 1 1 1 0
46
1 4 5 6 9 11 14 15 17 21 22 25 30 31 36 37 39 41 45 46 48 50 52 54 55 61 62 63 68 69 78 80 82 85 86 88 90 92 93 97 103 104 106 108 110 117
0 0 0 1 1 0 0 1 0 0 1 0 1 1 1 1 1 1 1 1 1 1 1 1 1 1 1 1 1 1 1 1 1 1 1 1 1 1 1 1 1 1 1 1 1 1
46
1 4 5 6 9 11 14 15 17 21 22 25 30 31 36 37 39 41 45 46 48 50 52 54 55 61 62 63 68 69 78 80 82 85 86 88 90 92 93 97 103 104 106 108 110 117
0 1 1 0 0 0 1 0 0 0 1 1 0 1 1 0 0 1 0 1 0 0 0 0 1 1 1 1 1 1 1 1 1 1 0 0 1 1 1 1 1 1 1 1 0 1
46
1 4 5 6 9 11 14 15 17 21 22 25 30 31 36 37 39 41 45 46 48 50 52 54 55 61 62 63 68 69 78 80 82 85 86 88 90 92 93 97 103 104 106 108 110 117
1 1 1 1 1 1 1 1 1 1 1 1 1 1 1 1 1 1 1 1 1 1 1 1 1 1 1 1 1 1 1 0 1 1 1 1 1 1 1 1 1 0 1 0 1 1
46
1 4 5 6 9 11 14 15 17 21 22 25 30 31 36 37 39 41 45 46 48 50 52 54 55 61 62 63 68 69 78 80 82 85 86 88 90 92 93 97 103 104 106 108 110 117
0 0 1 0 0 1 1 1 1 1 1 1 1 1 1 1 1 1 1 1 1 0 1 1 1 1 1 1 1 1 1 1 1 1 1 1 1 1 1 1 1 1 1 1 1 1
46
1 4 5 6 9 11 14 15 17 21 22 25 30 31 36 37 39 41 45 46 48 50 52 54 55 61 62 63 68 69 78 80 82 85 86 88 90 92 93 97 103 104 106 108 110 117
1 1 0 1 0 1 1 1 1 1 1 1 1 0 1 1 1 1 1 1 1 1 1 1 1 1 1 1 1 1 1 1 1 1 1 1 1 1 1 1 1 1 1 1 1 1
46
1 4 5 6 9 11 14 15 17 21 22 25 30 31 36 37 39 41 45 46 48 50 52 54 55 61 62 63 68 69 78 80 82 85 86 88 90 92 93 97 103 104 106 108 110 117
1 1 1 1 1 1 1 0 1 1 1 1 1 1 1 1 1 1 1 1 1 1 1 1 1 1 1 1 1 1 0 1 1 1 1 1 1 1 1 1 1 1 1 1 1 1
46
1 4 5 6 9 11 14 15 17 21 22 25 30 31 36 37 39 41 45 46 48 50 52 54 55 61 62 63 68 69 78 80 82 85 86 88 90 92 93 97 103 104 106 108 110 117
1 1 1 1 1 1 1 1 1 1 1 1 1 0 1 1 1 1 1 1 1 1 1 1 1 1 1 1 1 0 1 1 1 1 1 1 1 1 1 1 1 1 1 1 1 1
46
1 4 5 6 9 11 14 15 17 21 22 25 30 31 36 37 39 41 45 46 48 50 52 54 55 61 62 63 68 69 78 80 82 85 86 88 90 92 93 97 103 104 106 108 110 117
0 0 1 0 0 0 0 0 0 1 1 1 0 1 1 1 1 1 1 1 1 1 1 1 1 1 1 1 1 1 1 1 1 1 1 0 1 1 1 1 1 1 1 1 1 1
17
1 4 5 6 9 11 14 15 17 21 22 25 30 31 36 37 39
0 1 1 0 0 1 0 1 1 1 1 1 0 0 1 1 0
46
1 4 5 6 9 11 14 15 17 21 22 25 30 31 36 37 39 41 45 46 48 50 52 54 55 61 62 63 68 69 78 80 82 85 86 88 90 92 93 97 103 104 106 108 110 117
1 1 1 1 1 1 1 1 1 1 1 1 1 1 1 1 1 1 1 1 1 1 1 0 1 1 1 1 1 1 1 1 1 1 1 1 1 1 1 1 1 1 1 1 1 1
46
1 4 5 6 9 11 14 15 17 21 22 25 30 31 36 37 39 41 45 46 48 50 52 54 55 61 62 63 68 69 78 80 82 85 86 88 90 92 93 97 103 104 106 108 110 117
0 1 1 1 0 0 0 0 0 1 1 0 0 1 1 0 1 0 0 0 1 0 0 0 1 0 0 0 1 0 1 1 1 1 1 1 1 1 1 1 1 1 1 1 1 1
46
1 4 5 6 9 11 14 15 17 21 22 25 30 31 36 37 39 41 45 46 48 50 52 54 55 61 62 63 68 69 78 80 82 85 86 88 90 92 93 97 103 104 106 108 110 117
0 1 1 1 1 1 1 1 1 1 1 1 1 1 1 1 1 1 1 1 1 1 1 1 1 1 0 1 1 1 1 1 1 1 1 1 1 1 1 1 1 1 1 1 1 1
46
1 4 5 6 9 11 14 15 17 21 22 25 30 31 36 37 39 41 45 46 48 50 52 54 55 61 62 63 68 69 78 80 82 85 86 88 90 92 93 97 103 104 106 108 110 117
0 1 1 1 1 1 1 1 1 1 1 1 1 1 1 1 1 1 1 1 1 1 1 1 1 1 1 1 1 1 1 1 1 1 1 1 1 1 1 1 1 1 1 1 1 1
46
1 4 5 6 9 11 14 15 17 21 22 25 30 31 36 37 39 41 45 46 48 50 52 54 55 61 62 63 68 69 78 80 82 85 86 88 90 92 93 97 103 104 106 108 110 117
1 1 1 1 1 1 1 1 1 1 1 1 1 1 1 1 1 1 0 1 1 1 1 1 1 1 1 1 1 1 1 0 1 1 1 0 1 1 1 1 1 1 1 1 1 1
46
1 4 5 6 9 11 14 15 17 21 22 25 30 31 36 37 39 41 45 46 48 50 52 54 55 61 62 63 68 69 78 80 82 85 86 88 90 92 93 97 103 104 106 108 110 117
1 1 1 0 0 1 0 1 0 1 0 0 0 0 0 0 1 0 0 1 0 1 0 1 1 0 1 1 0 1 0 0 1 1 0 1 0 0 1 1 1 1 0 1 0 1
46
1 4 5 6 9 11 14 15 17 21 22 25 30 31 36 37 39 41 45 46 48 50 52 54 55 61 62 63 68 69 78 80 82 85 86 88 90 92 93 97 103 104 106 108 110 117
1 1 1 1 1 1 1 0 1 1 1 1 1 0 1 1 1 1 1 1 1 1 1 1 1 1 1 1 1 1 1 1 1 1 1 1 1 1 1 1 1 1 1 1 1 1
46
1 4 5 6 9 11 14 15 17 21 22 25 30 31 36 37 39 41 45 46 48 50 52 54 55 61 62 63 68 69 78 80 82 85 86 88 90 92 93 97 103 104 106 108 110 117
0 1 1 1 1 1 1 1 1 1 1 1 1 1 1 1 1 1 1 0 1 1 1 1 0 1 1 0 1 1 1 1 1 1 1 1 1 1 1 1 1 1 1 1 1 1
46
1 4 5 6 9 11 14 15 17 21 22 25 30 31 36 37 39 41 45 46 48 50 52 54 55 61 62 63 68 69 78 80 82 85 86 88 90 92 93 97 103 104 106 108 110 117
0 1 1 0 0 1 1 1 1 1 1 1 1 1 1 1 1 1 1 1 1 1 1 1 1 1 1 1 1 1 1 1 1 1 1 1 1 1 1 1 1 1 1 1 1 1
46
1 4 5 6 9 11 14 15 17 21 22 25 30 31 36 37 39 41 45 46 48 50 52 54 55 61 62 63 68 69 78 80 82 85 86 88 90 92 93 97 103 104 106 108 110 117
0 1 1 0 0 1 1 1 1 1 1 1 1 1 1 1 1 1 1 1 1 1 1 1 1 1 1 1 1 1 1 1 1 1 1 1 1 1 1 1 1 1 1 1 1 1
46
1 4 5 6 9 11 14 15 17 21 22 25 30 31 36 37 39 41 45 46 48 50 52 54 55 61 62 63 68 69 78 80 82 85 86 88 90 92 93 97 103 104 106 108 110 117
0 1 0 0 0 1 1 1 1 1 1 1 1 1 1 1 1 1 1 1 1 1 1 1 1 1 1 1 1 1 1 1 1 1 1 1 1 1 1 1 1 1 1 1 1 1
46
1 4 5 6 9 11 14 15 17 21 22 25 30 31 36 37 39 41 45 46 48 50 52 54 55 61 62 63 68 69 78 80 82 85 86 88 90 92 93 97 103 104 106 108 110 117
0 1 1 0 1 0 1 0 1 0 1 0 0 1 1 0 0 1 1 1 1 1 1 1 1 1 1 1 1 1 1 1 1 1 1 1 1 1 1 1 1 1 1 1 1 1
46
1 4 5 6 9 11 14 15 17 21 22 25 30 31 36 37 39 41 45 46 48 50 52 54 55 61 62 63 68 69 78 80 82 85 86 88 90 92 93 97 103 104 106 108 110 117
1 1 1 0 1 1 1 1 1 1 1 1 1 1 1 1 1 1 1 1 1 1 1 1 1 1 1 1 1 1 1 1 0 0 1 1 1 1 1 1 1 1 1 1 1 1
46
1 4 5 6 9 11 14 15 17 21 22 25 30 31 36 37 39 41 45 46 48 50 52 54 55 61 62 63 68 69 78 80 82 85 86 88 90 92 93 97 103 104 106 108 110 117
1 1 1 1 1 1 1 1 1 1 1 1 1 1 1 1 1 1 1 1 1 1 0 1 1 1 1 0 1 1 1 0 0 1 1 0 1 1 1 1 1 1 1 0 1 1
46
1 4 5 6 9 11 14 15 17 21 22 25 30 31 36 37 39 41 45 46 48 50 52 54 55 61 62 63 68 69 78 80 82 85 86 88 90 92 93 97 103 104 106 108 110 117
0 1 1 1 1 1 1 1 1 1 1 1 1 1 1 1 1 1 1 1 1 1 1 1 1 1 1 1 1 1 1 1 1 1 1 1 1 1 1 1 1 1 1 1 1 1
46
1 4 5 6 9 11 14 15 17 21 22 25 30 31 36 37 39 41 45 46 48 50 52 54 55 61 62 63 68 69 78 80 82 85 86 88 90 92 93 97 103 104 106 108 110 117
0 1 1 0 0 1 1 1 1 1 1 1 1 1 1 1 1 1 1 1 1 1 1 1 1 1 1 1 1 1 1 1 1 1 1 1 1 1 1 1 1 1 1 1 1 1
46
1 4 5 6 9 11 14 15 17 21 22 25 30 31 36 37 39 41 45 46 48 50 52 54 55 61 62 63 68 69 78 80 82 85 86 88 90 92 93 97 103 104 106 108 110 117
1 1 1 1 0 0 1 1 1 1 1 1 0 1 1 1 1 1 0 1 0 1 1 1 1 1 1 1 1 1 1 1 1 1 1 1 1 1 1 1 1 1 1 1 1 1
46
1 4 5 6 9 11 14 15 17 21 22 25 30 31 36 37 39 41 45 46 48 50 52 54 55 61 62 63 68 69 78 80 82 85 86 88 90 92 93 97 103 104 106 108 110 117
1 1 1 1 0 1 1 1 1 1 1 1 1 1 1 1 1 1 1 1 1 1 1 1 1 1 1 1 1 1 1 1 1 1 1 1 1 1 1 1 1 1 1 1 1 1
46
1 4 5 6 9 11 14 15 17 21 22 25 30 31 36 37 39 41 45 46 48 50 52 54 55 61 62 63 68 69 78 80 82 85 86 88 90 92 93 97 103 104 106 108 110 117
1 1 1 1 1 1 1 1 1 1 1 1 1 1 1 1 1 1 1 1 1 1 1 1 1 1 1 1 1 1 1 0 1 0 0 1 1 1 1 1 1 1 1 1 1 1
46
1 4 5 6 9 11 14 15 17 21 22 25 30 31 36 37 39 41 45 46 48 50 52 54 55 61 62 63 68 69 78 80 82 85 86 88 90 92 93 97 103 104 106 108 110 117
1 1 1 0 1 1 1 1 1 1 1 1 1 1 1 1 1 1 1 1 1 1 1 1 1 1 1 1 1 1 1 1 1 1 1 1 1 1 1 1 1 1 1 1 1 1
46
1 4 5 6 9 11 14 15 17 21 22 25 30 31 36 37 39 41 45 46 48 50 52 54 55 61 62 63 68 69 78 80 82 85 86 88 90 92 93 97 103 104 106 108 110 117
0 0 1 0 0 1 1 1 1 0 1 1 1 1 0 1 1 0 0 1 1 1 1 0 0 1 1 1 1 1 1 1 1 1 1 0 1 1 1 1 1 1 1 1 1 1
46
1 4 5 6 9 11 14 15 17 21 22 25 30 31 36 37 39 41 45 46 48 50 52 54 55 61 62 63 68 69 78 80 82 85 86 88 90 92 93 97 103 104 106 108 110 117
1 1 1 1 0 1 1 0 1 1 1 1 1 1 1 0 1 1 1 1 1 1 1 1 1 1 1 1 1 1 1 1 1 1 1 1 1 1 1 1 1 1 1 1 1 1
46
1 4 5 6 9 11 14 15 17 21 22 25 30 31 36 37 39 41 45 46 48 50 52 54 55 61 62 63 68 69 78 80 82 85 86 88 90 92 93 97 103 104 106 108 110 117
1 1 1 1 0 1 1 1 1 1 1 1 1 1 1 1 1 1 1 1 0 1 0 1 1 0 1 1 1 1 0 1 1 1 1 1 1 1 1 1 1 1 1 0 1 1
46
1 4 5 6 9 11 14 15 17 21 22 25 30 31 36 37 39 41 45 46 48 50 52 54 55 61 62 63 68 69 78 80 82 85 86 88 90 92 93 97 103 104 106 108 110 117
0 1 1 1 1 1 1 1 1 1 1 1 1 1 1 1 1 1 1 1 1 1 1 1 1 1 1 1 1 1 1 1 1 1 1 1 1 1 1 1 1 1 1 1 1 1
46
1 4 5 6 9 11 14 15 17 21 22 25 30 31 36 37 39 41 45 46 48 50 52 54 55 61 62 63 68 69 78 80 82 85 86 88 90 92 93 97 103 104 106 108 110 117
0 1 1 0 1 1 1 1 1 1 1 1 1 1 1 1 1 1 1 1 1 1 1 1 1 1 1 1 0 1 1 1 1 1 1 1 1 1 1 1 1 1 1 1 1 1
46
1 4 5 6 9 11 14 15 17 21 22 25 30 31 36 37 39 41 45 46 48 50 52 54 55 61 62 63 68 69 78 80 82 85 86 88 90 92 93 97 103 104 106 108 110 117
0 0 1 1 1 1 1 1 1 1 1 1 1 1 1 1 1 1 1 1 1 1 1 1 1 1 1 1 1 1 1 1 0 1 1 1 1 1 1 1 1 1 1 1 1 1
46
1 4 5 6 9 11 14 15 17 21 22 25 30 31 36 37 39 41 45 46 48 50 52 54 55 61 62 63 68 69 78 80 82 85 86 88 90 92 93 97 103 104 106 108 110 117
1 1 1 1 1 1 1 1 1 1 1 1 0 1 1 1 1 1 1 1 1 1 1 1 1 1 1 1 1 1 1 0 0 1 1 1 1 1 1 1 1 1 1 1 1 1
46
1 4 5 6 9 11 14 15 17 21 22 25 30 31 36 37 39 41 45 46 48 50 52 54 55 61 62 63 68 69 78 80 82 85 86 88 90 92 93 97 103 104 106 108 110 117
1 1 1 1 1 1 1 0 1 1 1 1 1 1 1 1 1 1 1 1 1 1 1 1 1 0 1 1 1 1 1 1 1 1 1 1 1 1 1 1 1 1 1 1 1 1
46
1 4 5 6 9 11 14 15 17 21 22 25 30 31 36 37 39 41 45 46 48 50 52 54 55 61 62 63 68 69 78 80 82 85 86 88 90 92 93 97 103 104 106 108 110 117
1 1 1 1 1 1 1 1 1 1 1 1 1 1 1 1 1 1 1 1 1 1 1 1 1 1 1 1 1 1 1 1 0 1 1 1 1 1 1 1 1 1 1 1 1 1
46
1 4 5 6 9 11 14 15 17 21 22 25 30 31 36 37 39 41 45 46 48 50 52 54 55 61 62 63 68 69 78 80 82 85 86 88 90 92 93 97 103 104 106 108 110 117
1 1 1 1 1 1 1 1 1 1 1 1 1 1 1 1 1 1 1 1 1 1 1 1 1 0 1 1 1 1 1 1 1 1 1 1 1 1 1 1 1 1 1 1 1 1
46
1 4 5 6 9 11 14 15 17 21 22 25 30 31 36 37 39 41 45 46 48 50 52 54 55 61 62 63 68 69 78 80 82 85 86 88 90 92 93 97 103 104 106 108 110 117
1 1 1 1 0 1 1 1 1 1 1 1 1 0 1 1 1 1 1 1 1 1 1 1 1 1 1 1 1 1 1 1 1 1 1 1 1 1 1 1 1 1 1 1 1 1
46
1 4 5 6 9 11 14 15 17 21 22 25 30 31 36 37 39 41 45 46 48 50 52 54 55 61 62 63 68 69 78 80 82 85 86 88 90 92 93 97 103 104 106 108 110 117
1 0 1 1 1 1 1 1 1 1 1 1 1 1 1 1 1 1 1 1 1 1 1 1 1 1 1 1 1 1 1 1 1 1 1 1 1 1 1 1 1 1 1 1 1 1
46
1 4 5 6 9 11 14 15 17 21 22 25 30 31 36 37 39 41 45 46 48 50 52 54 55 61 62 63 68 69 78 80 82 85 86 88 90 92 93 97 103 104 106 108 110 117
1 1 1 0 1 1 1 1 1 1 0 1 0 0 0 0 1 0 0 1 1 0 0 1 1 0 1 0 1 1 1 0 0 0 0 1 0 0 1 0 0 1 1 0 0 1
46
1 4 5 6 9 11 14 15 17 21 22 25 30 31 36 37 39 41 45 46 48 50 52 54 55 61 62 63 68 69 78 80 82 85 86 88 90 92 93 97 103 104 106 108 110 117
1 1 1 0 0 1 1 1 1 1 1 1 1 1 1 1 1 0 1 1 1 1 1 1 1 1 1 1 1 1 0 1 1 1 1 1 1 1 1 1 1 1 1 1 1 1
46
1 4 5 6 9 11 14 15 17 21 22 25 30 31 36 37 39 41 45 46 48 50 52 54 55 61 62 63 68 69 78 80 82 85 86 88 90 92 93 97 103 104 106 108 110 117
1 1 1 1 1 1 1 1 1 1 1 1 1 0 1 1 1 1 1 1 1 1 1 1 1 1 1 1 1 1 1 1 1 1 1 1 1 1 1 1 1 1 1 1 1 1
46
1 4 5 6 9 11 14 15 17 21 22 25 30 31 36 37 39 41 45 46 48 50 52 54 55 61 62 63 68 69 78 80 82 85 86 88 90 92 93 97 103 104 106 108 110 117
0 0 1 1 1 1 1 1 1 1 1 1 1 1 1 1 1 1 1 1 1 1 1 1 1 1 1 1 1 1 1 1 1 1 1 1 1 1 1 1 1 1 1 1 1 1
46
1 4 5 6 9 11 14 15 17 21 22 25 30 31 36 37 39 41 45 46 48 50 52 54 55 61 62 63 68 69 78 80 82 85 86 88 90 92 93 97 103 104 106 108 110 117
1 0 1 0 1 1 1 1 1 0 1 0 1 1 1 1 1 1 1 1 1 1 1 1 1 1 1 1 1 1 1 1 1 1 1 1 1 1 1 1 1 1 1 1 1 1
46
1 4 5 6 9 11 14 15 17 21 22 25 30 31 36 37 39 41 45 46 48 50 52 54 55 61 62 63 68 69 78 80 82 85 86 88 90 92 93 97 103 104 106 108 110 117
0 0 1 0 1 1 1 1 1 1 1 1 1 1 1 1 1 1 1 1 1 1 1 1 1 1 1 1 1 1 1 1 1 1 1 1 1 1 1 1 1 1 1 1 1 1
46
1 4 5 6 9 11 14 15 17 21 22 25 30 31 36 37 39 41 45 46 48 50 52 54 55 61 62 63 68 69 78 80 82 85 86 88 90 92 93 97 103 104 106 108 110 117
0 0 0 0 0 0 0 0 0 1 1 1 1 0 1 1 1 1 1 1 1 1 1 1 1 1 1 1 1 1 1 1 1 1 1 1 1 1 1 1 1 1 1 1 1 1
46
1 4 5 6 9 11 14 15 17 21 22 25 30 31 36 37 39 41 45 46 48 50 52 54 55 61 62 63 68 69 78 80 82 85 86 88 90 92 93 97 103 104 106 108 110 117
1 1 1 1 1 1 1 1 1 1 1 1 1 1 1 1 1 1 1 1 1 1 0 1 1 1 1 1 1 1 1 1 1 1 1 1 1 1 1 1 1 1 1 1 1 1
46
1 4 5 6 9 11 14 15 17 21 22 25 30 31 36 37 39 41 45 46 48 50 52 54 55 61 62 63 68 69 78 80 82 85 86 88 90 92 93 97 103 104 106 108 110 117
1 0 1 1 1 1 1 1 1 1 1 1 1 1 1 1 1 0 1 1 1 1 1 1 1 1 1 1 1 1 1 0 1 1 1 1 1 1 1 1 1 1 1 1 1 1
46
1 4 5 6 9 11 14 15 17 21 22 25 30 31 36 37 39 41 45 46 48 50 52 54 55 61 62 63 68 69 78 80 82 85 86 88 90 92 93 97 103 104 106 108 110 117
1 1 1 1 1 0 1 1 1 1 1 1 1 1 1 1 1 1 1 1 1 1 1 1 1 1 1 1 1 1 1 1 1 1 1 1 1 1 1 1 1 1 1 1 1 1
46
1 4 5 6 9 11 14 15 17 21 22 25 30 31 36 37 39 41 45 46 48 50 52 54 55 61 62 63 68 69 78 80 82 85 86 88 90 92 93 97 103 104 106 108 110 117
1 1 1 0 0 1 1 1 1 1 1 1 1 1 1 1 1 1 1 1 1 1 1 1 1 1 1 1 1 1 1 1 1 1 1 1 1 1 1 1 1 1 1 1 1 1
46
1 4 5 6 9 11 14 15 17 21 22 25 30 31 36 37 39 41 45 46 48 50 52 54 55 61 62 63 68 69 78 80 82 85 86 88 90 92 93 97 103 104 106 108 110 117
1 1 1 1 1 1 1 1 1 1 1 1 1 1 1 1 1 1 1 1 1 1 1 1 1 1 0 1 1 1 1 1 1 1 1 1 1 1 1 1 1 1 1 1 1 1
46
1 4 5 6 9 11 14 15 17 21 22 25 30 31 36 37 39 41 45 46 48 50 52 54 55 61 62 63 68 69 78 80 82 85 86 88 90 92 93 97 103 104 106 108 110 117
1 1 1 1 1 1 1 1 1 1 1 1 1 1 1 1 1 0 1 1 1 1 1 1 1 1 1 1 1 1 0 1 1 1 1 1 1 1 1 1 1 1 1 1 1 1
46
1 4 5 6 9 11 14 15 17 21 22 25 30 31 36 37 39 41 45 46 48 50 52 54 55 61 62 63 68 69 78 80 82 85 86 88 90 92 93 97 103 104 106 108 110 117
0 1 1 1 0 0 0 0 0 1 1 1 0 1 1 1 1 1 1 1 1 1 1 1 1 1 1 1 1 1 1 1 1 1 1 1 1 1 1 1 1 1 1 1 1 1
46
1 4 5 6 9 11 14 15 17 21 22 25 30 31 36 37 39 41 45 46 48 50 52 54 55 61 62 63 68 69 78 80 82 85 86 88 90 92 93 97 103 104 106 108 110 117
1 1 1 1 0 1 1 1 1 1 1 1 1 1 1 1 1 0 1 1 1 1 1 1 1 1 1 1 1 1 0 1 1 1 1 1 1 1 1 1 1 1 1 1 1 1
46
1 4 5 6 9 11 14 15 17 21 22 25 30 31 36 37 39 41 45 46 48 50 52 54 55 61 62 63 68 69 78 80 82 85 86 88 90 92 93 97 103 104 106 108 110 117
1 1 1 0 0 1 0 1 1 1 1 1 0 1 1 1 1 1 1 1 0 1 1 1 1 1 1 1 1 1 1 1 1 0 1 1 1 1 0 1 1 0 1 1 1 1
22
1 4 5 6 9 11 14 15 17 21 22 25 30 31 36 37 39 41 45 46 48 50
0 1 1 1 0 0 0 0 0 0 0 0 0 0 0 1 0 0 1 0 0 1
46
1 4 5 6 9 11 14 15 17 21 22 25 30 31 36 37 39 41 45 46 48 50 52 54 55 61 62 63 68 69 78 80 82 85 86 88 90 92 93 97 103 104 106 108 110 117
0 1 1 1 1 1 1 1 1 1 1 1 1 1 1 1 1 1 1 1 1 1 1 1 1 1 1 1 1 1 1 1 1 1 1 1 1 1 1 1 1 1 1 1 1 1
46
1 4 5 6 9 11 14 15 17 21 22 25 30 31 36 37 39 41 45 46 48 50 52 54 55 61 62 63 68 69 78 80 82 85 86 88 90 92 93 97 103 104 106 108 110 117
1 1 1 1 1 1 1 1 1 1 1 1 1 0 0 1 1 1 1 1 1 1 1 1 1 1 1 1 1 0 1 1 1 1 1 1 1 1 1 1 1 1 1 1 1 1
46
1 4 5 6 9 11 14 15 17 21 22 25 30 31 36 37 39 41 45 46 48 50 52 54 55 61 62 63 68 69 78 80 82 85 86 88 90 92 93 97 103 104 106 108 110 117
1 1 1 1 1 1 0 1 1 1 1 1 1 1 1 1 1 1 1 1 1 1 1 1 1 1 1 1 1 1 1 1 1 1 1 1 1 1 1 1 1 1 1 1 1 1
46
1 4 5 6 9 11 14 15 17 21 22 25 30 31 36 37 39 41 45 46 48 50 52 54 55 61 62 63 68 69 78 80 82 85 86 88 90 92 93 97 103 104 106 108 110 117
1 1 1 1 1 1 1 1 1 1 1 1 0 1 1 1 1 1 1 1 1 1 1 1 1 1 1 1 1 1 1 1 1 1 1 1 1 1 1 1 1 1 1 1 1 1
46
1 4 5 6 9 11 14 15 17 21 22 25 30 31 36 37 39 41 45 46 48 50 52 54 55 61 62 63 68 69 78 80 82 85 86 88 90 92 93 97 103 104 106 108 110 117
0 1 1 0 0 1 1 1 1 0 1 0 0 0 1 0 0 0 1 1 1 1 1 1 1 1 1 1 1 1 0 1 1 1 1 1 1 1 1 1 1 1 1 1 1 1
46
1 4 5 6 9 11 14 15 17 21 22 25 30 31 36 37 39 41 45 46 48 50 52 54 55 61 62 63 68 69 78 80 82 85 86 88 90 92 93 97 103 104 106 108 110 117
1 1 1 1 1 1 1 1 1 1 1 1 1 1 1 1 1 1 1 1 1 1 1 1 1 1 1 1 1 1 1 0 1 1 1 1 1 1 1 1 1 1 1 1 1 1
46
1 4 5 6 9 11 14 15 17 21 22 25 30 31 36 37 39 41 45 46 48 50 52 54 55 61 62 63 68 69 78 80 82 85 86 88 90 92 93 97 103 104 106 108 110 117
0 1 1 0 0 0 1 1 1 0 1 1 1 0 1 0 1 0 1 1 1 1 1 1 1 1 1 1 1 1 1 1 1 1 1 1 1 1 1 1 1 1 1 1 1 1
46
1 4 5 6 9 11 14 15 17 21 22 25 30 31 36 37 39 41 45 46 48 50 52 54 55 61 62 63 68 69 78 80 82 85 86 88 90 92 93 97 103 104 106 108 110 117
1 1 1 1 1 1 1 1 1 1 1 1 1 1 1 1 1 1 1 1 1 0 1 1 0 1 0 1 1 0 1 1 1 1 1 1 0 1 1 1 1 1 1 1 1 0
46
1 4 5 6 9 11 14 15 17 21 22 25 30 31 36 37 39 41 45 46 48 50 52 54 55 61 62 63 68 69 78 80 82 85 86 88 90 92 93 97 103 104 106 108 110 117
0 1 1 1 1 1 1 1 1 1 1 1 1 1 1 1 0 1 0 1 1 1 1 1 1 1 1 0 0 1 1 1 1 1 1 1 1 1 1 0 1 1 1 1 1 1
46
1 4 5 6 9 11 14 15 17 21 22 25 30 31 36 37 39 41 45 46 48 50 52 54 55 61 62 63 68 69 78 80 82 85 86 88 90 92 93 97 103 104 106 108 110 117
0 0 0 0 0 0 1 1 1 0 0 1 0 0 1 1 0 1 1 0 0 0 0 0 0 0 0 0 0 0 1 0 1 0 0 0 0 0 0 1 1 1 1 1 1 1
46
1 4 5 6 9 11 14 15 17 21 22 25 30 31 36 37 39 41 45 46 48 50 52 54 55 61 62 63 68 69 78 80 82 85 86 88 90 92 93 97 103 104 106 108 110 117
1 1 1 1 1 1 1 1 1 1 1 1 1 0 1 1 1 1 1 1 1 1 1 1 1 1 1 1 1 1 1 1 1 1 1 1 1 1 1 1 1 1 1 1 1 1
46
1 4 5 6 9 11 14 15 17 21 22 25 30 31 36 37 39 41 45 46 48 50 52 54 55 61 62 63 68 69 78 80 82 85 86 88 90 92 93 97 103 104 106 108 110 117
1 1 1 1 1 1 1 1 1 1 1 1 1 1 1 1 1 1 1 1 1 1 1 1 1 1 1 1 1 1 1 1 0 1 1 0 0 0 0 1 0 0 0 0 1 1
5
1 4 5 6 9
1 0 1 1 0
5
82 85 86 88 90
1 1 0 1 1
9
31 36 37 39 41 45 46 48 50
0 1 1 0 1 0 0 0 1
13
1 4 5 6 9 11 14 15 17 21 22 25 30
1 1 1 1 1 1 1 1 1 0 1 1 1
46
1 4 5 6 9 11 14 15 17 21 22 25 30 31 36 37 39 41 45 46 48 50 52 54 55 61 62 63 68 69 78 80 82 85 86 88 90 92 93 97 103 104 106 108 110 117
0 0 1 0 1 0 0 1 1 0 1 0 0 0 0 0 0 0 1 0 0 1 0 0 0 0 0 1 0 1 0 0 0 1 0 1 0 0 0 1 0 1 1 1 0 0
29
41 45 46 48 50 52 54 55 61 62 63 68 69 78 80 82 85 86 88 90 92 93 97 103 104 106 108 110 117
1 1 1 1 1 1 0 1 1 1 1 1 1 0 1 1 1 1 1 1 1 1 1 1 1 0 0 0 1
6
103 104 106 108 110 117
0 1 0 0 1 1
46
1 4 5 6 9 11 14 15 17 21 22 25 30 31 36 37 39 41 45 46 48 50 52 54 55 61 62 63 68 69 78 80 82 85 86 88 90 92 93 97 103 104 106 108 110 117
0 1 0 0 0 1 0 1 1 0 0 0 0 0 0 1 0 0 1 0 1 0 0 1 0 0 1 0 0 1 0 0 0 1 0 1 0 0 0 0 1 1 0 0 0 0
46
1 4 5 6 9 11 14 15 17 21 22 25 30 31 36 37 39 41 45 46 48 50 52 54 55 61 62 63 68 69 78 80 82 85 86 88 90 92 93 97 103 104 106 108 110 117
1 1 1 1 0 1 1 1 1 1 1 1 1 1 1 1 0 1 1 1 1 1 1 1 1 1 1 1 1 1 1 1 0 1 1 0 1 1 1 1 1 1 0 1 1 0
6
103 104 106 108 110 117
0 1 1 0 0 1
46
1 4 5 6 9 11 14 15 17 21 22 25 30 31 36 37 39 41 45 46 48 50 52 54 55 61 62 63 68 69 78 80 82 85 86 88 90 92 93 97 103 104 106 108 110 117
0 0 0 0 1 0 0 0 0 0 1 0 0 0 0 0 1 0 0 0 1 0 0 1 0 0 0 1 1 0 1 0 1 0 1 0 0 1 1 0 0 0 1 0 0 1
6
103 104 106 108 110 117
0 1 1 1 1 1
25
1 4 5 6 9 11 14 15 17 21 22 25 30 31 36 37 39 41 45 46 48 50 52 54 55
1 0 1 1 1 1 1 1 1 0 1 0 0 1 1 1 0 1 0 1 1 0 0 0 0
46
1 4 5 6 9 11 14 15 17 21 22 25 30 31 36 37 39 41 45 46 48 50 52 54 55 61 62 63 68 69 78 80 82 85 86 88 90 92 93 97 103 104 106 108 110 117
1 1 1 1 1 1 1 1 1 1 1 0 1 1 1 1 1 1 1 1 1 0 0 0 1 1 1 1 1 1 1 1 1 1 1 1 1 1 1 1 1 1 1 1 1 1
46
1 4 5 6 9 11 14 15 17 21 22 25 30 31 36 37 39 41 45 46 48 50 52 54 55 61 62 63 68 69 78 80 82 85 86 88 90 92 93 97 103 104 106 108 110 117
0 1 0 0 0 1 0 0 0 0 0 1 0 0 0 1 0 1 1 0 0 1 0 0 1 0 0 0 0 1 0 0 0 0 0 0 0 0 0 1 0 1 0 0 1 0
13
1 4 5 6 9 11 14 15 17 21 22 25 30
1 1 1 1 1 1 1 1 1 1 1 1 0
5
1 4 5 6 9
1 1 1 0 1
46
1 4 5 6 9 11 14 15 17 21 22 25 30 31 36 37 39 41 45 46 48 50 52 54 55 61 62 63 68 69 78 80 82 85 86 88 90 92 93 97 103 104 106 108 110 117
1 1 1 1 1 1 1 1 1 1 1 1 1 1 1 1 1 1 1 1 1 1 1 0 1 0 0 1 1 0 1 0 0 0 0 0 0 0 0 1 0 1 1 0 1 0
25
1 4 5 6 9 11 14 15 17 21 22 25 30 31 36 37 39 41 45 46 48 50 52 54 55
1 1 1 1 1 1 1 1 0 1 1 1 1 0 1 1 1 1 0 0 1 1 0 0 1
8
21 22 25 30 31 36 37 39
1 1 0 0 0 1 0 1
13
1 4 5 6 9 11 14 15 17 21 22 25 30
0 1 1 1 1 1 1 1 1 1 1 0 1
46
1 4 5 6 9 11 14 15 17 21 22 25 30 31 36 37 39 41 45 46 48 50 52 54 55 61 62 63 68 69 78 80 82 85 86 88 90 92 93 97 103 104 106 108 110 117
1 1 1 1 1 1 1 1 1 1 1 1 1 1 1 1 1 1 1 1 1 1 1 1 1 1 1 1 1 1 1 1 0 1 1 1 1 1 1 1 1 1 1 0 1 1
46
1 4 5 6 9 11 14 15 17 21 22 25 30 31 36 37 39 41 45 46 48 50 52 54 55 61 62 63 68 69 78 80 82 85 86 88 90 92 93 97 103 104 106 108 110 117
0 0 1 1 0 1 0 0 0 0 1 0 0 0 0 1 1 0 1 0 0 0 1 1 1 0 0 0 0 0 1 0 0 1 0 0 0 0 1 1 0 0 0 0 0 0
40
1 4 5 6 9 11 14 15 17 21 22 25 30 31 36 37 39 41 45 46 48 50 52 54 55 61 62 63 68 69 78 80 82 85 86 88 90 92 93 97
0 0 1 1 0 1 1 1 1 0 1 1 0 0 1 0 1 1 0 1 1 0 0 0 1 0 0 0 1 1 0 0 1 0 0 1 1 0 1 1
6
103 104 106 108 110 117
0 1 0 0 1 1
5
82 85 86 88 90
1 0 1 1 1
13
1 4 5 6 9 11 14 15 17 21 22 25 30
1 1 1 1 1 1 1 1 0 1 1 0 1
6
103 104 106 108 110 117
0 0 0 0 0 0
6
41 45 46 48 50 110
1 1 1 1 0 0
5
1 4 5 6 9
0 0 1 0 0
5
1 4 5 6 9
0 1 1 0 1
39
1 4 5 6 9 11 14 15 17 21 22 25 30 31 36 37 39 41 45 46 50 52 54 55 61 62 63 68 69 78 80 82 85 86 88 90 92 93 97
1 1 1 1 0 1 1 1 1 1 1 1 1 0 1 1 1 1 1 1 0 0 0 1 0 0 0 1 1 1 1 1 1 1 0 1 1 1 1
6
103 104 106 108 110 117
1 1 1 1 0 1
5
1 4 5 6 9
0 0 1 0 1
9
92 93 97 103 104 106 108 110 117
1 0 1 1 1 1 0 0 1
13
1 4 5 6 9 11 14 15 17 21 22 25 30
1 1 1 1 1 1 1 0 1 0 1 0 1