25
1 2 3 4 5 8 10 11 12 13 14 15 16 17 19 20 21 25 26 34 35 36 39 41 45
1 1 1 1 1 1 1 1 1 1 0 1 1 1 1 1 1 1 1 1 1 1 1 1 1
10
165 166 167 168 169 170 171 172 173 174
1 1 1 0 0 1 1 1 0 0
19
131 133 135 138 150 151 153 155 158 165 166 167 168 169 170 171 172 173 174
1 1 0 1 1 1 1 1 1 1 1 1 1 1 1 1 1 1 1
34
14 15 16 17 72 112 114 115 116 119 120 123 125 129 130 131 133 135 138 150 151 153 155 158 165 166 167 168 169 170 171 172 173 174
1 1 0 0 0 1 1 1 1 1 1 1 1 1 1 1 1 1 1 1 1 1 1 1 1 1 1 1 1 1 1 1 1 1
19
131 133 135 138 150 151 153 155 158 165 166 167 168 169 170 171 172 173 174
1 0 1 0 1 0 1 1 1 1 1 1 1 1 0 0 1 1 1
19
131 133 135 138 150 151 153 155 158 165 166 167 168 169 170 171 172 173 174
0 0 0 1 1 1 0 0 1 1 0 1 1 0 0 1 1 1 0
19
131 133 135 138 150 151 153 155 158 165 166 167 168 169 170 171 172 173 174
1 0 1 1 0 1 1 1 1 1 1 1 0 0 1 0 0 0 0
5
1 2 3 4 5
1 1 1 1 0
24
4 5 52 73 74 131 133 135 138 150 151 153 155 158 165 166 167 168 169 170 171 172 173 174
1 1 0 0 0 1 0 1 1 0 1 1 0 1 1 0 1 1 0 1 1 1 1 1
19
131 133 135 138 150 151 153 155 158 165 166 167 168 169 170 171 172 173 174
1 0 0 1 0 1 0 0 1 0 0 1 1 0 1 0 0 1 0
6
1 2 3 19 20 21
1 1 1 1 0 0
96
1 2 3 4 5 8 10 11 12 13 14 15 16 17 19 20 21 25 26 34 35 36 39 41 45 48 49 50 52 53 54 55 56 57 60 61 62 64 65 68 72 73 74 75 76 77 78 79 83 84 85 86 87 88 91 92 95 96 97 98 99 104 105 106 107 108 109 112 114 115 116 119 120 123 125 129 130 131 133 135 138 150 151 153 155 158 165 166 167 168 169 170 171 172 173 174
1 1 1 1 1 0 0 1 1 1 0 1 0 0 1 1 0 0 0 0 0 0 0 0 0 1 0 0 0 0 0 0 1 0 1 0 0 1 1 1 0 0 0 0 0 0 0 0 0 1 0 0 1 0 0 1 0 1 0 0 0 0 0 0 0 0 0 0 0 0 0 0 0 0 1 0 0 0 0 1 1 0 0 1 0 0 0 0 0 0 0 0 1 0 0 0
20
1 2 3 4 5 8 10 11 12 13 14 15 16 17 19 20 21 25 26 34
1 1 1 1 0 1 1 1 1 1 1 1 1 1 1 1 1 1 1 1
24
1 2 3 4 5 8 10 11 12 13 14 15 16 17 19 20 21 25 26 34 35 36 39 41
1 1 1 1 1 1 0 0 0 1 0 1 1 0 1 1 0 0 1 0 1 1 0 0
96
1 2 3 4 5 8 10 11 12 13 14 15 16 17 19 20 21 25 26 34 35 36 39 41 45 48 49 50 52 53 54 55 56 57 60 61 62 64 65 68 72 73 74 75 76 77 78 79 83 84 85 86 87 88 91 92 95 96 97 98 99 104 105 106 107 108 109 112 114 115 116 119 120 123 125 129 130 131 133 135 138 150 151 153 155 158 165 166 167 168 169 170 171 172 173 174
1 1 1 0 1 1 0 1 1 1 0 1 1 0 1 1 0 0 0 0 0 1 0 1 0 0 0 1 0 0 1 0 1 0 1 0 1 1 1 1 1 0 1 0 0 0 0 0 1 1 0 0 0 0 0 0 0 0 0 0 1 0 0 0 0 0 0 0 0 0 0 0 0 0 0 0 0 1 0 0 1 1 0 1 0 0 0 0 0 1 0 1 1 0 0 1
94
1 2 3 4 5 8 10 11 12 13 14 15 16 17 19 25 26 34 35 36 39 41 45 48 49 50 52 53 54 55 56 57 60 61 62 64 65 68 72 73 74 75 76 77 78 79 83 84 85 86 87 88 91 92 95 96 97 98 99 104 105 106 107 108 109 112 114 115 116 119 120 123 125 129 130 131 133 135 138 150 151 153 155 158 165 166 167 168 169 170 171 172 173 174
0 1 1 1 1 1 0 1 1 0 1 0 1 0 1 1 0 0 0 0 1 1 0 0 0 0 0 0 0 0 1 0 1 0 0 0 0 1 0 0 0 0 0 0 0 1 0 0 0 0 0 0 0 0 0 0 0 0 1 0 0 0 0 0 0 0 0 0 0 0 0 0 0 0 0 1 0 0 0 0 0 1 0 0 0 0 0 1 0 1 1 0 0 0
96
1 2 3 4 5 8 10 11 12 13 14 15 16 17 19 20 21 25 26 34 35 36 39 41 45 48 49 50 52 53 54 55 56 57 60 61 62 64 65 68 72 73 74 75 76 77 78 79 83 84 85 86 87 88 91 92 95 96 97 98 99 104 105 106 107 108 109 112 114 115 116 119 120 123 125 129 130 131 133 135 138 150 151 153 155 158 165 166 167 168 169 170 171 172 173 174
0 1 1 1 0 1 0 1 1 1 0 0 0 0 1 1 0 1 0 0 1 0 0 0 1 1 0 1 0 0 1 1 0 0 1 0 0 0 1 1 0 0 0 0 0 0 0 1 0 0 0 0 0 0 1 0 0 0 0 0 1 0 0 0 0 1 1 1 0 0 0 0 1 0 1 0 0 1 0 1 1 1 0 1 0 0 0 1 1 0 0 1 1 1 0 0
96
1 2 3 4 5 8 10 11 12 13 14 15 16 17 19 20 21 25 26 34 35 36 39 41 45 48 49 50 52 53 54 55 56 57 60 61 62 64 65 68 72 73 74 75 76 77 78 79 83 84 85 86 87 88 91 92 95 96 97 98 99 104 105 106 107 108 109 112 114 115 116 119 120 123 125 129 130 131 133 135 138 150 151 153 155 158 165 166 167 168 169 170 171 172 173 174
1 1 1 0 1 1 1 1 1 0 1 0 0 0 0 0 0 1 0 0 1 1 1 0 0 0 0 0 0 0 0 0 0 0 0 0 0 0 0 0 0 0 1 0 0 0 0 0 0 0 0 0 0 0 0 1 0 0 0 0 0 0 0 0 0 0 0 0 0 0 0 0 0 0 1 0 0 0 0 0 0 0 0 0 0 0 1 0 0 1 0 0 0 1 0 1
66
1 2 3 4 5 8 10 11 12 13 14 15 16 17 19 20 21 25 26 34 35 36 39 41 45 48 49 50 52 54 55 56 57 60 61 62 64 65 68 72 73 74 75 76 77 78 79 83 84 85 86 87 88 91 92 95 96 97 98 99 104 105 106 107 108 109
0 1 1 1 1 1 0 1 1 1 0 1 0 1 1 1 0 0 0 0 0 0 0 0 1 0 0 0 0 0 0 0 0 0 0 0 1 1 1 1 0 1 0 0 0 1 1 0 1 0 0 1 0 1 1 0 0 1 1 0 0 0 0 0 0 0
96
1 2 3 4 5 8 10 11 12 13 14 15 16 17 19 20 21 25 26 34 35 36 39 41 45 48 49 50 52 53 54 55 56 57 60 61 62 64 65 68 72 73 74 75 76 77 78 79 83 84 85 86 87 88 91 92 95 96 97 98 99 104 105 106 107 108 109 112 114 115 116 119 120 123 125 129 130 131 133 135 138 150 151 153 155 158 165 166 167 168 169 170 171 172 173 174
0 0 1 1 1 0 0 1 1 1 1 0 0 0 1 1 1 1 0 1 1 1 0 0 1 0 0 1 0 0 1 0 1 1 1 1 0 1 0 0 0 0 0 0 0 1 0 0 1 0 0 1 1 1 0 0 0 1 1 1 0 0 0 0 0 1 0 1 0 1 0 0 0 0 0 0 1 1 0 1 0 0 1 0 0 1 1 0 1 1 1 1 0 1 0 1
19
1 2 3 4 5 8 10 11 12 13 14 15 16 17 19 20 21 25 26
1 1 1 1 1 0 1 1 1 1 0 1 1 1 1 1 0 1 1
14
1 2 3 8 10 11 12 13 14 15 16 17 25 26
1 1 1 0 1 1 0 1 1 1 1 0 1 1
5
1 2 3 4 5
0 1 1 1 1
61
1 2 3 4 5 8 10 11 12 13 14 15 16 17 19 20 21 25 26 34 35 36 39 41 45 48 49 50 52 53 54 55 56 57 60 61 62 64 65 72 73 74 75 76 77 78 79 83 84 85 86 87 88 91 92 95 96 97 98 99 104
1 1 1 1 1 1 1 1 1 1 1 1 1 1 1 1 0 1 1 1 1 1 1 1 1 1 1 1 1 1 1 1 1 1 1 1 1 1 1 1 1 1 1 1 1 1 1 1 1 1 1 1 1 1 1 1 1 1 1 1 0
48
1 2 3 4 5 8 10 11 12 13 14 15 16 17 19 20 21 25 26 34 35 36 39 41 45 48 49 50 52 53 54 55 56 57 60 61 62 64 65 68 72 73 74 75 76 77 78 79
0 1 1 1 1 0 0 1 1 1 1 1 1 1 1 1 1 1 1 1 1 1 1 1 1 1 1 1 0 1 1 1 1 1 1 1 1 1 1 1 1 1 1 1 1 1 1 1
67
1 2 3 4 5 8 10 11 12 13 14 15 16 17 19 20 21 25 26 34 35 36 39 41 45 48 49 50 52 53 54 55 56 57 60 61 62 64 65 68 72 73 74 75 76 77 78 79 83 84 85 86 87 88 91 92 95 96 97 98 99 104 105 106 107 108 109
1 1 1 1 1 1 1 0 1 1 1 1 1 1 1 0 1 0 1 1 1 1 1 1 1 1 1 1 1 1 1 1 1 1 0 1 1 1 1 1 1 1 1 1 1 1 1 1 1 1 1 1 1 1 1 1 1 1 1 1 1 1 1 1 1 0 1
67
1 2 3 4 5 8 10 11 12 13 14 15 16 17 19 20 21 25 26 34 35 36 39 41 45 48 49 50 52 53 54 55 56 57 60 61 62 64 65 68 72 73 74 75 76 77 78 79 83 84 85 86 87 88 91 92 95 96 97 98 99 104 105 106 107 108 109
1 1 1 1 1 1 1 1 1 1 1 1 1 1 1 1 1 1 1 1 1 1 1 1 1 1 1 1 1 1 1 1 1 1 1 1 1 1 1 1 1 1 1 1 1 1 1 1 1 1 1 0 1 1 1 1 1 1 1 1 1 1 1 1 1 1 1
56
1 2 3 4 5 8 10 25 26 34 35 36 39 41 45 48 49 50 52 53 54 55 56 57 61 62 64 65 68 72 73 74 75 76 77 78 79 83 84 85 86 87 88 91 92 95 96 97 98 99 104 105 106 107 108 109
1 1 1 1 0 1 1 1 1 1 1 1 1 1 1 0 1 1 1 1 1 1 1 1 1 1 1 1 1 1 0 0 0 1 1 1 1 1 1 1 1 1 1 0 1 1 1 1 1 1 0 1 1 1 1 1
96
1 2 3 4 5 8 10 11 12 13 14 15 16 17 19 20 21 25 26 34 35 36 39 41 45 48 49 50 52 53 54 55 56 57 60 61 62 64 65 68 72 73 74 75 76 77 78 79 83 84 85 86 87 88 91 92 95 96 97 98 99 104 105 106 107 108 109 112 114 115 116 119 120 123 125 129 130 131 133 135 138 150 151 153 155 158 165 166 167 168 169 170 171 172 173 174
0 1 1 0 1 0 0 1 1 1 1 1 0 0 0 0 0 1 1 0 0 1 1 0 0 0 0 1 0 0 0 1 1 1 0 0 0 0 1 0 0 0 0 0 0 0 1 0 0 1 0 1 0 1 0 1 0 0 0 0 1 0 0 0 0 0 0 1 0 0 0 0 0 0 0 1 1 0 0 1 0 0 1 1 1 0 1 0 1 0 1 0 0 1 1 0
28
1 2 3 4 5 8 10 11 12 13 14 15 16 17 19 20 21 25 26 34 35 36 39 41 45 48 49 50
1 1 1 1 1 1 0 1 1 1 1 1 1 0 1 1 1 1 1 1 1 1 1 1 1 1 1 1
22
1 2 3 4 5 8 10 11 12 13 14 15 16 17 25 26 34 35 36 39 41 45
1 1 1 1 1 0 1 1 1 0 1 0 1 0 1 1 1 0 0 0 0 0
83
1 2 3 4 5 8 10 11 12 13 14 15 16 17 19 20 21 25 26 34 35 36 39 41 45 48 49 50 54 55 56 57 60 61 62 64 65 68 72 73 74 75 76 77 78 79 83 84 85 86 87 88 91 92 95 96 97 98 99 104 105 106 107 108 109 112 114 115 116 119 120 123 125 129 130 131 133 135 138 150 153 166 172
1 1 1 1 1 0 0 1 0 0 1 0 0 0 1 1 0 1 1 1 1 1 0 1 0 0 0 0 0 0 0 0 1 0 1 1 0 0 0 0 1 0 0 0 0 0 1 1 0 0 0 0 0 0 1 0 0 0 0 0 0 0 0 0 0 0 0 0 0 0 0 1 0 1 0 0 0 1 0 1 1 0 0
40
11 12 13 19 20 21 25 26 39 41 45 48 49 52 53 55 95 96 97 98 99 131 133 135 138 150 151 153 155 158 165 166 167 168 169 170 171 172 173 174
0 1 1 1 1 1 1 1 1 1 1 0 0 0 1 0 1 1 1 1 1 1 1 1 1 1 1 1 1 1 1 0 1 0 1 1 1 0 0 1
15
150 151 153 155 158 165 166 167 168 169 170 171 172 173 174
1 0 1 0 1 1 0 1 0 0 0 1 0 0 1
19
131 133 135 138 150 151 153 155 158 165 166 167 168 169 170 171 172 173 174
1 0 1 1 1 0 0 1 1 1 1 1 0 1 1 1 1 1 0
19
131 133 135 138 150 151 153 155 158 165 166 167 168 169 170 171 172 173 174
1 1 1 1 1 1 1 1 1 1 0 1 1 1 1 1 1 1 1
19
131 133 135 138 150 151 153 155 158 165 166 167 168 169 170 171 172 173 174
1 1 1 1 1 1 0 0 1 1 1 1 0 1 0 1 1 1 1
19
131 133 135 138 150 151 153 155 158 165 166 167 168 169 170 171 172 173 174
0 0 0 0 1 1 1 0 1 1 1 1 1 0 1 0 0 0 1
19
131 133 135 138 150 151 153 155 158 165 166 167 168 169 170 171 172 173 174
1 1 0 1 1 1 1 1 1 1 1 1 1 1 1 1 1 1 1
8
34 35 36 39 41 45 48 49
1 0 0 1 1 1 0 0
5
4 5 19 20 21
1 1 1 1 0
17
1 2 3 4 5 8 10 11 12 13 14 15 16 17 19 20 21
1 1 1 1 1 1 1 1 0 0 1 1 0 0 1 1 0
11
56 57 60 62 64 65 68 75 77 78 79
1 0 0 0 1 1 1 1 1 0 1
7
1 2 3 4 5 8 10
1 0 1 1 1 0 1
5
153 166 167 168 170
1 0 1 1 1
16
4 5 8 10 11 12 13 14 15 16 17 19 20 21 25 26
1 1 1 1 1 1 1 0 0 0 0 1 1 0 1 1
69
1 2 3 10 11 12 13 14 15 16 17 19 20 21 25 26 34 35 36 39 41 45 48 49 50 52 53 54 55 56 57 60 61 62 64 65 68 72 73 74 75 76 77 78 79 107 108 109 115 116 119 120 123 125 150 151 153 155 158 165 166 167 168 169 170 171 172 173 174
1 1 1 0 1 1 1 1 1 0 0 1 1 0 1 0 0 0 1 0 1 1 0 0 0 0 0 1 0 1 0 0 0 1 0 0 1 0 0 0 0 0 0 0 1 0 0 0 0 0 0 0 0 0 0 1 0 0 0 0 0 0 0 0 1 1 1 1 0
40
95 96 97 98 99 104 105 106 107 108 109 112 114 115 116 119 120 123 125 129 130 131 133 135 138 150 151 153 155 158 165 166 167 168 169 170 171 172 173 174
0 0 0 0 1 1 0 0 0 0 0 0 0 0 0 0 0 1 1 0 0 1 0 1 0 0 0 0 0 0 0 0 0 0 0 1 1 0 0 1
22
1 2 3 4 5 8 10 11 12 13 14 15 16 17 19 20 21 25 26 34 35 36
1 1 1 1 1 1 1 1 0 1 1 0 1 1 1 1 1 1 1 1 1 1
5
8 10 11 12 13
1 0 1 1 1
14
1 2 3 4 5 8 10 11 12 13 14 15 16 17
1 1 1 0 1 0 1 1 1 1 1 0 1 0
13
1 2 3 11 12 13 14 15 16 17 19 20 21
1 1 1 1 0 1 1 1 1 0 1 1 0
19
1 2 3 4 5 8 10 11 12 13 14 15 16 17 19 20 21 25 26
0 1 1 1 1 1 0 1 1 1 1 0 1 0 1 1 0 1 1
13
1 2 3 4 5 8 10 11 12 13 19 20 21
1 1 1 0 1 0 0 1 1 0 1 0 0
8
1 2 3 4 5 19 20 21
1 1 1 1 1 1 1 0
40
1 2 3 4 5 8 10 11 12 13 14 15 16 17 19 20 21 25 26 34 35 36 39 41 45 48 49 50 52 53 54 55 56 57 60 61 62 64 65 68
1 1 1 1 1 0 1 1 1 1 1 1 1 1 1 1 1 1 0 1 1 1 1 1 1 0 0 1 0 1 1 1 1 1 1 0 1 0 0 1
6
1 2 3 4 5 8
1 1 1 0 0 0
7
1 2 3 4 5 8 10
1 1 1 1 1 0 1
30
1 2 3 4 5 8 10 11 12 13 14 15 16 17 19 20 21 25 26 34 35 36 39 41 45 48 49 50 52 53
1 1 1 1 1 0 0 1 1 1 1 0 0 0 1 1 0 1 1 1 0 1 1 1 1 1 1 0 0 1
65
1 2 3 4 5 8 10 11 12 13 14 15 16 17 19 20 21 25 26 34 35 36 39 41 45 48 49 50 52 53 54 55 56 57 68 72 73 74 75 76 77 83 84 85 86 87 88 91 92 95 96 97 98 99 104 105 107 108 109 112 114 115 116 119 120
1 1 1 1 1 1 1 1 1 1 1 0 1 1 1 1 0 1 1 1 1 1 1 1 1 1 1 1 1 1 1 1 1 1 1 1 0 1 1 0 1 1 1 0 1 1 1 0 1 1 1 1 1 1 1 1 1 1 1 1 1 1 1 1 0
16
4 5 8 10 11 12 13 14 15 16 17 19 20 21 25 26
1 1 0 0 1 1 1 1 1 1 0 1 1 0 1 0
79
25 26 34 35 36 39 41 45 48 49 50 52 53 54 55 56 57 60 61 62 64 65 68 72 73 74 75 76 77 78 79 83 84 85 86 87 88 91 92 95 96 97 98 99 104 105 106 107 108 109 112 114 115 116 119 120 123 125 129 130 131 133 135 138 150 151 153 155 158 165 166 167 168 169 170 171 172 173 174
0 0 0 0 1 1 0 1 1 1 0 0 0 0 1 0 0 0 0 0 0 0 0 0 0 1 0 0 0 0 1 0 1 0 0 0 0 0 0 1 0 0 0 0 0 0 0 0 0 0 1 0 0 0 0 0 1 0 0 0 0 0 1 0 1 0 0 1 1 1 0 1 0 0 0 0 1 0 1
5
1 2 3 4 5
1 1 0 1 1
30
17 112 114 115 116 119 120 123 125 129 130 131 133 135 138 150 151 153 155 158 165 166 167 168 169 170 171 172 173 174
0 0 0 1 0 0 0 1 0 0 0 1 0 0 1 0 0 0 0 0 1 0 0 0 0 0 0 0 0 1
6
34 35 36 39 41 45
0 1 1 1 1 1
17
1 2 3 4 5 11 12 13 14 15 16 17 19 20 21 119 120
1 1 1 1 1 1 1 1 1 0 1 0 1 1 0 0 0
21
52 53 131 133 135 138 150 151 153 155 158 165 166 167 168 169 170 171 172 173 174
0 0 0 1 1 1 0 0 0 0 0 0 0 0 1 0 0 0 0 1 1
61
56 57 60 61 62 64 65 68 72 73 74 75 76 77 78 79 83 84 85 86 87 88 91 92 95 96 97 99 104 105 106 107 108 109 112 114 115 116 119 120 123 125 129 130 135 138 150 151 153 155 158 165 166 167 168 169 170 171 172 173 174
0 0 1 0 0 0 0 1 0 0 0 0 0 0 0 0 0 1 0 0 0 0 0 1 0 0 0 0 0 0 0 0 0 0 0 0 0 0 0 0 1 0 1 0 1 1 0 0 0 0 0 1 0 1 0 0 0 0 0 0 1
23
1 2 3 4 112 114 115 116 119 120 123 125 129 130 131 133 135 138 150 151 153 155 158
1 1 1 0 0 0 0 0 0 0 0 1 0 0 1 0 0 1 1 0 1 0 0
96
1 2 3 4 5 8 10 11 12 13 14 15 16 17 19 20 21 25 26 34 35 36 39 41 45 48 49 50 52 53 54 55 56 57 60 61 62 64 65 68 72 73 74 75 76 77 78 79 83 84 85 86 87 88 91 92 95 96 97 98 99 104 105 106 107 108 109 112 114 115 116 119 120 123 125 129 130 131 133 135 138 150 151 153 155 158 165 166 167 168 169 170 171 172 173 174
0 1 1 0 1 0 0 0 0 0 0 1 0 0 0 0 0 0 0 0 1 0 1 1 0 0 0 0 0 0 0 0 1 0 1 0 0 0 0 1 0 1 0 0 0 0 0 0 0 0 0 0 1 0 0 0 0 0 0 0 1 0 0 0 0 0 0 0 0 0 0 1 0 0 0 0 0 1 1 0 0 0 0 1 0 0 0 1 0 1 0 1 1 0 0 1
96
1 2 3 4 5 8 10 11 12 13 14 15 16 17 19 20 21 25 26 34 35 36 39 41 45 48 49 50 52 53 54 55 56 57 60 61 62 64 65 68 72 73 74 75 76 77 78 79 83 84 85 86 87 88 91 92 95 96 97 98 99 104 105 106 107 108 109 112 114 115 116 119 120 123 125 129 130 131 133 135 138 150 151 153 155 158 165 166 167 168 169 170 171 172 173 174
0 1 1 1 1 1 0 1 1 1 1 0 1 1 1 1 0 0 0 0 0 0 0 1 0 1 0 1 0 0 1 0 0 1 1 1 0 1 0 1 0 0 0 0 0 0 1 0 0 0 0 0 0 0 0 0 0 1 0 1 0 1 0 0 0 0 0 1 0 0 0 0 0 0 0 0 0 1 0 0 0 1 0 1 0 0 0 1 1 0 0 1 1 1 0 0
94
1 2 3 4 5 8 10 11 14 15 16 17 19 20 21 25 26 34 35 36 39 41 45 48 49 50 52 53 54 55 56 57 60 61 62 64 65 68 72 73 74 75 76 77 78 79 83 84 85 86 87 88 91 92 95 96 97 98 99 104 105 106 107 108 109 112 114 115 116 119 120 123 125 129 130 131 133 135 138 150 151 153 155 158 165 166 167 168 169 170 171 172 173 174
0 1 1 1 1 1 0 1 0 0 0 0 1 0 0 0 0 0 0 0 0 0 0 0 0 0 0 0 0 0 1 0 0 0 0 1 0 1 0 0 0 0 0 0 0 1 0 1 0 0 0 1 0 1 0 0 0 1 0 0 0 0 0 0 0 0 0 0 0 0 0 0 1 0 0 1 1 0 0 0 0 1 0 0 0 1 0 1 0 1 1 0 0 0
54
1 2 3 4 5 8 10 11 12 13 14 15 16 17 19 20 21 25 26 56 57 60 61 62 64 65 68 72 73 74 75 76 77 78 79 83 84 85 86 87 88 91 92 95 96 97 98 99 104 105 106 107 108 109
0 1 0 0 1 1 1 0 1 1 0 1 0 1 1 0 0 1 0 1 0 1 0 1 0 1 1 0 0 0 0 1 1 1 1 1 1 0 0 0 0 0 1 1 0 0 0 1 0 0 0 0 0 0
46
1 2 3 4 5 8 10 11 12 13 14 15 16 17 19 20 21 25 26 34 35 36 39 41 45 48 49 83 84 85 86 87 88 91 92 95 96 97 98 99 104 105 106 107 108 109
0 1 1 0 1 1 0 0 1 1 1 1 1 1 1 0 0 1 0 0 0 1 1 1 0 0 0 0 1 0 0 0 1 0 1 0 1 0 0 1 0 0 0 0 0 0
32
1 2 3 4 5 8 10 11 12 13 14 15 16 17 19 20 21 25 26 34 35 36 39 41 45 48 49 50 52 53 54 55
1 1 1 1 1 0 1 1 1 1 1 0 0 0 1 0 1 0 0 0 0 0 1 1 1 1 1 1 0 0 1 1
29
1 2 3 4 5 8 10 11 12 13 14 15 16 17 19 20 21 25 26 34 35 36 39 41 45 50 54 60 62
0 1 1 1 1 1 0 1 1 1 1 0 0 1 1 1 0 1 0 0 0 1 0 1 1 1 1 0 1
17
1 2 3 4 5 8 10 11 12 13 14 15 16 17 19 20 21
1 1 1 1 1 1 1 1 1 1 0 1 1 0 1 0 0
56
1 2 3 4 5 8 10 11 12 13 14 15 16 17 19 20 21 25 26 34 35 36 39 41 45 48 49 50 52 53 54 55 56 57 60 61 62 64 65 68 72 73 74 75 76 77 78 79 83 84 85 86 87 88 91 92
0 1 1 1 0 1 0 0 1 1 0 0 1 0 0 0 0 1 0 1 0 0 0 0 0 0 0 1 0 0 0 1 0 0 0 0 1 1 1 1 0 0 0 0 0 0 0 0 1 1 0 0 0 0 0 0
6
1 2 3 4 5 8
0 0 0 0 1 1
13
1 2 3 4 5 8 10 11 12 13 14 15 16
1 1 1 1 1 0 1 1 0 0 1 0 1
17
1 2 3 4 5 8 10 11 12 13 14 15 16 17 19 20 21
1 1 1 1 1 0 1 1 1 1 1 0 0 0 1 1 0
40
26 34 35 36 45 48 49 50 52 53 56 57 60 61 62 64 65 73 74 75 76 77 95 96 104 105 106 107 108 109 112 114 115 116 119 120 129 130 131 133
0 1 1 0 1 1 0 1 1 1 1 1 1 0 0 0 0 1 1 0 0 0 1 0 1 0 0 0 1 0 1 0 1 0 0 0 0 0 1 0
5
131 133 135 138 155
0 1 0 1 1
17
1 2 3 4 5 8 10 11 12 13 14 15 16 17 19 20 21
1 1 1 1 1 1 1 1 0 1 0 0 0 1 1 1 0
5
1 2 3 4 5
1 0 1 1 1
17
1 2 3 4 5 8 10 11 12 13 14 15 16 17 19 20 21
1 1 1 1 1 0 0 1 0 1 1 0 1 1 1 1 0
49
68 83 84 85 86 87 88 91 92 95 96 97 98 99 104 105 106 107 108 109 112 114 115 116 119 120 123 125 129 130 131 133 135 138 150 151 153 155 158 165 166 167 168 169 170 171 172 173 174
0 0 0 0 0 0 0 0 1 0 0 0 0 0 0 0 0 0 0 0 0 0 0 0 1 0 0 1 0 0 0 0 0 1 0 0 0 1 0 1 0 0 0 0 1 0 0 1 0
74
39 41 45 48 49 50 52 53 54 55 56 57 60 61 62 64 65 68 72 73 74 75 76 77 78 79 83 84 85 86 87 88 91 92 95 96 97 98 99 104 105 106 107 108 109 112 114 115 116 119 120 123 125 129 130 131 133 135 138 150 151 153 155 158 165 166 167 168 169 170 171 172 173 174
1 0 1 0 0 1 0 0 1 0 1 1 0 1 0 0 0 0 0 0 0 0 0 0 0 1 0 0 0 0 0 0 0 0 0 0 0 0 0 0 0 0 0 0 0 0 0 0 0 0 1 0 0 0 0 1 0 0 0 0 0 1 0 0 0 1 0 0 0 1 1 1 0 1
30
41 45 52 72 73 74 76 77 78 79 87 88 104 106 107 108 109 133 153 155 165 166 167 168 169 170 171 172 173 174
1 1 1 1 1 1 1 1 1 1 1 1 1 1 0 1 1 1 1 1 1 1 1 1 1 1 1 1 1 1
7
1 2 3 4 5 8 10
1 1 1 1 1 0 1
36
1 2 3 4 5 8 10 11 12 13 14 15 16 17 19 20 21 25 26 34 35 36 39 41 45 48 49 50 52 54 56 57 61 62 64 65
1 1 1 1 1 0 0 1 1 0 1 1 1 0 1 1 0 0 1 1 1 1 1 1 1 0 0 0 1 1 1 1 1 1 1 0
22
1 2 3 4 5 8 10 11 12 13 14 15 16 17 19 20 21 25 26 34 35 36
1 1 1 1 0 0 0 0 1 1 1 0 1 0 0 0 0 0 1 1 1 0
17
1 2 3 4 5 8 10 11 12 13 14 15 16 17 19 20 21
1 1 1 1 1 0 1 1 0 1 1 0 1 1 1 1 0
79
25 26 34 35 36 39 41 45 48 49 50 52 53 54 55 56 57 60 61 62 64 65 68 72 73 74 75 76 77 78 79 83 84 85 86 87 88 91 92 95 96 97 98 99 104 105 106 107 108 109 112 114 115 116 119 120 123 125 129 130 131 133 135 138 150 151 153 155 158 165 166 167 168 169 170 171 172 173 174
1 1 1 1 1 1 1 1 1 1 1 0 1 1 1 1 1 1 1 1 1 1 0 1 1 1 1 1 1 1 1 1 1 1 1 1 1 1 1 1 1 1 1 1 1 1 1 1 1 1 1 1 1 1 1 1 1 1 1 1 1 1 1 1 1 1 1 1 1 1 0 1 1 1 1 1 1 1 1
17
1 2 3 4 5 8 10 11 12 13 14 15 16 17 19 20 21
1 1 1 1 1 0 0 1 0 1 0 0 1 0 1 1 0
19
131 133 135 138 150 151 153 155 158 165 166 167 168 169 170 171 172 173 174
1 1 0 0 0 1 0 0 0 0 0 0 1 0 0 0 0 1 1
13
1 2 3 4 5 8 10 11 12 13 14 15 16
1 1 1 1 1 0 1 1 1 0 1 1 0
35
104 105 106 107 108 109 112 114 115 116 119 120 123 125 129 130 131 133 135 138 150 151 153 155 158 165 166 167 168 169 170 171 172 173 174
1 1 1 1 1 1 1 1 1 1 1 1 0 1 1 1 1 1 1 1 1 1 1 1 1 1 1 1 1 1 1 1 1 1 0
27
54 55 119 120 123 125 129 130 131 133 135 138 150 151 153 155 158 165 166 167 168 169 170 171 172 173 174
1 0 0 1 1 1 1 1 0 1 1 1 1 1 1 1 1 1 1 1 1 1 1 1 1 1 1
5
34 35 36 39 41
0 0 1 1 1
22
78 79 83 84 85 86 87 88 91 92 95 96 97 98 99 104 105 106 107 108 109 112
0 0 0 1 0 0 0 0 0 0 0 0 0 0 1 0 0 0 0 0 0 0
5
1 2 3 4 5
0 1 1 1 1
19
1 2 3 4 5 8 10 11 12 13 25 26 34 35 36 39 41 45 48
1 1 1 1 1 0 1 1 0 0 1 0 1 1 0 1 0 1 0
79
25 26 34 35 36 39 41 45 48 49 50 52 53 54 55 56 57 60 61 62 64 65 68 72 73 74 75 76 77 78 79 83 84 85 86 87 88 91 92 95 96 97 98 99 104 105 106 107 108 109 112 114 115 116 119 120 123 125 129 130 131 133 135 138 150 151 153 155 158 165 166 167 168 169 170 171 172 173 174
1 1 1 1 1 1 1 1 1 1 1 1 1 1 1 1 1 1 1 1 1 1 1 1 1 1 1 1 1 1 1 1 1 1 1 1 1 1 1 1 1 1 1 1 1 1 0 1 1 1 1 1 1 1 1 1 1 1 1 1 1 1 1 1 1 1 1 1 1 1 1 1 1 1 1 1 0 0 1
5
1 2 3 4 5
0 1 1 1 1
38
83 84 85 86 87 88 91 92 95 96 97 98 99 104 105 106 107 108 109 112 114 115 116 119 120 123 125 129 130 131 133 135 138 150 151 153 155 158
0 0 0 1 0 0 0 1 0 1 1 1 0 0 1 0 0 0 0 1 0 0 0 0 0 1 0 0 1 1 1 1 1 0 0 1 0 1
5
34 56 57 60 88
1 1 1 0 0
11
1 2 3 4 5 8 10 11 12 13 17
0 1 1 1 1 1 0 1 0 1 0
5
1 2 3 4 5
1 0 1 1 1
19
1 2 3 4 5 8 10 11 12 13 14 15 16 17 19 20 21 25 26
0 1 1 1 1 1 1 1 0 1 1 0 1 0 1 1 0 1 0
5
11 12 13 56 57
1 1 1 0 1
25
50 52 53 54 55 56 57 60 61 62 64 65 72 73 74 75 76 77 78 79 83 84 85 86 87
1 1 1 1 1 1 0 0 1 1 1 1 0 0 1 1 0 0 1 1 0 1 0 1 0
95
1 2 3 4 5 8 10 11 12 13 14 15 16 17 19 20 21 25 26 34 35 36 39 41 45 48 49 50 52 53 54 55 56 57 60 61 62 64 65 68 72 73 74 75 76 77 78 79 83 84 85 86 87 88 91 92 95 96 97 98 99 104 105 106 107 108 109 112 114 115 116 119 120 123 125 129 130 131 133 135 138 150 151 153 155 158 165 166 167 168 169 170 171 172 173
1 1 1 1 1 1 1 1 1 1 0 1 1 1 1 1 1 1 1 1 1 1 1 1 1 0 1 1 1 1 1 1 1 1 1 1 1 1 1 1 1 1 1 1 1 1 1 1 1 1 1 1 1 1 1 1 1 1 1 1 1 1 1 1 1 1 1 1 1 1 1 1 1 1 1 1 1 1 1 1 1 1 1 1 1 1 1 1 1 1 1 1 1 1 1
18
1 2 3 4 5 8 10 11 12 13 14 15 16 17 19 20 21 34
1 1 1 1 1 0 1 1 1 1 1 0 1 0 1 1 1 1
9
4 5 8 10 11 12 13 35 36
1 1 1 0 1 1 1 1 1
7
1 2 3 4 5 8 10
1 1 1 0 0 0 0
17
1 2 3 4 5 8 10 11 12 13 14 15 16 17 19 20 21
1 1 1 1 1 1 1 1 1 1 1 0 0 1 1 1 0
19
131 133 135 138 150 151 153 155 158 165 166 167 168 169 170 171 172 173 174
1 0 1 1 0 1 1 1 1 1 0 1 0 0 0 1 0 1 0
5
34 35 36 39 41
1 0 1 1 1
5
1 2 3 4 5
1 1 1 1 0
5
8 10 11 12 13
0 1 0 0 1
7
1 2 3 4 5 8 10
1 1 1 0 0 0 1
22
1 2 3 4 5 8 10 11 12 13 14 15 16 17 25 26 34 35 36 39 41 45
0 0 1 1 1 1 1 1 0 0 1 1 1 0 1 1 0 1 0 1 1 0
5
1 2 3 4 5
1 1 0 1 1
58
25 26 34 35 36 39 41 45 48 49 50 52 53 54 55 56 57 60 61 62 64 65 68 72 73 74 75 76 77 78 79 83 84 85 86 87 88 91 92 95 96 97 98 99 104 105 106 109 112 114 115 116 119 120 123 125 129 130
1 1 0 1 1 1 0 1 1 1 0 1 1 1 1 1 0 1 1 1 1 0 1 0 0 1 1 1 1 0 1 0 0 0 0 1 1 1 1 1 1 1 1 1 0 1 0 1 1 1 1 0 0 1 1 0 1 0
6
1 2 3 4 5 10
1 0 1 1 1 1
6
131 150 151 158 171 172
1 1 0 1 1 1
19
1 2 3 4 5 8 10 11 12 13 14 15 16 17 19 20 21 25 26
1 1 1 1 0 1 1 1 0 0 1 1 0 0 1 0 0 1 0
7
95 96 99 104 150 151 153
0 1 0 1 1 0 1
17
1 2 3 4 5 8 10 11 12 13 14 15 16 17 19 20 21
1 1 1 1 1 0 1 1 1 1 1 0 1 0 1 1 1
22
1 2 3 1 2 3 4 5 8 10 11 12 13 14 15 16 17 19 20 21 25 26
1 1 1 1 1 1 0 1 0 0 1 1 0 1 1 1 0 1 1 0 1 1
65
1 2 3 4 5 8 10 11 12 13 14 15 16 17 19 20 21 25 26 34 35 36 39 41 45 48 49 50 52 53 54 55 56 57 61 62 64 68 72 73 74 75 76 77 78 79 83 84 85 86 87 88 91 92 95 96 97 98 99 104 105 106 107 108 109
1 1 1 1 1 1 1 0 1 0 1 0 1 0 1 1 0 1 0 0 0 0 1 1 1 0 0 0 0 0 0 0 1 0 1 1 0 1 0 1 1 0 0 0 1 1 0 1 0 1 1 0 0 1 0 0 0 1 1 0 0 0 0 0 0
6
1 2 3 11 12 13
1 1 1 1 0 0
55
1 2 3 4 5 8 10 11 12 13 14 15 16 17 19 20 21 25 26 34 35 36 39 41 45 48 49 52 54 55 56 57 60 61 62 64 65 68 73 74 75 76 77 78 79 83 84 85 86 87 88 91 92 95 96
1 1 1 1 1 0 1 1 1 1 1 0 1 1 1 1 0 1 1 1 1 1 1 0 1 1 1 0 1 1 1 1 0 1 1 1 0 1 0 1 1 0 1 1 1 1 1 0 1 1 1 1 1 1 1
10
1 2 3 4 5 8 10 11 12 13
0 1 1 1 1 0 1 1 1 1
5
1 2 3 4 5
1 1 1 1 0
19
1 2 3 4 5 8 10 11 12 13 14 15 16 17 19 20 21 25 26
1 1 1 1 1 0 0 1 0 1 1 0 0 1 1 1 0 1 1
5
8 10 11 12 13
1 0 1 1 1
5
1 2 3 4 5
0 1 1 1 1
20
48 49 50 54 56 83 95 96 104 105 106 107 108 109 112 114 119 120 123 129
1 1 0 1 1 0 1 1 1 0 1 0 1 0 1 1 1 0 1 0
96
1 2 3 4 5 8 10 11 12 13 14 15 16 17 19 20 21 25 26 34 35 36 39 41 45 48 49 50 52 53 54 55 56 57 60 61 62 64 65 68 72 73 74 75 76 77 78 79 83 84 85 86 87 88 91 92 95 96 97 98 99 104 105 106 107 108 109 112 114 115 116 119 120 123 125 129 130 131 133 135 138 150 151 153 155 158 165 166 167 168 169 170 171 172 173 174
1 1 1 1 1 1 1 1 1 1 1 1 1 1 1 1 0 1 1 1 1 1 1 1 1 1 1 1 1 0 1 1 1 1 1 1 1 1 1 1 1 1 1 1 1 1 1 1 1 1 1 1 1 1 1 1 1 1 1 1 1 1 1 1 1 1 1 1 1 1 1 1 1 1 1 1 1 1 1 1 1 1 1 1 1 1 1 1 1 1 1 1 1 1 1 1
53
1 2 3 4 5 8 10 11 12 13 14 15 16 17 19 20 21 25 26 34 35 36 39 41 45 48 49 50 54 55 56 57 64 65 68 73 74 75 78 79 83 84 85 86 87 88 91 92 95 96 97 98 99
0 1 1 1 1 0 1 1 1 1 1 0 0 0 1 1 0 1 0 1 1 1 1 0 0 1 1 1 1 1 1 0 0 0 1 0 0 0 1 1 1 0 0 0 1 0 0 1 1 1 1 1 0
74
39 41 45 48 49 50 52 53 54 55 56 57 60 61 62 64 65 68 72 73 74 75 76 77 78 79 83 84 85 86 87 88 91 92 95 96 97 98 99 104 105 106 107 108 109 112 114 115 116 119 120 123 125 129 130 131 133 135 138 150 151 153 155 158 165 166 167 168 169 170 171 172 173 174
0 0 0 0 0 0 0 0 0 0 1 0 0 0 0 0 0 0 0 0 0 0 0 0 0 0 0 0 0 0 1 0 0 0 0 0 0 0 0 0 0 0 0 0 0 0 0 0 0 0 0 0 0 0 0 1 1 0 0 0 0 1 0 0 0 1 0 0 0 1 1 0 0 0
5
1 2 3 4 5
1 0 1 1 1
19
1 2 3 4 5 8 10 11 12 13 14 15 16 17 19 20 21 25 26
1 1 1 1 1 1 0 1 0 0 1 0 1 0 1 1 0 1 1
13
11 12 13 14 15 16 41 45 83 84 85 88 92
1 0 1 1 1 0 1 1 1 1 0 1 1
24
25 26 34 35 36 39 41 45 48 49 50 52 53 54 55 56 57 60 61 62 64 65 68 72
1 1 1 1 1 1 0 1 1 1 1 1 1 1 0 1 1 1 1 1 1 1 0 0
26
8 10 25 26 34 35 36 39 41 45 48 49 50 52 53 54 55 56 57 60 61 62 64 65 68 72
1 1 1 1 0 1 1 0 1 1 0 0 1 1 1 1 1 1 1 1 1 1 1 1 1 1
31
25 26 34 35 36 39 41 45 48 49 50 52 53 54 55 56 57 60 61 62 64 65 68 72 73 74 75 76 77 78 79
1 1 1 1 1 1 1 1 1 1 0 0 1 1 1 1 1 0 1 1 1 1 1 0 1 1 1 1 1 0 1
96
1 2 3 4 5 8 10 11 12 13 14 15 16 17 19 20 21 25 26 34 35 36 39 41 45 48 49 50 52 53 54 55 56 57 60 61 62 64 65 68 72 73 74 75 76 77 78 79 83 84 85 86 87 88 91 92 95 96 97 98 99 104 105 106 107 108 109 112 114 115 116 119 120 123 125 129 130 131 133 135 138 150 151 153 155 158 165 166 167 168 169 170 171 172 173 174
1 1 1 1 1 1 1 1 1 1 1 1 1 1 1 1 1 1 1 1 1 1 1 1 1 1 1 1 1 1 1 1 1 1 1 1 1 1 1 1 1 1 1 1 1 1 1 1 1 1 0 1 1 1 1 1 1 1 1 1 1 1 1 1 1 1 1 1 1 1 1 1 1 1 1 1 1 1 1 1 1 1 1 1 1 1 1 1 1 1 1 1 1 1 1 1
96
1 2 3 4 5 8 10 11 12 13 14 15 16 17 19 20 21 25 26 34 35 36 39 41 45 48 49 50 52 53 54 55 56 57 60 61 62 64 65 68 72 73 74 75 76 77 78 79 83 84 85 86 87 88 91 92 95 96 97 98 99 104 105 106 107 108 109 112 114 115 116 119 120 123 125 129 130 131 133 135 138 150 151 153 155 158 165 166 167 168 169 170 171 172 173 174
1 1 1 1 1 1 1 1 1 1 1 1 1 1 1 1 1 1 1 1 1 1 1 1 1 1 1 1 0 1 1 1 1 1 1 1 1 1 1 1 1 1 1 1 1 1 1 1 1 1 1 1 1 1 1 1 1 1 1 1 1 1 1 1 1 1 1 1 1 1 1 1 1 1 1 1 1 1 1 1 1 1 1 1 1 1 1 1 1 1 1 1 1 1 1 1
34
11 12 13 14 15 16 17 19 20 21 25 26 34 35 36 39 41 45 48 49 50 52 53 54 55 56 57 60 61 62 64 65 68 72
1 0 1 1 0 1 1 1 1 0 1 0 0 1 1 1 1 1 0 1 1 0 1 1 1 0 1 0 1 1 1 1 1 1
24
1 2 3 4 5 8 10 11 12 13 14 15 16 17 19 20 21 25 26 34 35 36 39 41
1 1 1 1 1 1 0 0 1 1 0 0 1 0 1 1 0 1 1 1 1 1 0 0
5
1 2 3 4 5
1 1 1 1 0
86
1 2 3 4 5 8 10 11 12 13 14 15 16 17 19 20 21 25 26 34 35 36 39 41 45 48 49 50 52 53 56 57 60 61 62 68 72 76 77 78 79 83 84 85 86 87 88 91 95 96 97 98 99 104 105 106 107 108 109 112 115 116 119 120 123 125 129 130 131 133 135 150 151 153 155 158 165 166 167 168 169 170 171 172 173 174
1 1 1 1 1 1 0 1 1 1 1 1 1 1 0 1 0 1 1 1 1 1 1 0 1 1 1 0 1 1 1 0 1 0 1 0 1 0 0 1 1 1 0 0 0 1 1 1 1 1 1 1 1 1 1 1 1 1 0 1 0 1 1 0 1 1 1 1 1 1 1 1 1 0 1 1 1 1 1 0 1 1 1 1 1 1
77
25 26 34 35 36 39 41 45 48 49 50 54 55 56 57 60 61 62 64 65 68 72 73 74 75 76 77 78 79 83 84 85 86 87 88 91 92 95 96 97 98 99 104 105 106 107 108 109 112 114 115 116 119 120 123 125 129 130 131 133 135 138 150 151 153 155 158 165 166 167 168 169 170 171 172 173 174
1 0 0 0 1 1 1 0 1 0 0 0 0 0 0 0 0 1 0 0 1 0 0 1 0 0 0 0 1 0 1 0 0 0 0 0 0 1 0 0 0 0 0 0 0 0 0 0 1 0 1 0 0 0 0 1 1 0 0 0 1 1 1 1 0 1 1 0 0 0 0 1 0 0 0 0 1
7
1 2 3 4 19 20 21
0 0 1 0 1 1 0
71
48 49 50 52 53 54 55 56 57 60 61 62 64 65 68 72 73 74 75 76 77 78 79 83 84 85 86 87 88 91 92 95 96 97 98 99 104 105 106 107 108 109 112 114 115 116 119 120 123 125 129 130 131 133 135 138 150 151 153 155 158 165 166 167 168 169 170 171 172 173 174
0 0 0 0 0 0 0 1 0 0 1 0 0 0 1 0 0 0 0 0 0 0 0 0 0 0 0 1 0 0 0 0 0 0 0 0 0 0 0 0 0 0 0 0 0 0 0 0 0 0 0 0 1 1 0 0 0 0 1 0 0 0 0 0 0 0 1 1 0 1 0
76
35 36 39 41 45 48 49 50 52 53 54 55 56 57 60 61 62 64 65 68 72 73 74 75 76 77 78 79 83 84 85 86 87 88 91 92 95 96 97 98 99 104 105 106 107 108 109 112 114 115 116 119 120 123 125 129 130 131 133 135 138 150 151 153 155 158 165 166 167 168 169 170 171 172 173 174
0 1 1 0 0 0 0 1 0 0 0 1 0 1 1 0 1 1 0 1 0 0 0 1 0 0 1 0 1 0 0 0 0 0 0 0 0 0 0 0 1 0 0 0 0 0 0 1 0 0 0 0 0 0 1 1 1 0 0 1 1 1 0 0 1 0 1 0 0 0 1 1 0 0 0 1
35
104 105 106 107 108 109 112 114 115 116 119 120 123 125 129 130 131 133 135 138 150 151 153 155 158 165 166 167 168 169 170 171 172 173 174
1 1 1 0 0 0 0 0 1 0 0 0 1 0 1 1 1 0 0 1 0 0 1 0 1 1 0 1 0 0 1 1 1 1 0
10
165 166 167 168 169 170 171 172 173 174
1 0 1 0 0 0 1 0 1 0
16
1 2 3 4 5 8 10 11 12 13 14 15 16 19 20 21
1 1 1 1 1 1 1 1 0 1 1 1 0 1 1 1
81
8 10 11 12 13 25 26 35 36 39 41 45 48 49 50 52 53 54 55 60 61 62 64 65 68 72 73 74 75 76 77 78 79 83 84 85 86 87 88 91 92 95 96 97 98 99 104 105 106 107 108 109 112 114 115 116 119 120 123 125 129 130 131 133 135 138 150 151 153 155 158 165 166 167 168 169 170 171 172 173 174
0 1 1 0 0 1 0 0 1 1 0 1 1 0 0 1 1 1 1 0 1 0 0 0 0 1 0 0 0 0 0 1 0 0 0 0 0 0 0 0 0 0 0 1 1 1 0 0 0 1 0 0 0 1 1 0 1 0 0 0 1 0 1 1 1 1 0 0 0 1 0 1 1 0 0 0 0 0 0 1 1
52
39 41 45 50 52 53 55 73 74 75 76 77 78 79 83 84 85 91 97 98 99 104 105 106 107 108 109 112 114 115 116 119 120 123 125 129 130 131 133 135 138 150 151 153 155 158 165 166 167 168 169 170
1 1 1 0 0 1 1 0 0 0 0 0 1 1 0 1 0 1 0 0 0 0 0 0 0 0 0 0 0 0 0 0 0 1 0 0 0 1 1 1 0 0 1 0 0 1 1 1 0 1 0 1
45
78 79 83 84 85 86 87 88 91 92 95 96 97 98 99 104 105 106 107 108 109 112 114 115 116 119 120 123 125 129 130 131 133 135 138 165 166 167 168 169 170 171 172 173 174
1 1 1 1 0 1 1 1 1 1 1 0 1 1 1 1 1 1 1 1 1 1 1 1 1 1 1 1 1 1 1 1 1 1 1 1 1 1 1 1 1 1 1 1 1
79
25 26 34 35 36 39 41 45 48 49 50 52 53 54 55 56 57 60 61 62 64 65 68 72 73 74 75 76 77 78 79 83 84 85 86 87 88 91 92 95 96 97 98 99 104 105 106 107 108 109 112 114 115 116 119 120 123 125 129 130 131 133 135 138 150 151 153 155 158 165 166 167 168 169 170 171 172 173 174
1 1 1 1 1 1 1 1 1 1 1 1 1 1 1 1 1 1 1 1 1 1 1 1 1 0 0 1 0 1 1 1 1 1 1 1 1 1 1 1 1 1 1 1 1 1 1 1 1 1 1 0 1 1 1 1 1 1 1 1 1 1 1 1 1 1 1 1 1 1 0 1 0 0 0 1 1 0 1
18
1 2 3 8 10 14 15 16 17 34 35 36 39 41 45 48 49 50
1 0 1 0 1 0 0 0 0 1 1 1 1 1 1 1 1 1
32
26 34 35 36 39 41 48 49 50 52 53 54 55 56 57 61 62 64 65 68 72 73 74 75 76 77 78 79 123 129 131 135
0 0 1 1 1 1 0 0 0 0 0 0 0 1 0 0 0 0 0 1 0 0 0 0 0 0 0 0 0 0 0 1
37
1 2 3 4 5 8 10 11 12 13 14 15 16 17 19 20 21 25 26 34 35 36 39 41 45 48 49 50 54 55 56 57 61 62 64 65 73
1 1 1 1 1 0 1 1 0 1 1 1 1 0 1 1 0 1 0 0 0 1 1 1 1 1 1 1 1 1 0 0 1 0 1 0 0
67
1 2 3 4 5 8 10 11 12 13 14 15 16 17 19 20 21 25 26 34 35 36 39 41 45 48 49 50 52 53 54 55 56 57 60 61 62 64 65 68 72 73 74 75 76 77 78 79 83 84 85 86 87 88 91 92 95 96 97 98 99 104 105 106 107 108 109
1 1 1 0 1 0 0 0 1 1 1 0 0 0 0 0 0 1 0 0 0 0 1 1 0 1 0 1 0 0 0 1 0 0 0 0 0 0 0 1 0 0 0 1 0 0 0 0 0 1 0 0 0 0 0 1 0 0 0 1 0 0 1 1 0 0 0
29
99 104 105 106 107 108 109 112 114 115 116 119 120 123 125 129 130 131 133 135 138 150 151 153 155 158 168 169 170
0 0 0 0 0 0 1 0 0 0 0 0 0 0 0 1 0 1 0 0 0 0 0 0 0 0 1 0 0
75
35 36 39 41 45 48 49 50 52 53 54 55 56 60 61 62 64 65 68 72 73 74 75 76 77 78 79 83 84 85 86 87 88 91 92 95 96 97 98 99 104 105 106 107 108 109 112 114 115 116 119 120 123 125 129 130 131 133 135 138 150 151 153 155 158 165 166 167 168 169 170 171 172 173 174
1 1 1 1 1 1 1 1 1 1 1 1 1 1 1 1 1 1 1 0 1 1 1 1 1 1 1 1 1 1 1 1 1 1 1 1 1 1 1 1 1 1 1 1 1 1 1 1 1 1 1 1 0 1 1 1 1 1 1 1 1 1 1 1 1 1 1 1 1 1 1 1 1 1 0
84
1 2 3 4 5 8 10 11 12 13 14 15 16 17 19 20 21 25 26 34 35 36 39 41 45 48 49 50 52 53 54 55 56 57 60 61 62 64 65 68 72 73 74 75 76 77 78 79 91 92 95 96 97 98 99 112 114 115 116 119 120 123 125 129 130 131 133 135 138 150 151 153 155 158 165 166 167 168 169 170 171 172 173 174
1 1 1 0 0 1 1 1 1 1 1 1 0 0 1 1 0 0 0 0 0 1 1 0 0 0 0 1 0 1 1 1 0 0 0 1 0 0 1 1 0 0 0 1 0 1 1 1 1 1 1 1 1 1 0 1 0 1 0 1 0 1 1 1 1 1 0 0 0 0 1 0 0 0 1 0 0 0 0 0 1 0 1 1
66
52 53 56 57 60 61 62 64 65 68 72 73 74 75 76 77 78 79 83 84 85 86 87 88 91 92 95 96 97 98 99 104 105 106 107 108 109 112 114 115 116 119 120 123 125 129 130 131 133 135 138 150 151 153 155 158 165 166 167 168 169 170 171 172 173 174
1 1 1 0 1 1 1 1 1 1 1 1 1 1 1 1 1 1 1 1 1 1 1 1 1 1 1 1 1 1 1 1 1 1 1 1 1 1 1 1 1 1 1 1 1 1 1 1 1 1 1 1 1 1 1 1 1 1 1 1 1 1 1 1 1 1
60
52 53 54 55 56 57 60 61 62 64 65 68 72 73 74 75 76 77 78 79 83 84 85 86 87 88 91 92 95 96 97 98 99 104 107 108 109 112 114 115 116 119 120 123 125 129 130 131 133 135 155 158 165 166 167 168 169 170 173 174
1 0 0 1 1 0 0 1 1 1 1 1 0 0 0 1 1 0 1 0 1 0 0 0 1 1 0 1 0 0 0 0 1 0 0 0 0 1 0 0 0 0 0 0 0 0 0 1 0 0 0 1 1 0 1 0 0 0 1 0
96
1 2 3 4 5 8 10 11 12 13 14 15 16 17 19 20 21 25 26 34 35 36 39 41 45 48 49 50 52 53 54 55 56 57 60 61 62 64 65 68 72 73 74 75 76 77 78 79 83 84 85 86 87 88 91 92 95 96 97 98 99 104 105 106 107 108 109 112 114 115 116 119 120 123 125 129 130 131 133 135 138 150 151 153 155 158 165 166 167 168 169 170 171 172 173 174
1 1 1 1 1 1 1 1 1 1 1 1 1 1 1 1 1 1 1 1 1 1 1 1 1 1 1 1 1 0 1 1 1 1 1 1 1 1 1 1 1 1 1 1 1 1 1 1 1 1 1 1 1 1 1 1 1 1 1 1 1 1 1 1 1 1 1 1 1 1 1 1 1 1 1 1 1 1 1 1 1 1 1 1 1 1 1 1 1 1 1 1 1 1 1 1
80
19 20 21 34 35 36 39 41 45 48 49 50 52 53 54 55 56 57 60 61 62 64 65 68 72 73 74 75 76 77 78 79 83 84 85 86 87 88 91 92 95 96 97 98 99 104 105 106 107 108 109 112 114 115 116 119 120 123 125 129 130 131 133 135 138 150 151 153 155 158 165 166 167 168 169 170 171 172 173 174
1 1 1 1 1 1 1 1 1 1 1 1 1 1 1 1 1 1 1 1 1 1 1 1 1 1 1 1 1 1 1 1 1 1 1 1 1 1 1 1 1 1 1 1 1 1 1 0 0 1 1 1 0 1 1 1 1 1 1 1 1 1 1 1 1 1 1 1 1 1 1 1 1 1 1 1 1 1 1 1
79
25 26 34 35 36 39 41 45 48 49 50 52 53 54 55 56 57 60 61 62 64 65 68 72 73 74 75 76 77 78 79 83 84 85 86 87 88 91 92 95 96 97 98 99 104 105 106 107 108 109 112 114 115 116 119 120 123 125 129 130 131 133 135 138 150 151 153 155 158 165 166 167 168 169 170 171 172 173 174
1 0 0 1 1 1 1 1 1 1 1 0 1 1 1 1 1 1 1 1 1 1 1 1 1 1 1 1 1 1 1 1 1 1 1 1 1 1 1 1 1 1 1 1 1 1 1 1 1 1 1 1 1 1 1 1 1 1 1 1 1 1 1 1 1 1 1 1 1 1 1 1 1 1 1 1 1 1 1
45
19 20 21 25 26 95 96 97 98 99 104 105 106 107 108 109 112 114 115 116 119 120 123 125 129 130 131 133 135 138 150 151 153 155 158 165 166 167 168 169 170 171 172 173 174
0 1 0 1 1 0 1 1 1 1 1 1 1 1 1 1 1 1 1 1 1 1 1 1 1 1 1 1 1 1 1 1 1 1 1 1 1 1 1 1 1 1 1 1 1
28
8 72 83 84 85 86 87 88 109 131 133 135 138 150 151 153 155 158 165 166 167 168 169 170 171 172 173 174
1 1 1 1 0 1 1 1 1 1 1 1 1 1 1 1 1 1 1 1 1 1 1 1 1 1 1 1
96
1 2 3 4 5 8 10 11 12 13 14 15 16 17 19 20 21 25 26 34 35 36 39 41 45 48 49 50 52 53 54 55 56 57 60 61 62 64 65 68 72 73 74 75 76 77 78 79 83 84 85 86 87 88 91 92 95 96 97 98 99 104 105 106 107 108 109 112 114 115 116 119 120 123 125 129 130 131 133 135 138 150 151 153 155 158 165 166 167 168 169 170 171 172 173 174
1 1 1 1 1 1 1 1 1 1 1 1 1 0 1 0 1 1 1 1 1 1 1 1 1 1 1 1 1 1 1 1 1 1 1 1 1 1 1 1 1 1 1 1 1 1 1 1 1 1 0 1 1 1 1 1 1 1 1 1 1 1 1 1 1 1 1 1 1 1 1 1 1 1 1 1 1 1 1 1 1 1 1 1 1 1 1 1 1 1 1 1 1 1 1 0
15
25 26 34 35 36 39 41 45 48 49 50 52 53 54 55
0 0 0 1 1 1 1 1 1 0 0 0 1 1 1
17
1 2 3 4 5 8 10 11 12 13 14 15 16 17 19 20 21
1 1 1 1 1 0 0 1 0 1 1 0 1 0 1 1 0
96
1 2 3 4 5 8 10 11 12 13 14 15 16 17 19 20 21 25 26 34 35 36 39 41 45 48 49 50 52 53 54 55 56 57 60 61 62 64 65 68 72 73 74 75 76 77 78 79 83 84 85 86 87 88 91 92 95 96 97 98 99 104 105 106 107 108 109 112 114 115 116 119 120 123 125 129 130 131 133 135 138 150 151 153 155 158 165 166 167 168 169 170 171 172 173 174
1 1 1 1 1 1 1 1 1 1 1 1 1 1 1 1 0 1 1 1 1 1 1 1 1 1 1 1 1 1 1 1 1 1 1 1 1 1 1 1 1 1 1 1 1 1 1 1 1 1 1 1 1 1 1 1 1 1 1 1 1 1 1 1 1 1 1 1 0 1 1 1 1 1 1 1 1 1 1 1 1 1 1 1 1 1 1 1 1 1 1 1 1 1 1 1
86
1 2 3 4 5 8 10 11 12 13 14 15 16 17 19 20 21 25 26 34 35 36 39 41 45 48 49 50 52 53 54 55 56 57 60 61 62 64 65 68 72 73 74 75 76 77 78 79 83 84 85 86 87 88 91 92 95 96 97 98 99 104 105 106 107 108 109 112 114 115 116 119 120 123 125 129 130 131 133 135 138 150 151 153 155 158
1 1 1 1 1 0 1 1 0 1 1 1 1 1 1 1 1 1 1 1 1 1 1 1 1 1 1 1 1 1 1 1 1 1 1 1 1 1 1 1 1 1 1 1 1 1 1 1 1 1 0 1 1 1 0 1 1 1 1 1 1 1 1 1 1 1 1 1 1 1 1 1 1 1 1 1 1 1 1 1 1 1 1 1 1 1
63
1 2 3 53 56 57 68 72 73 74 75 76 77 78 79 83 84 85 86 87 88 91 92 95 96 97 98 99 104 105 106 107 108 109 112 114 115 116 119 120 123 125 129 130 131 133 135 138 150 151 153 155 158 165 166 167 168 169 170 171 172 173 174
1 1 1 1 1 1 1 1 1 1 1 1 1 1 1 1 1 1 1 1 1 1 0 1 1 1 1 1 1 1 1 1 1 1 1 1 1 1 1 1 1 1 1 1 1 1 1 1 1 1 1 1 1 1 1 1 1 1 1 1 1 1 1
103
1 2 3 4 5 8 10 11 12 13 14 15 16 17 19 20 21 25 26 34 35 36 39 41 45 48 49 50 52 53 54 55 56 57 60 61 62 64 65 68 72 73 74 75 76 77 78 79 83 84 85 86 87 88 91 92 95 96 97 98 99 104 105 106 107 108 109 112 114 115 116 119 120 123 125 129 130 131 133 135 138 150 151 153 155 158 165 166 167 168 169 170 171 172 173 174 83 84 85 86 87 95 96
1 1 1 1 1 1 1 1 1 1 1 1 1 0 1 1 1 1 1 0 1 1 1 1 1 1 1 1 0 1 1 1 1 1 1 1 1 1 1 1 1 1 1 1 1 1 1 1 1 1 1 1 1 0 1 1 1 1 1 1 1 1 1 0 1 1 1 1 1 1 1 1 1 1 1 1 1 1 1 1 1 1 1 1 1 1 1 1 1 1 1 1 1 1 1 1 1 1 0 0 1 0 1
6
34 35 36 39 41 45
0 1 0 1 1 0
19
1 2 3 4 5 8 10 25 26 34 35 36 39 41 45 50 83 84 85
1 1 1 1 0 1 0 0 0 0 0 1 1 0 1 0 0 0 0
74
34 35 36 39 45 48 49 50 52 53 54 55 60 61 62 64 65 68 72 73 74 75 76 77 78 79 83 84 85 86 87 88 91 92 95 96 97 98 99 104 105 106 107 108 109 112 114 115 116 119 120 123 125 129 130 131 133 135 138 150 151 153 155 158 165 166 167 168 169 170 171 172 173 174
1 1 1 1 1 1 1 1 0 1 1 1 1 1 1 1 1 1 1 1 1 1 1 1 1 1 1 1 0 1 1 1 1 1 0 1 1 1 1 1 1 1 1 1 1 1 1 1 1 1 0 1 1 1 1 1 1 1 1 1 1 0 0 1 1 1 1 0 1 0 1 1 1 1
5
56 57 150 151 153
1 0 1 1 1
76
35 36 39 41 45 48 49 50 52 53 54 55 56 57 60 61 62 64 65 68 72 73 74 75 76 77 78 79 83 84 85 86 87 88 91 92 95 96 97 98 99 104 105 106 107 108 109 112 114 115 116 119 120 123 125 129 130 131 133 135 138 150 151 153 155 158 165 166 167 168 169 170 171 172 173 174
1 1 1 1 1 1 1 1 1 1 1 1 1 1 1 1 1 1 1 1 1 1 1 1 0 0 1 1 1 1 1 1 1 1 1 1 1 1 0 1 1 1 1 1 1 1 1 0 1 1 0 1 1 1 1 1 1 1 1 1 1 1 1 1 1 1 1 0 1 1 1 1 1 1 1 1
68
52 53 54 55 56 57 60 61 62 64 65 68 72 73 74 75 76 77 78 79 83 84 85 86 87 88 91 92 95 96 97 98 99 104 105 106 107 108 109 112 114 115 116 119 120 123 125 129 130 131 133 135 138 150 151 153 155 158 165 166 167 168 169 170 171 172 173 174
1 1 1 1 1 1 1 1 1 1 1 1 1 1 1 1 1 1 1 1 1 1 0 1 1 1 1 1 1 1 1 1 1 1 1 1 1 1 1 1 1 1 1 1 1 1 1 1 1 1 1 1 1 1 1 1 1 1 1 1 1 1 1 1 1 1 1 1
51
25 34 36 39 41 45 48 49 50 52 53 54 55 56 57 61 62 64 65 68 72 74 76 78 79 83 84 87 88 91 92 95 96 97 98 104 105 106 107 109 131 133 135 150 151 153 158 165 166 167 168
0 1 1 1 1 1 1 1 0 0 1 1 1 0 0 1 1 0 1 1 0 0 0 1 1 0 0 1 1 1 0 0 1 1 1 0 1 0 0 0 1 1 1 1 1 1 0 1 0 1 1
19
131 133 135 138 150 151 153 155 158 165 166 167 168 169 170 171 172 173 174
1 1 1 1 1 1 1 1 1 1 1 1 1 0 1 1 1 1 1
10
165 166 167 168 169 170 171 172 173 174
1 1 1 0 0 0 0 1 0 1
93
4 5 8 10 11 12 13 14 15 16 17 19 20 21 25 26 34 35 36 39 41 45 48 49 50 52 53 54 55 56 57 60 61 62 64 65 68 72 73 74 75 76 77 78 79 83 84 85 86 87 88 91 92 95 96 97 98 99 104 105 106 107 108 109 112 114 115 116 119 120 123 125 129 130 131 133 135 138 150 151 153 155 158 165 166 167 168 169 170 171 172 173 174
1 1 1 1 1 1 1 1 1 1 1 1 1 0 1 1 1 1 1 1 1 1 1 1 1 1 1 1 1 1 1 1 1 1 1 1 1 1 1 1 1 1 1 1 1 1 1 1 1 1 1 1 1 1 1 1 1 1 1 1 1 1 1 1 1 1 1 1 1 1 1 1 1 1 1 1 1 1 1 1 1 1 1 1 1 1 1 0 1 1 1 1 1
74
1 2 3 4 5 8 10 11 12 13 14 15 16 17 19 20 21 25 26 34 35 36 39 41 45 48 49 50 52 53 54 55 56 57 61 62 64 65 68 72 73 74 75 76 77 78 79 83 84 85 88 91 92 95 96 97 98 99 104 105 106 107 108 109 112 114 115 116 119 120 123 125 129 130
0 1 1 1 1 0 1 1 0 1 1 1 0 0 0 0 0 1 0 0 0 0 1 0 0 0 0 1 1 0 1 0 1 0 0 1 0 0 0 0 0 0 0 0 0 1 0 0 1 0 0 0 0 0 1 0 1 0 0 0 0 0 1 0 1 0 1 0 0 0 0 0 0 0
96
1 2 3 4 5 8 10 11 12 13 14 15 16 17 19 20 21 25 26 34 35 36 39 41 45 48 49 50 52 53 54 55 56 57 60 61 62 64 65 68 72 73 74 75 76 77 78 79 83 84 85 86 87 88 91 92 95 96 97 98 99 104 105 106 107 108 109 112 114 115 116 119 120 123 125 129 130 131 133 135 138 150 151 153 155 158 165 166 167 168 169 170 171 172 173 174
1 1 1 1 1 0 1 1 1 1 0 0 0 0 1 1 0 0 0 0 1 0 1 0 1 1 0 1 0 0 1 0 0 0 1 0 1 1 0 0 1 0 0 1 0 0 0 1 0 1 0 0 0 0 0 0 0 0 0 0 0 0 0 0 0 0 0 0 0 0 0 0 0 0 1 0 0 1 0 1 1 1 0 0 1 1 1 1 1 0 0 1 0 0 1 0
79
25 26 34 35 36 39 41 45 48 49 50 52 53 54 55 56 57 60 61 62 64 65 68 72 73 74 75 76 77 78 79 83 84 85 86 87 88 91 92 95 96 97 98 99 104 105 106 107 108 109 112 114 115 116 119 120 123 125 129 130 131 133 135 138 150 151 153 155 158 165 166 167 168 169 170 171 172 173 174
1 1 1 1 1 1 1 1 1 1 1 1 1 1 1 1 1 1 1 1 1 1 1 1 1 1 1 1 1 1 1 1 1 1 0 1 1 1 0 1 1 1 1 1 1 1 1 1 1 1 1 1 1 1 1 1 1 1 1 1 1 1 1 1 1 1 1 0 1 1 1 1 1 1 1 1 1 1 1
77
34 35 36 39 41 45 48 49 50 52 53 54 55 56 57 60 61 62 64 65 68 72 73 74 75 76 77 78 79 83 84 85 86 87 88 91 92 95 96 97 98 99 104 105 106 107 108 109 112 114 115 116 119 120 123 125 129 130 131 133 135 138 150 151 153 155 158 165 166 167 168 169 170 171 172 173 174
1 1 1 1 1 1 1 1 1 1 1 1 1 1 1 1 1 1 1 1 1 1 1 1 1 1 1 1 1 1 1 0 1 1 1 1 1 1 1 1 1 1 1 1 1 1 1 1 1 1 1 1 1 1 1 1 1 1 1 1 1 1 1 1 1 1 1 1 1 1 1 1 1 1 1 1 1
13
107 108 109 165 166 167 168 169 170 171 172 173 174
1 1 0 1 1 1 1 1 1 1 1 1 1
80
16 25 26 34 35 36 39 41 45 48 49 50 52 53 54 55 56 57 60 61 62 64 65 68 72 73 74 75 76 77 78 79 83 84 85 86 87 88 91 92 95 96 97 98 99 104 105 106 107 108 109 112 114 115 116 119 120 123 125 129 130 131 133 135 138 150 151 153 155 158 165 166 167 168 169 170 171 172 173 174
1 0 1 1 1 1 1 1 1 1 1 1 1 0 1 1 1 1 1 1 1 1 1 1 1 1 1 1 1 1 1 1 1 1 1 1 1 1 1 1 1 1 1 1 1 1 1 1 1 1 1 1 1 1 1 1 1 1 1 1 1 1 1 1 1 1 1 1 1 1 1 1 1 1 1 1 1 1 1 1
15
1 4 5 8 10 11 12 13 14 15 16 17 25 26 34
1 1 1 0 0 1 1 1 1 0 0 1 0 1 1
48
1 2 3 4 5 8 10 11 12 13 14 15 16 17 19 20 21 25 26 34 35 36 39 41 45 48 49 50 52 53 54 55 56 57 60 61 62 64 65 68 72 73 74 75 76 77 78 79
1 1 1 1 1 0 1 1 0 1 0 1 1 0 1 1 1 1 1 1 1 0 1 1 1 0 0 0 1 1 1 1 0 0 1 1 0 1 1 1 1 0 0 1 0 0 1 1
5
1 2 3 4 5
0 1 1 1 1
16
104 105 106 107 108 109 165 166 167 168 169 170 171 172 173 174
1 1 1 1 1 1 1 1 1 1 1 1 1 1 1 0
10
165 166 167 168 169 170 171 172 173 174
1 1 1 0 0 0 1 0 1 0
34
105 106 107 108 109 112 114 115 116 119 120 123 125 129 130 131 133 135 138 150 151 153 155 158 165 166 167 168 169 170 171 172 173 174
1 1 1 1 1 1 1 1 1 1 1 1 1 1 1 1 1 1 1 0 1 1 1 1 1 1 1 1 1 1 1 1 1 1
10
99 104 105 106 107 108 109 165 166 167
1 0 1 0 1 1 0 1 1 0
36
99 104 105 106 107 108 109 112 114 115 116 119 120 123 125 129 130 131 133 135 138 150 151 153 155 158 165 166 167 168 169 170 171 172 173 174
1 1 1 1 1 1 1 1 0 1 1 1 1 1 1 1 1 1 1 1 1 1 1 1 1 1 1 0 1 0 1 0 0 0 1 0
18
68 91 129 130 131 133 135 138 165 166 167 168 169 170 171 172 173 174
0 0 0 0 1 0 0 0 1 0 1 1 1 0 0 1 0 0
77
34 35 36 39 41 45 48 49 50 52 53 54 55 56 57 60 61 62 64 65 68 72 73 74 75 76 77 78 79 83 84 85 86 87 88 91 92 95 96 97 98 99 104 105 106 107 108 109 112 114 115 116 119 120 123 125 129 130 131 133 135 138 150 151 153 155 158 165 166 167 168 169 170 171 172 173 174
1 1 1 1 1 1 1 1 1 1 1 1 1 1 1 1 1 1 1 1 1 1 1 1 1 1 1 1 1 1 1 0 1 1 1 1 1 1 1 1 1 1 1 1 1 1 1 1 1 1 1 1 1 1 1 1 1 1 1 1 1 1 1 1 1 1 1 1 1 1 1 1 1 1 1 1 1
46
72 86 87 88 91 92 95 96 97 98 99 104 105 106 107 108 109 112 114 115 116 119 120 123 125 129 130 131 133 135 138 150 151 153 155 158 165 166 167 168 169 170 171 172 173 174
1 1 1 1 1 1 1 1 1 1 1 1 1 1 1 1 1 1 1 1 1 1 1 1 1 1 1 1 1 0 1 1 1 1 1 1 1 1 1 0 1 1 1 1 1 1
30
95 96 97 98 99 104 105 106 107 108 109 131 133 135 138 150 151 153 155 158 165 166 167 168 169 170 171 172 173 174
0 0 0 0 0 0 0 0 0 0 0 1 1 0 0 0 0 1 0 0 0 1 0 0 0 1 1 0 0 0
83
17 19 20 21 25 26 34 35 36 39 41 45 48 49 50 52 53 54 55 56 57 60 61 62 64 65 68 72 73 74 75 76 77 78 79 83 84 85 86 87 88 91 92 95 96 97 98 99 104 105 106 107 108 109 112 114 115 116 119 120 123 125 129 130 131 133 135 138 150 151 153 155 158 165 166 167 168 169 170 171 172 173 174
0 1 1 0 0 1 1 1 0 0 1 1 0 0 1 1 0 1 1 1 1 0 0 0 0 1 1 1 0 0 0 0 0 1 0 0 0 0 0 1 0 1 1 1 1 0 1 0 0 1 0 0 0 0 0 0 0 0 0 0 1 0 0 0 0 0 1 1 1 1 0 0 0 0 0 1 1 0 0 1 0 0 1
93
4 5 8 10 11 12 13 14 15 16 17 19 20 21 25 26 34 35 36 39 41 45 48 49 50 52 53 54 55 56 57 60 61 62 64 65 68 72 73 74 75 76 77 78 79 83 84 85 86 87 88 91 92 95 96 97 98 99 104 105 106 107 108 109 112 114 115 116 119 120 123 125 129 130 131 133 135 138 150 151 153 155 158 165 166 167 168 169 170 171 172 173 174
0 1 1 1 1 1 1 1 1 1 1 1 1 1 1 1 1 1 1 1 0 1 1 1 1 1 1 1 1 1 1 1 1 1 1 1 1 1 1 1 1 1 1 1 1 1 1 1 1 1 0 1 1 1 1 1 1 1 1 1 1 1 1 1 1 1 1 1 1 1 1 1 1 1 1 1 1 1 1 1 1 1 1 1 1 1 1 1 1 1 1 1 1
83
17 19 20 21 25 26 34 35 36 39 41 45 48 49 50 52 53 54 55 56 57 60 61 62 64 65 68 72 73 74 75 76 77 78 79 83 84 85 86 87 88 91 92 95 96 97 98 99 104 105 106 107 108 109 112 114 115 116 119 120 123 125 129 130 131 133 135 138 150 151 153 155 158 165 166 167 168 169 170 171 172 173 174
0 0 0 0 1 0 0 1 0 1 1 1 0 0 1 0 0 1 1 1 1 0 0 1 1 1 0 0 0 0 0 0 0 0 0 1 0 0 0 0 0 0 0 0 0 1 0 1 0 0 0 0 0 0 0 0 0 0 0 0 0 0 0 0 1 0 0 1 1 0 1 0 0 1 0 1 0 0 1 0 0 0 1
29
1 2 4 5 8 10 11 12 13 14 15 16 17 19 20 21 25 26 35 165 166 167 168 169 170 171 172 173 174
1 1 0 0 0 0 1 1 1 1 0 1 1 1 1 0 1 0 1 1 1 1 0 0 1 1 0 0 1
37
25 26 104 105 106 107 108 109 112 114 115 116 119 120 123 125 129 130 131 133 135 138 150 151 153 155 158 165 166 167 168 169 170 171 172 173 174
1 1 1 1 1 1 1 1 1 1 1 1 0 0 1 0 1 1 1 1 1 0 1 1 1 1 1 1 1 1 1 1 1 1 1 0 1
90
8 10 11 12 13 14 15 16 17 19 20 21 25 26 34 35 36 39 41 45 48 49 50 52 53 55 56 57 60 61 62 64 65 68 72 73 74 75 76 77 78 79 83 84 85 86 87 88 91 92 95 96 97 98 99 104 105 106 107 108 109 112 114 115 116 119 120 123 125 129 130 131 133 135 138 150 151 153 155 158 165 166 167 168 169 170 171 172 173 174
1 1 1 1 1 1 1 1 1 1 1 1 1 1 1 1 1 0 1 1 1 1 1 0 1 1 1 1 1 1 1 1 1 1 1 1 1 1 1 1 1 1 1 1 1 1 1 1 1 1 1 1 1 1 1 1 1 1 1 1 1 1 1 1 1 1 1 0 1 1 1 1 1 1 1 1 1 1 1 1 1 1 1 1 1 1 1 1 1 1
79
25 26 34 35 36 39 41 45 48 49 50 52 53 54 55 56 57 60 61 62 64 65 68 72 73 74 75 76 77 78 79 83 84 85 86 87 88 91 92 95 96 97 98 99 104 105 106 107 108 109 112 114 115 116 119 120 123 125 129 130 131 133 135 138 150 151 153 155 158 165 166 167 168 169 170 171 172 173 174
1 1 1 1 1 1 1 1 1 1 1 1 1 1 1 1 1 1 1 1 1 1 1 1 1 1 1 1 1 1 1 1 1 0 1 1 1 1 1 1 1 1 1 1 1 1 1 1 1 1 1 1 1 1 1 1 1 1 1 1 1 1 1 1 1 1 1 1 1 1 1 1 1 1 1 1 1 1 1
10
165 166 167 168 169 170 171 172 173 174
1 0 0 0 0 0 0 0 0 0
13
4 5 11 12 13 14 15 16 17 19 20 21 34
1 1 1 1 1 0 0 1 0 1 0 0 1
35
17 35 36 39 41 45 52 53 54 55 56 57 60 61 62 64 65 68 72 73 74 75 76 77 78 79 95 96 97 98 107 108 109 112 114
0 0 1 1 1 1 0 1 1 1 1 0 1 1 1 1 0 1 0 0 1 1 0 0 1 1 1 1 0 1 0 1 0 1 1
17
1 2 3 4 5 8 10 11 12 13 14 15 16 17 19 20 21
1 1 1 1 1 1 0 1 1 1 1 0 1 1 1 1 0
36
99 104 105 106 107 108 109 112 114 115 116 119 120 123 125 129 130 131 133 135 138 150 151 153 155 158 165 166 167 168 169 170 171 172 173 174
0 1 1 1 1 1 1 1 1 1 1 1 1 1 1 1 1 1 1 1 1 1 1 1 1 1 1 1 1 1 1 1 1 1 1 1
53
25 26 34 35 36 48 49 50 52 53 54 55 56 57 60 61 62 64 65 68 72 73 74 75 76 77 78 79 119 120 123 125 129 130 131 133 135 138 150 151 153 155 158 165 166 167 168 169 170 171 172 173 174
1 1 1 1 1 1 1 1 0 1 1 1 1 1 1 1 1 1 1 1 1 1 1 1 1 1 1 1 1 1 1 1 1 1 1 1 1 1 1 1 1 1 1 1 1 1 1 1 1 1 1 1 1
78
1 34 35 36 39 41 45 48 49 50 52 53 54 55 56 57 60 61 62 64 65 68 72 73 74 75 76 77 78 79 83 84 85 86 87 88 91 92 95 96 97 98 99 104 105 106 107 108 109 112 114 115 116 119 120 123 125 129 130 131 133 135 138 150 151 153 155 158 165 166 167 168 169 170 171 172 173 174
0 0 1 1 0 1 0 0 0 0 0 0 0 0 0 0 1 0 1 0 1 1 0 0 0 0 0 0 0 1 0 1 0 0 0 0 0 0 0 0 0 0 1 0 0 0 0 0 0 0 0 0 0 0 0 0 1 0 0 1 0 1 1 0 0 0 0 0 0 1 0 0 0 1 1 1 1 1
7
25 26 34 35 36 39 41
1 1 0 0 0 1 0
32
1 2 3 4 5 8 10 11 12 13 14 15 16 17 19 20 21 25 26 34 35 36 39 41 45 48 49 50 52 53 54 55
1 1 1 1 1 1 1 1 1 1 1 1 1 0 1 1 0 1 1 1 1 1 1 1 1 1 1 0 1 1 1 1
28
1 2 3 4 5 8 10 11 12 13 14 15 16 17 19 20 21 25 26 34 35 36 39 41 45 48 49 50
1 1 1 1 1 1 1 1 0 1 1 1 1 0 1 1 0 1 1 1 1 1 1 0 1 0 0 1
40
95 96 97 98 99 104 105 106 107 108 109 112 114 115 116 119 120 123 125 129 130 131 133 135 138 150 151 153 155 158 165 166 167 168 169 170 171 172 173 174
1 1 1 1 1 0 1 1 1 1 1 1 1 1 1 1 0 1 1 1 1 1 1 1 1 1 1 1 1 1 1 1 1 1 0 1 1 1 1 1
20
34 35 36 39 41 45 48 49 50 52 53 54 55 56 57 60 61 62 64 65
1 0 0 1 0 1 0 0 0 0 0 0 0 1 0 0 0 1 0 1
14
1 2 3 4 5 8 10 11 12 13 14 15 16 17
1 1 0 1 1 0 0 1 0 1 1 1 0 0
16
1 2 3 150 151 153 158 165 166 167 168 169 171 172 173 174
1 1 1 1 1 0 1 1 0 0 1 1 1 1 1 0
17
1 2 3 4 5 8 10 11 12 13 14 34 35 39 45 48 54
1 1 1 1 1 0 0 1 1 1 1 1 1 0 0 1 1
7
1 2 3 4 5 8 10
1 1 1 1 1 0 0
19
1 2 3 4 5 8 10 11 12 13 14 15 16 17 19 20 21 25 26
0 1 1 1 1 0 0 1 1 1 1 1 0 1 1 1 0 1 1
95
1 2 3 4 5 8 10 11 12 13 14 15 16 17 19 20 21 25 26 34 35 36 39 41 45 48 49 50 53 54 55 56 57 60 61 62 64 65 68 72 73 74 75 76 77 78 79 83 84 85 86 87 88 91 92 95 96 97 98 99 104 105 106 107 108 109 112 114 115 116 119 120 123 125 129 130 131 133 135 138 150 151 153 155 158 165 166 167 168 169 170 171 172 173 174
1 1 1 1 1 1 0 1 1 1 1 1 1 1 1 0 1 0 1 0 0 0 0 0 0 0 0 0 0 1 1 0 1 0 0 0 0 1 1 0 0 1 0 0 0 0 0 0 0 0 0 1 0 0 0 0 0 1 1 1 0 0 0 0 0 0 0 0 0 0 0 0 0 0 0 0 0 0 0 0 0 0 1 0 0 0 1 0 0 0 1 1 0 0 0
94
1 2 3 4 5 8 10 11 12 13 14 15 16 17 19 20 21 25 26 34 35 36 39 41 45 48 49 50 54 55 56 57 60 61 62 64 65 68 72 73 74 75 76 77 78 79 83 84 85 86 87 88 91 92 95 96 97 98 99 104 105 106 107 108 109 112 114 115 116 119 120 123 125 129 130 131 133 135 138 150 151 153 155 158 165 166 167 168 169 170 171 172 173 174
1 1 1 1 1 0 1 1 1 1 0 0 1 1 1 1 1 1 0 1 0 0 1 1 1 1 1 1 0 1 0 1 1 0 1 1 0 0 0 0 0 1 1 1 0 1 1 1 1 1 1 1 0 1 0 0 0 0 0 0 0 1 1 1 1 1 0 1 0 0 0 0 1 1 0 1 1 1 1 1 1 0 1 1 1 1 1 1 1 1 1 1 1 1
96
1 2 3 4 5 8 10 11 12 13 14 15 16 17 19 20 21 25 26 34 35 36 39 41 45 48 49 50 52 53 54 55 56 57 60 61 62 64 65 68 72 73 74 75 76 77 78 79 83 84 85 86 87 88 91 92 95 96 97 98 99 104 105 106 107 108 109 112 114 115 116 119 120 123 125 129 130 131 133 135 138 150 151 153 155 158 165 166 167 168 169 170 171 172 173 174
0 1 1 1 0 1 1 1 1 1 1 0 1 0 1 1 0 1 0 0 1 1 0 0 1 1 1 1 0 0 1 1 1 1 0 0 0 1 0 1 0 0 0 0 0 0 0 1 0 1 0 0 0 0 0 0 1 1 1 1 1 0 0 0 0 1 0 1 0 0 0 0 0 1 0 0 0 1 1 0 1 1 0 0 1 1 1 0 1 0 1 0 1 0 0 0
96
1 2 3 4 5 8 10 11 12 13 14 15 16 17 19 20 21 25 26 34 35 36 39 41 45 48 49 50 52 53 54 55 56 57 60 61 62 64 65 68 72 73 74 75 76 77 78 79 83 84 85 86 87 88 91 92 95 96 97 98 99 104 105 106 107 108 109 112 114 115 116 119 120 123 125 129 130 131 133 135 138 150 151 153 155 158 165 166 167 168 169 170 171 172 173 174
0 1 1 0 1 0 0 1 0 0 0 0 0 0 0 0 0 0 0 0 1 0 1 1 0 0 0 1 0 0 0 0 0 0 0 0 0 0 1 0 0 0 0 0 0 0 0 1 0 1 0 0 1 0 0 0 0 0 0 0 0 0 0 0 0 0 0 0 0 0 0 0 0 1 0 0 0 0 0 1 1 0 0 1 0 0 0 0 0 1 0 1 0 0 1 1
28
4 5 8 10 11 13 14 16 17 20 34 35 56 57 61 74 75 87 106 107 109 112 115 129 155 165 167 171
0 0 1 0 1 0 1 0 0 0 0 0 0 0 0 0 0 0 0 0 0 0 0 0 0 0 0 0
92
1 2 3 4 5 11 12 13 14 15 16 17 19 20 21 25 26 34 35 36 39 41 45 48 49 52 53 54 55 56 57 60 61 62 64 65 68 72 73 74 75 76 77 78 79 83 84 85 86 87 88 91 92 95 96 97 98 99 104 105 106 107 108 109 112 114 115 116 119 120 123 125 129 130 131 133 135 138 150 151 155 158 165 166 167 168 169 170 171 172 173 174
0 1 0 1 0 0 1 1 0 1 0 0 1 0 0 0 0 1 0 0 0 0 0 0 0 0 0 1 1 1 1 0 1 1 1 1 0 0 0 0 0 0 0 1 0 0 0 0 0 0 0 0 0 1 1 1 1 1 0 0 0 1 0 0 1 0 1 0 0 0 1 0 0 0 1 0 0 0 0 0 1 0 1 0 1 1 0 0 1 0 0 1
96
1 2 3 4 5 8 10 11 12 13 14 15 16 17 19 20 21 25 26 34 35 36 39 41 45 48 49 50 52 53 54 55 56 57 60 61 62 64 65 68 72 73 74 75 76 77 78 79 83 84 85 86 87 88 91 92 95 96 97 98 99 104 105 106 107 108 109 112 114 115 116 119 120 123 125 129 130 131 133 135 138 150 151 153 155 158 165 166 167 168 169 170 171 172 173 174
1 1 1 1 1 1 1 1 1 1 1 0 1 1 1 0 1 1 1 1 1 1 1 1 0 1 1 1 1 1 1 1 1 1 1 1 1 1 0 1 0 0 1 0 0 1 1 1 1 1 1 1 1 0 1 1 1 0 1 1 0 0 1 1 1 1 0 1 0 1 1 0 0 1 1 1 1 1 1 1 1 1 1 0 1 1 1 1 1 1 1 1 1 1 1 1
59
39 41 45 50 52 53 54 55 73 74 75 76 77 78 79 83 84 85 86 87 88 91 92 95 96 97 98 99 104 105 106 107 108 109 112 114 115 116 119 120 123 125 129 130 131 133 135 138 150 151 153 155 158 165 166 167 168 169 170
1 1 1 1 0 1 1 1 1 1 1 1 1 1 1 1 1 1 0 1 0 1 1 1 1 1 1 1 1 1 1 1 1 1 1 1 1 1 1 1 1 1 1 1 1 1 1 1 1 1 1 1 1 1 1 1 1 1 1
49
55 83 84 85 86 87 88 91 92 95 96 97 98 99 104 105 106 107 108 109 112 114 115 116 119 120 123 125 129 130 131 133 135 138 150 151 153 155 158 165 166 167 168 169 170 171 172 173 174
1 1 0 0 0 1 0 1 0 0 1 1 1 1 1 0 0 0 0 0 1 0 0 0 0 0 1 1 1 1 1 1 0 1 1 1 0 0 1 1 1 1 1 1 1 1 0 0 0
23
1 2 3 4 5 8 10 11 12 13 14 15 16 17 19 20 21 25 26 92 95 104 105
1 1 1 1 0 1 1 1 1 1 1 1 1 1 1 1 1 1 1 1 1 0 1
5
1 2 3 4 5
1 0 1 1 0
46
39 41 45 48 49 50 52 53 54 55 56 57 60 61 62 64 65 68 73 74 75 76 77 78 79 83 84 85 86 87 88 92 95 96 97 98 99 104 105 107 109 112 114 115 119 129
1 0 1 1 0 0 0 1 1 1 1 0 1 1 1 1 1 1 0 1 0 0 1 0 1 0 0 0 0 1 1 1 0 0 0 1 0 0 0 0 0 0 1 1 0 0
6
4 5 35 36 39 41
1 1 0 0 1 1
96
1 2 3 4 5 8 10 11 12 13 14 15 16 17 19 20 21 25 26 34 35 36 39 41 45 48 49 50 52 53 54 55 56 57 60 61 62 64 65 68 72 73 74 75 76 77 78 79 83 84 85 86 87 88 91 92 95 96 97 98 99 104 105 106 107 108 109 112 114 115 116 119 120 123 125 129 130 131 133 135 138 150 151 153 155 158 165 166 167 168 169 170 171 172 173 174
1 1 1 1 1 1 0 0 0 0 0 0 0 0 1 1 0 0 0 0 0 1 0 0 0 0 1 1 0 0 0 0 1 0 0 0 0 0 0 1 0 0 0 0 0 0 0 1 0 0 0 0 1 0 0 0 0 0 0 0 1 0 0 0 0 0 0 0 0 0 0 0 0 0 1 0 0 1 0 1 1 0 0 1 0 0 0 1 0 0 0 1 1 0 0 0
96
1 2 3 4 5 8 10 11 12 13 14 15 16 17 19 20 21 25 26 34 35 36 39 41 45 48 49 50 52 53 54 55 56 57 60 61 62 64 65 68 72 73 74 75 76 77 78 79 83 84 85 86 87 88 91 92 95 96 97 98 99 104 105 106 107 108 109 112 114 115 116 119 120 123 125 129 130 131 133 135 138 150 151 153 155 158 165 166 167 168 169 170 171 172 173 174
1 1 1 1 1 1 1 1 1 1 1 1 1 1 1 1 1 1 1 1 1 1 1 1 1 1 1 1 1 1 1 1 1 1 1 1 1 1 1 1 1 1 1 1 0 1 1 1 1 1 0 1 1 1 1 1 1 1 1 1 1 0 1 1 1 1 1 1 1 1 1 1 1 1 1 1 1 1 0 0 1 0 0 0 0 0 1 1 1 0 1 1 1 1 0 1
48
1 2 3 4 5 8 10 11 12 13 14 15 16 17 19 20 21 25 26 34 35 36 39 41 45 48 49 52 54 55 56 57 60 61 62 64 65 68 72 73 74 75 76 77 97 98 131 133
0 1 1 1 1 1 1 1 1 1 1 1 1 1 1 1 1 1 1 1 1 0 1 1 0 1 0 0 0 0 0 0 0 0 0 1 1 1 0 0 0 0 0 0 0 0 1 1
5
1 2 3 4 5
1 1 1 1 0
10
1 2 3 4 5 8 10 11 12 13
1 1 1 1 1 0 1 1 1 1
22
52 53 109 131 133 135 138 150 151 153 155 158 165 166 167 168 169 170 171 172 173 174
0 1 1 1 1 1 1 1 1 1 1 1 1 1 1 1 1 1 1 1 1 1
10
165 166 167 168 169 170 171 172 173 174
1 1 1 0 1 0 1 1 0 1
14
1 2 3 4 5 8 10 14 15 16 17 19 20 21
1 1 1 1 1 1 1 1 1 0 1 1 1 1
10
165 166 167 168 169 170 171 172 173 174
0 0 0 1 1 1 1 1 1 1
5
1 2 3 4 5
0 0 1 1 1
16
150 151 153 155 158 165 166 167 168 169 170 171 172 173 174 107
0 1 1 1 1 1 1 1 1 1 1 1 1 1 1 1
21
1 2 3 4 5 8 10 11 12 13 14 15 16 19 20 21 73 74 75 76 77
0 1 1 1 1 1 1 1 1 1 0 0 0 1 1 0 0 0 1 1 0
7
1 2 3 4 5 8 10
1 1 1 1 1 0 0
7
1 2 3 4 5 8 10
0 1 1 1 1 1 1
64
56 57 60 61 62 64 65 68 72 73 74 75 76 77 78 79 83 84 85 86 87 88 91 92 95 96 97 98 99 104 105 106 107 108 109 112 114 115 116 119 120 123 125 129 130 131 133 135 138 150 151 153 155 158 165 166 167 168 169 170 171 172 173 174
1 1 0 1 0 1 1 1 0 0 0 0 0 1 1 0 1 0 0 1 0 0 0 1 0 0 1 1 1 0 0 0 0 0 0 1 0 0 0 0 0 0 0 0 0 0 0 1 1 0 0 1 0 0 1 0 0 1 0 1 1 0 1 1
17
1 2 3 4 5 8 10 11 12 13 14 15 16 17 19 20 21
0 1 1 1 1 0 1 1 0 1 1 0 0 1 1 1 0
10
165 166 167 168 169 170 171 172 173 174
0 1 0 0 0 1 1 0 1 1
20
1 2 3 1 4 5 8 10 11 12 13 14 15 16 17 19 20 21 25 26
1 1 1 1 1 1 0 0 1 1 1 1 0 1 0 1 0 0 1 0
18
1 2 3 4 5 8 10 11 12 13 14 15 16 19 20 21 25 26
1 1 1 1 1 1 1 1 0 1 1 0 1 1 0 0 1 0
10
165 166 167 168 169 170 171 172 173 174
1 0 0 0 0 0 1 0 1 0
19
131 133 135 138 150 151 153 155 158 165 166 167 168 169 170 171 172 173 174
1 1 1 1 1 1 1 0 1 0 0 1 0 1 0 1 1 0 0
34
105 106 107 108 109 112 114 115 116 119 120 123 125 129 130 131 133 135 138 150 151 153 155 158 165 166 167 168 169 170 171 172 173 174
0 0 0 0 1 1 0 1 0 0 0 1 1 0 1 0 0 0 0 1 1 0 0 1 0 0 1 0 1 0 0 1 0 0
96
1 2 3 4 5 8 10 11 12 13 14 15 16 17 19 20 21 25 26 34 35 36 39 41 45 48 49 50 52 53 54 55 56 57 60 61 62 64 65 68 72 73 74 75 76 77 78 79 83 84 85 86 87 88 91 92 95 96 97 98 99 104 105 106 107 108 109 112 114 115 116 119 120 123 125 129 130 131 133 135 138 150 151 153 155 158 165 166 167 168 169 170 171 172 173 174
1 1 1 1 1 1 1 1 1 1 1 1 1 1 1 1 1 1 0 1 1 0 1 0 1 1 1 1 1 1 1 1 1 1 1 1 1 1 1 1 1 1 1 0 1 1 1 1 1 1 1 1 1 0 1 1 1 1 1 1 1 1 1 1 1 1 1 1 1 1 1 0 1 1 1 1 1 1 1 1 1 1 1 1 1 1 1 1 1 1 1 1 1 1 1 1
19
131 133 135 138 150 151 153 155 158 165 166 167 168 169 170 171 172 173 174
1 1 0 0 0 1 0 1 1 0 0 0 0 1 0 1 0 0 0
27
112 114 116 119 120 123 125 129 131 133 135 138 150 151 153 155 158 165 166 167 168 169 170 171 172 173 174
0 0 0 0 0 0 0 0 1 1 0 0 0 0 1 0 0 1 1 1 1 0 1 1 0 0 0
19
131 133 135 138 150 151 153 155 158 165 166 167 168 169 170 171 172 173 174
1 0 1 0 0 0 1 0 0 0 0 0 1 0 0 1 0 1 1
10
165 166 167 168 169 170 171 172 173 174
1 1 1 1 1 1 0 0 1 1
28
34 35 36 45 48 49 50 52 53 54 55 56 57 60 61 62 64 65 68 72 83 84 85 86 87 88 91 92
1 0 1 1 1 0 1 1 1 1 1 1 1 1 1 1 1 1 1 0 0 0 0 0 1 0 1 1
24
1 2 3 4 5 8 10 11 12 13 14 15 16 17 19 20 21 25 26 34 35 36 39 41
1 0 1 1 1 1 0 1 0 1 1 0 0 0 1 1 0 1 1 1 1 0 1 1
5
1 2 3 4 5
0 1 1 1 1
9
11 12 13 17 19 20 21 25 26
1 1 1 1 1 0 0 1 1
7
1 2 3 4 5 8 10
1 1 1 1 1 0 1
95
1 2 3 4 5 8 10 11 12 13 14 15 16 17 19 20 21 25 26 34 35 36 39 41 45 48 49 50 52 54 55 56 57 60 61 62 64 65 68 72 73 74 75 76 77 78 79 83 84 85 86 87 88 91 92 95 96 97 98 99 104 105 106 107 108 109 112 114 115 116 119 120 123 125 129 130 131 133 135 138 150 151 153 155 158 165 166 167 168 169 170 171 172 173 174
0 0 1 0 1 1 1 1 1 0 0 1 0 0 0 0 0 1 0 0 1 0 0 1 0 0 0 0 0 0 0 1 0 0 0 1 0 1 1 0 0 0 0 0 0 0 1 0 1 0 0 0 1 0 0 0 0 0 0 0 0 0 0 0 0 0 0 0 0 0 0 0 0 1 0 0 1 1 0 0 0 0 0 0 0 0 0 0 0 0 0 0 0 1 1
94
1 2 3 4 5 11 12 13 14 15 16 17 19 20 21 25 26 34 35 36 39 41 45 48 49 50 52 53 54 55 56 57 60 61 62 64 65 68 72 73 74 75 76 77 78 79 83 84 85 86 87 88 91 92 95 96 97 98 99 104 105 106 107 108 109 112 114 115 116 119 120 123 125 129 130 131 133 135 138 150 151 153 155 158 165 166 167 168 169 170 171 172 173 174
1 1 1 1 1 1 0 1 0 0 0 0 1 1 0 1 1 1 1 0 1 1 1 1 1 1 1 1 1 0 1 1 1 1 1 1 1 1 0 0 1 1 0 0 1 1 1 0 0 1 1 0 1 1 1 1 1 1 0 1 1 1 0 1 1 1 0 1 0 0 0 1 1 1 1 1 0 1 0 1 1 1 1 1 0 0 0 1 1 1 1 0 1 1
15
150 151 153 155 158 165 166 167 168 169 170 171 172 173 174
0 0 0 0 0 0 1 0 0 0 0 1 0 0 0
19
131 133 135 138 150 151 153 155 158 165 166 167 168 169 170 171 172 173 174
0 0 0 0 0 0 1 0 0 0 1 0 1 0 1 1 0 1 1
9
19 20 26 83 84 85 86 88 150
1 1 1 0 0 0 0 0 0
21
25 26 34 35 36 39 41 45 48 49 50 52 53 54 55 56 57 60 61 62 65
1 1 1 1 1 1 1 1 1 1 1 0 1 1 1 1 0 1 1 1 1
26
1 2 3 4 5 8 10 19 20 21 45 48 49 50 73 74 75 76 77 78 79 83 84 85 86 87
0 1 1 1 1 0 1 1 1 0 0 0 0 1 0 0 0 0 0 0 1 1 1 1 0 1
39
1 2 3 4 5 8 10 11 12 13 14 15 16 17 19 20 21 25 26 34 35 36 39 41 45 48 49 50 54 165 166 167 168 169 170 171 172 173 174
0 1 1 0 0 0 0 0 0 0 0 1 0 0 1 0 0 1 0 0 1 0 0 0 0 0 0 0 0 0 1 0 0 0 1 1 0 0 0
40
95 96 97 98 99 104 105 106 107 108 109 112 114 115 116 119 120 123 125 129 130 131 133 135 138 150 151 153 155 158 165 166 167 168 169 170 171 172 173 174
0 0 0 1 0 0 0 0 0 0 0 0 0 0 0 0 0 1 0 0 0 1 0 1 0 1 0 1 0 0 0 1 0 1 0 0 1 0 0 1
17
1 2 3 4 5 8 10 11 12 13 14 15 16 17 19 20 21
1 1 1 1 1 1 0 1 1 1 1 0 1 0 1 1 0
28
112 114 115 116 119 120 125 129 130 131 133 135 138 150 151 153 155 158 165 166 167 168 169 170 171 172 173 174
1 0 0 0 0 0 0 0 1 0 1 1 1 1 0 1 0 0 1 1 1 0 0 1 0 0 1 1
14
11 119 120 131 133 135 138 168 169 170 171 172 173 174
0 0 0 1 1 0 0 1 0 1 0 0 0 1
61
1 2 3 4 5 8 10 11 12 13 14 15 16 17 19 20 21 25 26 34 35 36 39 41 45 48 49 50 52 53 54 55 56 57 60 61 62 64 65 68 72 73 74 75 76 77 78 79 83 84 85 86 87 88 91 92 95 96 97 98 99
1 1 1 1 1 0 1 1 1 1 1 1 1 0 1 1 1 1 1 1 1 1 1 1 1 1 1 1 1 1 1 1 1 1 1 1 1 0 1 1 1 1 1 1 1 1 1 1 1 1 1 1 1 1 1 1 1 1 1 1 1
17
1 2 3 4 5 8 10 11 12 13 14 15 16 17 19 20 21
1 0 1 1 1 1 1 0 0 1 1 1 1 0 0 1 0
5
1 2 3 4 5
1 1 0 1 1
95
1 2 3 4 5 8 10 11 12 13 14 15 16 17 19 20 21 25 26 34 35 36 39 41 45 48 49 50 52 53 54 55 56 57 60 61 62 64 65 68 72 73 74 75 76 77 78 79 83 84 85 86 87 88 91 92 95 96 97 98 99 104 105 106 107 108 109 112 114 115 116 119 120 123 125 129 130 131 133 135 138 150 151 153 155 158 165 166 167 168 169 170 171 172 173
1 1 1 1 1 1 0 1 1 1 1 1 0 1 1 0 0 0 0 0 0 1 0 0 1 0 0 1 0 0 0 0 0 0 0 0 0 0 0 0 0 0 0 1 0 0 1 1 0 1 0 0 0 1 0 0 0 0 0 1 1 0 0 0 0 0 0 0 0 0 0 0 0 0 1 1 0 1 0 1 0 0 0 0 1 0 0 0 0 1 0 0 0 0 1
41
17 19 20 21 25 26 39 41 45 48 49 50 52 53 54 55 56 57 72 91 92 95 96 97 98 99 131 133 135 138 150 151 153 155 158 165 169 170 171 172 174
0 0 0 0 1 0 0 1 0 0 1 0 0 0 0 0 0 0 0 0 0 0 0 0 1 0 1 0 0 0 0 0 1 0 0 0 0 0 0 0 0
37
91 92 95 96 97 98 99 104 105 106 107 108 109 112 114 115 116 119 120 123 125 129 130 131 133 135 138 165 166 167 168 169 170 171 172 173 174
1 1 0 0 0 0 0 0 0 0 0 0 0 0 0 0 0 0 0 0 0 0 0 0 1 1 1 0 0 0 0 1 0 0 0 1 0
30
1 2 3 4 5 8 10 11 12 13 14 15 16 17 19 20 21 25 26 34 35 36 39 41 45 50 52 53 56 57
1 0 1 1 1 1 1 1 0 0 1 0 0 0 1 1 0 1 1 1 1 0 1 1 1 0 0 1 1 1
19
131 133 135 138 150 151 153 155 158 165 166 167 168 169 170 171 172 173 174
1 0 1 1 0 0 1 0 0 0 0 0 1 0 0 1 0 0 1
29
112 114 115 116 119 120 123 125 129 130 131 133 135 138 150 151 153 155 158 165 166 167 168 169 170 171 172 173 174
0 0 0 0 0 0 0 1 0 0 1 0 1 0 0 0 1 1 0 1 0 0 0 0 0 1 0 1 1
17
1 2 3 4 5 8 10 11 12 13 14 15 16 17 19 20 21
0 1 1 1 1 1 0 1 1 1 0 0 0 1 1 1 0
66
1 2 3 4 5 8 10 11 12 13 14 15 16 17 19 20 21 25 26 34 35 36 39 41 45 48 49 50 52 53 54 55 56 57 60 61 62 64 65 68 72 73 74 75 76 77 78 79 83 84 85 86 87 88 91 92 95 96 97 98 99 104 105 106 107 108
1 1 0 1 1 0 1 1 1 1 1 1 0 0 1 1 1 1 1 0 1 1 0 0 0 0 0 1 1 0 1 0 0 0 0 0 0 1 0 1 1 0 1 0 0 0 1 0 0 0 0 0 1 1 1 1 1 0 0 0 0 0 0 0 0 0
5
150 151 153 155 158
0 0 0 0 0
7
1 2 3 4 5 8 10
0 1 1 1 1 0 1
43
52 53 54 55 56 57 60 61 62 64 65 68 72 73 74 75 76 77 78 79 83 84 85 86 87 88 91 92 95 96 97 98 99 104 105 106 107 108 109 112 114 115 116
0 1 1 1 1 1 1 1 1 1 1 1 1 0 0 1 0 0 1 1 1 1 0 1 1 1 1 1 1 1 1 1 1 1 1 0 0 1 1 0 1 1 1
19
131 133 135 138 150 151 153 155 158 165 166 167 168 169 170 171 172 173 174
1 1 1 0 0 0 0 0 0 0 1 0 0 0 1 0 0 0 0
10
1 2 3 4 5 8 10 11 12 13
1 0 1 1 1 0 1 1 1 1
21
60 112 114 115 116 119 120 123 125 129 130 165 166 167 168 169 170 171 172 173 174
0 0 0 0 0 0 0 0 1 0 0 0 0 0 1 0 0 0 0 0 1
9
11 12 13 14 15 16 17 25 26
1 0 1 1 0 1 0 1 1
7
1 2 3 4 5 8 10
0 0 1 1 1 1 1
10
1 2 3 4 5 8 11 12 13 17
1 1 1 1 1 0 1 1 1 0
44
1 2 3 4 5 8 10 11 12 13 14 15 16 17 19 20 21 25 26 34 35 36 39 41 45 48 49 50 52 53 54 55 73 74 75 76 77 78 79 86 87 88 95 96
1 1 1 1 1 0 0 1 1 1 1 1 1 1 1 1 0 1 0 1 1 1 1 1 1 0 0 1 0 0 1 1 0 0 0 0 0 0 1 0 1 0 1 1
5
1 2 3 4 5
0 1 1 1 1
20
97 98 105 106 107 112 114 115 116 119 120 123 125 129 130 150 151 153 155 158
0 1 0 1 0 1 1 1 1 0 0 1 1 0 1 1 1 1 1 1
15
25 54 55 60 61 62 64 65 68 72 73 74 75 86 87
1 1 1 1 1 1 1 1 1 0 0 1 1 1 1
32
34 35 36 39 41 45 48 49 50 52 53 54 55 56 57 60 61 62 64 65 68 72 73 74 75 76 77 78 79 83 84 85
1 1 1 1 1 1 1 1 0 1 1 1 0 1 1 1 1 1 0 0 1 1 0 1 1 0 0 0 1 1 0 0
96
1 2 3 4 5 8 10 11 12 13 14 15 16 17 19 20 21 25 26 34 35 36 39 41 45 48 49 50 52 53 54 55 56 57 60 61 62 64 65 68 72 73 74 75 76 77 78 79 83 84 85 86 87 88 91 92 95 96 97 98 99 104 105 106 107 108 109 112 114 115 116 119 120 123 125 129 130 131 133 135 138 150 151 153 155 158 165 166 167 168 169 170 171 172 173 174
1 1 1 1 1 1 1 1 0 1 1 1 1 1 1 1 0 1 1 1 1 1 1 1 1 1 1 1 1 1 1 1 1 1 1 1 0 1 1 1 0 1 1 1 1 1 1 1 1 1 1 1 0 1 1 1 1 1 1 1 1 1 1 1 0 1 1 1 1 1 1 1 1 1 1 1 1 1 0 1 1 1 1 1 1 1 1 1 1 1 0 1 1 1 1 1
5
1 2 3 4 5
0 1 1 1 1
30
25 26 34 35 36 39 41 45 48 49 50 52 53 54 55 56 57 60 61 62 64 65 72 73 74 75 76 77 78 79
1 1 1 0 0 1 0 0 0 0 0 0 1 1 0 0 0 0 1 1 1 0 0 0 0 0 0 1 0 0
23
1 2 3 4 5 8 10 14 15 16 19 20 21 34 35 36 39 41 45 48 49 52 53
1 1 1 1 1 1 0 1 0 0 1 1 0 1 1 1 1 1 1 1 1 0 0
83
1 2 3 4 5 8 10 11 12 13 14 15 16 17 25 26 34 35 36 39 41 45 48 49 50 52 53 54 55 56 57 60 61 62 64 65 68 72 73 74 75 76 77 78 79 83 84 85 86 87 88 91 92 95 96 97 98 99 104 105 106 107 108 109 112 114 115 116 119 120 123 125 129 130 131 133 135 138 150 151 153 155 158
1 1 1 1 1 1 1 1 0 0 1 0 1 1 1 0 1 0 0 1 0 1 1 1 1 0 0 1 1 1 1 1 1 1 0 0 1 1 0 0 1 1 0 1 1 1 0 0 0 0 0 1 1 1 1 0 1 0 0 1 1 0 1 0 1 0 1 1 0 1 1 0 0 1 1 0 1 1 0 1 1 1 1
17
1 2 3 4 5 8 10 11 12 13 14 15 16 17 19 20 21
1 1 1 1 1 1 0 1 0 1 1 0 1 0 1 1 0
48
83 84 85 86 87 88 91 92 95 96 97 98 99 104 105 106 107 108 109 112 114 115 116 119 120 123 125 129 130 131 133 135 138 150 151 153 155 158 165 166 167 168 169 170 171 172 173 174
0 0 0 0 0 0 0 0 0 0 0 0 0 0 0 0 0 0 0 0 0 0 0 0 0 1 1 0 1 1 0 1 0 0 1 0 0 1 0 0 1 0 1 0 0 0 0 0
14
1 2 3 4 5 8 10 11 12 13 14 15 16 17
1 1 1 0 0 1 1 1 1 1 1 0 0 0
17
1 2 3 4 5 8 10 11 12 13 14 15 16 17 19 20 21
0 1 1 1 1 1 1 1 1 1 1 0 0 0 1 1 0
9
1 2 3 4 5 19 20 21 34
1 1 1 1 1 1 1 0 0
19
1 2 3 4 5 8 10 11 12 13 14 15 16 17 19 20 21 25 26
1 1 1 1 1 1 0 1 1 1 0 0 1 0 1 1 1 1 0
77
25 26 34 35 36 39 41 45 50 52 53 54 55 56 57 60 61 62 64 65 68 72 73 74 75 76 77 78 79 83 84 85 86 87 88 91 92 95 96 97 98 99 104 105 106 107 108 109 112 114 115 116 119 120 123 125 129 130 131 133 135 138 150 151 153 155 158 165 166 167 168 169 170 171 172 173 174
1 1 0 0 0 1 0 0 0 0 0 0 0 0 0 1 0 0 0 1 0 1 0 0 0 0 0 0 0 0 1 0 0 0 0 0 0 0 0 0 0 0 0 0 0 0 0 0 0 0 0 0 1 0 0 1 0 1 1 1 0 0 0 0 0 0 1 0 0 1 0 0 0 1 0 0 0
28
1 2 3 4 5 8 10 11 12 13 14 15 16 17 19 20 21 25 26 34 35 36 39 41 45 48 49 50
1 1 1 1 1 0 0 1 1 1 1 0 1 1 1 1 1 1 1 1 0 0 1 1 1 1 0 1
12
34 48 49 50 64 65 68 73 74 75 76 77
1 0 1 1 1 0 1 0 0 0 1 0
22
1 2 3 4 5 8 10 11 12 13 14 15 16 17 19 20 21 25 26 83 84 85
1 1 1 1 1 0 1 1 1 1 1 0 0 0 1 1 0 1 0 1 0 0
12
1 2 3 8 10 14 15 16 17 19 20 21
1 1 1 1 0 1 0 0 0 1 0 0
58
1 2 3 4 5 8 10 11 12 13 14 15 16 17 19 20 21 25 26 34 35 36 39 41 45 48 49 50 52 53 56 57 60 61 62 64 65 68 72 73 74 75 76 77 78 79 83 84 85 86 87 88 91 92 95 96 97 98
1 1 1 1 1 0 0 1 1 0 1 0 1 1 1 1 0 1 1 1 1 0 1 1 1 1 1 1 0 1 1 0 1 1 1 1 0 1 1 0 1 1 0 1 0 1 1 1 0 0 1 0 1 1 0 1 1 1
14
1 2 3 4 5 8 10 14 15 16 17 19 20 21
0 1 1 1 0 0 0 0 0 1 0 0 0 0
17
1 2 3 4 5 8 10 11 12 13 14 15 16 17 19 20 21
1 1 1 1 1 1 1 1 0 1 1 0 1 1 1 1 0
11
25 26 34 35 36 39 41 45 48 49 50
1 1 1 0 1 1 1 0 0 1 1
5
1 2 3 4 5
1 1 0 0 0
20
1 2 3 4 5 8 10 34 35 36 39 41 45 48 49 50 131 133 150 151
1 1 1 1 1 0 0 1 1 1 1 1 1 1 1 1 0 1 1 1
11
1 4 8 11 14 17 19 25 35 39 45
1 0 1 1 1 0 1 1 1 0 0
19
1 2 3 4 5 8 10 11 12 13 14 15 16 17 19 20 21 25 26
1 1 1 1 1 1 0 1 1 1 0 0 0 0 1 1 0 1 1
12
26 52 53 56 57 60 61 62 64 65 68 72
1 0 0 0 1 1 0 0 1 0 1 0
41
1 2 3 4 5 8 10 11 12 13 14 15 16 17 19 20 21 25 26 34 35 36 39 41 45 48 49 50 52 53 54 55 56 57 60 61 62 64 65 68 72
1 1 1 1 1 1 1 1 1 1 1 1 1 1 1 1 1 1 1 1 1 1 1 1 1 1 1 1 1 1 1 1 1 1 1 1 1 1 1 0 0
14
25 26 34 35 36 45 48 49 50 52 53 54 56 57
1 0 0 0 0 0 0 1 1 0 0 0 0 0
25
1 2 3 4 5 8 10 11 12 13 14 15 16 17 19 20 21 25 26 34 35 36 39 41 45
1 1 1 1 1 0 1 1 1 1 1 0 0 0 1 1 0 1 0 1 1 0 0 0 1
21
1 2 3 1 2 3 4 5 8 10 11 12 13 14 15 16 19 20 21 25 26
1 0 1 1 1 1 1 0 1 0 0 1 1 0 0 1 1 1 0 1 0
5
1 2 3 4 5
1 1 1 1 0
5
1 2 3 4 5
0 1 1 1 1
96
1 2 3 4 5 8 10 11 12 13 14 15 16 17 19 20 21 25 26 34 35 36 39 41 45 48 49 50 52 53 54 55 56 57 60 61 62 64 65 68 72 73 74 75 76 77 78 79 83 84 85 86 87 88 91 92 95 96 97 98 99 104 105 106 107 108 109 112 114 115 116 119 120 123 125 129 130 131 133 135 138 150 151 153 155 158 165 166 167 168 169 170 171 172 173 174
1 1 1 1 1 1 1 1 1 1 1 1 1 1 1 1 1 1 1 1 1 1 1 1 1 1 1 1 1 1 1 1 1 1 1 1 1 1 1 1 1 1 1 1 1 1 1 1 1 1 0 1 1 1 1 1 1 1 1 1 1 1 1 1 1 1 1 1 1 1 1 1 1 1 1 1 1 1 1 1 1 1 1 1 1 1 1 1 1 1 1 1 1 1 1 1
65
1 2 3 4 5 8 10 11 12 13 14 15 16 17 19 20 21 25 26 34 35 36 39 41 45 48 49 50 52 53 54 55 56 57 61 62 73 74 76 77 78 83 86 87 88 92 95 96 97 99 104 105 107 109 112 114 115 119 129 131 138 150 165 168 171
1 1 1 0 1 0 1 1 0 1 0 1 0 0 1 0 0 1 0 1 0 0 1 0 0 0 1 0 0 0 0 0 1 1 0 0 0 0 1 0 0 0 0 1 0 0 0 0 0 0 0 1 0 0 1 0 0 0 0 0 0 1 1 0 1
35
104 105 106 107 108 109 112 114 115 116 119 120 123 125 129 130 131 133 135 138 150 151 153 155 158 165 166 167 168 169 170 171 172 173 174
0 0 0 0 0 0 1 0 0 0 0 0 0 0 1 1 1 1 0 1 1 0 0 1 0 1 0 1 1 1 1 1 0 0 0
46
39 41 72 86 87 88 91 92 95 96 98 99 104 106 107 108 109 112 114 115 116 119 120 123 125 129 130 131 133 135 138 150 151 153 155 158 165 166 167 168 169 170 171 172 173 174
0 1 0 0 0 0 0 1 0 0 1 1 0 0 0 0 1 0 0 1 0 0 1 1 1 0 1 1 0 0 1 0 0 0 0 1 0 0 1 0 1 0 0 0 1 1
8
1 2 3 8 10 11 12 13
0 1 1 0 0 0 0 0
96
1 2 3 4 5 8 10 11 12 13 14 15 16 17 19 20 21 25 26 34 35 36 39 41 45 48 49 50 52 53 54 55 56 57 60 61 62 64 65 68 72 73 74 75 76 77 78 79 83 84 85 86 87 88 91 92 95 96 97 98 99 104 105 106 107 108 109 112 114 115 116 119 120 123 125 129 130 131 133 135 138 150 151 153 155 158 165 166 167 168 169 170 171 172 173 174
1 1 1 1 1 0 0 1 0 1 1 0 1 1 1 1 0 1 0 1 0 0 1 1 1 1 0 1 0 1 1 0 0 1 1 1 0 0 1 1 0 0 0 1 1 1 1 1 1 1 0 0 1 0 1 1 1 1 1 1 0 1 1 1 0 1 0 0 0 1 0 1 0 0 0 1 1 0 1 1 0 1 1 1 0 1 1 1 1 1 0 1 1 1 1 0
28
1 2 3 4 5 8 10 11 12 13 14 15 16 17 19 20 21 25 26 48 49 56 57 60 61 62 150 151
1 1 1 1 1 0 0 1 0 1 1 0 1 0 1 1 0 1 0 1 1 0 1 0 1 0 0 1
14
1 2 3 19 20 25 34 35 36 39 45 83 84 86
0 1 1 1 0 1 0 1 1 1 0 1 0 0
20
1 2 3 4 5 8 10 11 12 13 14 15 16 17 19 20 21 25 26 34
1 1 1 1 1 1 1 1 1 1 1 1 1 1 1 1 0 1 1 1
5
1 2 3 4 5
1 1 1 1 0
5
1 2 3 4 5
1 1 1 0 0
5
1 2 3 4 5
0 1 1 1 1
96
1 2 3 4 5 8 10 11 12 13 14 15 16 17 19 20 21 25 26 34 35 36 39 41 45 48 49 50 52 53 54 55 56 57 60 61 62 64 65 68 72 73 74 75 76 77 78 79 83 84 85 86 87 88 91 92 95 96 97 98 99 104 105 106 107 108 109 112 114 115 116 119 120 123 125 129 130 131 133 135 138 150 151 153 155 158 165 166 167 168 169 170 171 172 173 174
0 1 1 1 0 1 0 1 1 1 0 0 1 1 1 1 1 1 0 0 0 1 1 0 1 0 0 1 0 1 1 1 0 1 1 1 1 1 0 0 0 0 0 1 0 0 1 0 0 0 0 0 0 0 0 0 1 0 0 1 0 0 1 0 0 0 0 0 0 1 0 0 0 1 0 0 0 0 0 0 1 1 1 0 1 1 1 0 1 1 1 0 1 1 0 1
144
8 10 11 12 13 14 15 16 17 19 20 21 25 26 34 35 36 39 41 45 48 49 50 52 53 54 55 56 57 60 61 62 64 65 68 73 74 75 76 77 78 79 83 84 85 86 87 88 91 92 95 96 97 98 99 104 105 106 107 108 109 112 114 115 116 119 120 123 125 129 130 131 133 135 138 150 151 153 155 158 165 166 167 168 169 170 171 172 173 174 8 10 11 12 13 17 25 26 34 35 36 39 41 45 48 49 50 54 55 56 57 60 61 62 64 65 68 73 74 75 78 79 83 84 85 86 87 88 91 92 95 96 97 98 104 105 106 107 108 109 112 114 115 116
0 0 1 1 1 1 0 1 0 1 1 0 1 0 1 1 0 0 1 1 0 0 0 1 0 1 1 1 0 1 0 1 1 0 1 0 1 0 0 0 1 1 1 1 0 0 1 1 1 1 1 1 1 1 0 0 1 1 0 0 0 1 0 1 0 0 0 1 0 0 1 1 0 0 0 1 0 1 1 1 1 1 1 0 0 1 1 1 1 0 0 1 1 1 1 1 1 1 1 1 0 1 0 1 1 0 1 1 1 1 1 1 1 1 1 0 1 0 1 1 1 1 1 0 0 0 1 1 1 1 1 0 1 1 1 1 1 0 1 0 1 0 1 1
56
1 2 3 4 5 8 10 11 12 13 14 15 16 17 19 20 21 25 26 34 35 36 39 41 45 48 49 50 52 53 54 55 56 57 60 61 62 64 65 68 72 73 74 75 76 77 78 79 83 84 85 86 87 88 91 92
0 1 1 1 1 0 1 1 0 1 1 1 1 0 1 1 0 1 1 1 1 1 1 1 1 1 1 0 0 1 1 1 1 1 1 1 1 1 1 1 0 0 1 1 0 0 0 1 0 1 0 1 1 0 1 1
17
1 2 3 4 5 8 10 11 12 13 14 15 16 17 25 26 34
1 0 1 1 1 0 1 1 0 1 1 1 1 0 1 0 1
17
1 2 3 4 5 8 10 11 12 13 14 15 16 17 19 20 21
0 0 1 0 1 0 0 1 1 1 0 0 0 0 0 1 0
7
1 2 3 4 5 8 10
1 1 1 1 1 0 0
7
1 2 3 4 5 8 10
1 0 1 1 1 0 1
21
1 2 3 19 20 21 25 26 34 35 36 39 41 45 48 49 50 52 53 54 55
1 1 1 1 0 0 0 1 0 1 0 0 0 1 0 0 1 0 0 1 0
96
1 2 3 4 5 8 10 11 12 13 14 15 16 17 19 20 21 25 26 34 35 36 39 41 45 48 49 50 52 53 54 55 56 57 60 61 62 64 65 68 72 73 74 75 76 77 78 79 83 84 85 86 87 88 91 92 95 96 97 98 99 104 105 106 107 108 109 112 114 115 116 119 120 123 125 129 130 131 133 135 138 150 151 153 155 158 165 166 167 168 169 170 171 172 173 174
1 1 1 1 1 1 1 1 1 1 1 1 1 1 1 1 1 1 1 1 1 1 1 1 1 1 0 1 1 1 1 1 1 1 0 0 1 1 1 1 0 1 1 1 1 1 1 1 1 0 1 1 1 1 1 1 1 1 1 1 1 1 0 0 1 1 1 1 1 1 1 1 1 1 1 1 1 1 1 1 1 1 1 0 1 1 1 1 1 1 1 1 0 0 1 1
64
52 53 60 61 62 64 65 68 72 73 74 75 76 77 78 79 83 84 85 86 87 88 91 92 95 96 97 98 99 104 105 106 107 108 109 112 114 115 116 119 120 123 125 129 130 131 133 135 138 150 151 153 155 158 165 166 167 168 169 170 171 172 173 174
0 0 0 0 0 0 1 1 0 0 1 0 0 0 0 1 0 0 0 0 1 0 0 1 0 0 0 0 0 0 0 0 0 0 0 0 0 0 0 0 0 0 1 0 0 0 0 1 0 0 0 0 0 0 1 0 0 1 0 0 0 0 0 1
21
1 2 3 4 5 8 10 11 12 13 14 15 16 17 25 26 34 35 36 39 41
1 1 1 1 1 1 1 1 1 1 1 0 1 0 1 1 1 1 1 1 0
13
1 2 3 4 5 8 10 11 12 13 14 15 16
1 1 1 1 1 0 0 1 0 1 1 0 1
15
56 57 60 61 62 64 65 68 72 73 74 75 76 77 78
1 0 0 0 1 1 1 1 0 0 0 0 0 0 1
7
1 2 3 4 5 8 10
1 1 1 1 1 1 0
36
99 104 105 106 107 108 109 112 114 115 116 119 120 123 125 129 130 131 133 135 138 150 151 153 155 158 165 166 167 168 169 170 171 172 173 174
1 0 0 0 0 0 0 0 0 0 0 0 0 1 0 0 0 1 0 0 0 0 0 0 0 0 0 0 0 0 0 0 1 0 0 1
75
1 2 3 4 5 8 10 11 12 13 14 15 16 17 19 20 21 25 26 34 35 36 39 41 45 48 49 50 52 53 54 55 56 57 60 61 62 64 65 68 72 73 74 75 76 77 78 79 83 84 85 86 87 88 91 92 95 96 97 98 99 104 105 107 108 109 112 115 116 119 120 123 125 129 130
0 1 1 0 1 0 0 1 0 0 0 1 0 1 0 0 0 1 0 1 0 0 0 1 0 0 0 0 0 0 0 0 0 1 1 0 0 1 1 0 0 0 0 0 0 0 0 0 0 1 0 0 1 0 0 0 1 0 0 0 1 0 0 0 1 0 0 0 0 1 0 0 1 0 0
17
1 2 3 4 5 8 10 11 12 13 14 15 16 17 19 20 21
1 0 1 1 1 1 1 1 1 1 1 0 1 0 1 1 0
35
1 2 3 4 5 11 12 13 14 15 16 25 26 34 35 36 39 41 45 48 49 50 52 53 54 55 56 57 60 61 62 64 65 68 72
0 1 1 1 1 1 0 1 1 0 1 0 1 0 0 1 1 1 0 0 0 0 0 0 0 0 0 0 0 1 0 1 0 0 0
96
1 2 3 4 5 8 10 11 12 13 14 15 16 17 19 20 21 25 26 34 35 36 39 41 45 48 49 50 52 53 54 55 56 57 60 61 62 64 65 68 72 73 74 75 76 77 78 79 83 84 85 86 87 88 91 92 95 96 97 98 99 104 105 106 107 108 109 112 114 115 116 119 120 123 125 129 130 131 133 135 138 150 151 153 155 158 165 166 167 168 169 170 171 172 173 174
1 1 1 0 1 0 0 1 1 1 1 0 1 0 1 0 0 1 1 0 1 0 1 0 0 0 0 1 0 0 0 1 0 0 0 0 0 1 0 1 1 0 1 0 0 0 0 0 1 0 0 0 0 0 0 0 1 0 0 0 0 0 0 0 0 0 0 0 0 0 0 0 0 0 1 1 0 0 1 1 1 0 0 0 0 0 1 0 1 0 0 0 0 0 1 1
32
1 2 3 4 5 8 10 11 12 13 14 15 16 17 19 20 21 25 26 34 35 36 39 41 45 48 49 50 54 55 56 57
1 1 1 1 1 1 0 1 1 1 1 1 1 1 1 1 0 1 0 1 1 1 1 0 1 1 0 1 1 0 1 0
10
1 2 3 4 5 8 10 11 12 13
1 1 1 1 1 1 1 1 0 1
19
1 2 3 4 5 8 10 11 12 13 14 15 16 17 19 20 21 25 26
1 1 1 1 1 0 0 1 0 1 1 0 0 1 1 1 0 1 1
94
1 2 3 4 5 8 10 11 12 13 14 15 16 17 19 20 21 25 26 34 35 36 39 41 45 48 49 50 52 53 54 55 56 57 60 61 62 64 65 68 72 73 74 75 76 77 78 79 83 84 85 86 87 88 91 92 95 96 97 98 99 104 105 106 107 108 109 112 114 115 116 119 120 125 129 130 131 133 135 138 150 151 153 155 158 165 166 167 168 169 170 171 172 173
0 1 1 0 0 0 1 1 0 0 1 0 0 0 1 1 0 0 0 0 0 0 0 1 0 1 0 1 0 0 0 1 0 0 1 0 1 0 0 0 0 0 0 0 0 0 1 0 0 0 0 0 0 0 0 0 0 0 0 0 1 0 0 0 0 0 0 0 0 0 0 0 0 1 0 0 0 0 1 1 0 0 1 0 0 0 0 0 0 0 0 0 0 1
5
1 2 3 4 5
0 1 1 1 1
7
34 52 53 54 55 68 155
0 0 0 0 0 1 0
7
73 74 75 76 77 78 79
0 0 0 0 1 0 1
12
52 53 54 55 150 151 153 155 158 165 166 167
0 0 0 0 0 0 1 0 0 0 0 1
10
11 12 13 14 15 16 17 19 20 21
0 0 0 0 1 0 0 0 0 0
72
14 15 16 17 19 20 21 34 35 36 39 41 45 48 49 50 52 53 54 55 56 57 60 61 62 64 65 68 72 73 74 75 76 77 78 79 83 84 85 86 87 88 92 95 96 97 98 99 104 105 106 107 108 109 112 114 115 116 119 120 123 125 129 130 131 133 138 150 151 153 155 158
1 1 0 0 0 0 0 0 1 0 0 0 0 1 0 1 0 0 0 0 0 1 0 1 1 1 0 0 1 0 0 0 0 0 1 0 0 1 0 0 0 0 0 0 0 0 1 0 0 0 0 0 0 0 0 0 0 0 0 0 0 0 0 0 0 1 1 0 0 0 0 0
73
1 45 48 49 50 52 53 54 55 56 57 60 61 62 64 65 68 72 73 74 75 76 77 78 79 83 84 85 86 87 88 91 92 95 96 97 98 99 104 105 106 107 108 109 112 114 115 116 119 120 123 125 129 130 131 133 135 138 150 151 153 155 158 165 166 167 168 169 170 171 172 173 174
0 0 0 0 1 0 0 1 1 0 0 1 0 1 0 0 1 0 0 0 0 0 0 0 0 0 1 0 0 0 1 0 1 0 0 0 1 0 0 0 1 0 0 0 0 0 0 0 0 0 0 1 0 1 0 1 1 1 1 1 1 0 1 1 1 1 0 1 1 1 1 0 1
10
165 166 167 168 169 170 171 172 173 174
1 0 1 1 0 0 1 1 1 0
6
1 1 2 3 4 5
1 1 1 1 1 0
60
53 56 57 68 72 73 74 75 76 77 78 79 83 84 85 86 87 88 91 92 95 96 97 98 99 104 105 106 107 108 109 112 114 115 116 119 120 123 125 129 130 131 133 135 138 150 151 153 155 158 165 166 167 168 169 170 171 172 173 174
0 1 0 0 0 0 0 0 0 0 0 0 0 0 0 0 1 1 1 1 0 0 0 1 0 0 0 0 0 0 0 0 0 0 0 1 0 0 0 0 0 0 0 1 0 0 0 1 0 0 0 0 0 0 1 0 0 0 0 1
79
25 26 34 35 36 39 41 45 48 49 50 52 53 54 55 56 57 60 61 62 64 65 68 72 73 74 75 76 77 78 79 83 84 85 86 87 88 91 92 95 96 97 98 99 104 105 106 107 108 109 112 114 115 116 119 120 123 125 129 130 131 133 135 138 150 151 153 155 158 165 166 167 168 169 170 171 172 173 174
0 0 0 1 0 0 1 0 0 0 0 0 0 0 0 1 0 0 0 1 0 0 0 0 0 0 0 0 0 0 1 0 0 0 0 0 1 0 0 0 0 0 0 0 0 0 0 0 0 0 0 0 0 0 0 0 0 0 0 0 1 1 0 0 0 0 1 0 0 0 1 0 0 0 1 1 0 0 0
8
1 2 3 4 5 8 10 11
1 1 1 0 0 0 0 0
6
73 78 79 83 86 88
0 0 1 0 0 0
69
1 52 53 54 55 56 57 60 61 62 64 65 68 72 73 74 75 76 77 78 79 83 84 85 86 87 88 91 92 95 96 97 98 99 104 105 106 107 108 109 112 114 115 116 119 120 123 125 129 130 131 133 135 138 150 151 153 155 158 165 166 167 168 169 170 171 172 173 174
0 0 0 0 0 1 0 0 0 0 0 0 0 0 0 0 0 0 0 0 0 0 0 0 0 1 0 0 0 0 0 0 0 0 0 0 0 0 0 0 0 0 0 0 0 0 0 1 0 0 1 0 0 0 0 0 1 0 0 0 0 0 0 0 1 1 0 0 0
19
1 2 3 4 5 8 10 11 12 13 14 15 16 17 19 20 21 25 26
1 1 1 1 1 0 1 1 0 1 1 0 0 0 1 1 0 0 1
25
1 2 3 4 5 8 10 11 12 13 14 15 16 17 19 20 21 25 26 34 35 36 39 41 45
1 1 1 1 1 0 1 1 1 1 1 1 0 0 1 1 1 1 1 0 1 1 1 1 0
17
1 2 3 4 5 8 10 11 12 13 14 15 16 17 19 20 21
1 1 1 1 1 1 0 1 0 1 1 1 1 0 1 1 0
13
1 2 3 4 5 8 10 11 12 13 14 15 16
1 1 1 1 1 1 0 1 1 1 1 1 1
38
1 2 3 4 5 8 10 11 12 13 14 15 16 17 19 20 21 25 26 34 35 36 39 41 45 48 49 50 52 53 54 55 56 57 61 62 64 65
1 1 1 1 1 1 1 1 1 1 1 1 1 0 1 1 0 1 1 1 1 1 1 1 1 1 1 1 0 1 1 1 1 0 1 0 1 1
8
1 4 8 14 17 19 20 21
0 1 0 1 0 1 1 0
61
1 2 3 4 5 8 10 11 12 13 14 15 16 17 19 20 21 25 26 34 35 36 39 41 45 48 49 50 52 53 54 55 56 57 60 61 62 64 65 68 72 73 74 75 76 77 78 79 83 84 85 86 87 88 91 92 95 96 97 98 99
1 1 1 1 1 0 1 1 1 1 1 1 1 1 1 1 1 1 1 1 1 1 1 1 1 1 1 1 1 1 1 1 1 1 1 1 1 1 1 1 1 1 1 1 1 1 1 1 1 1 1 1 1 1 1 1 1 1 1 1 1
44
1 2 3 4 5 8 10 11 12 13 14 15 16 17 19 20 21 25 26 34 35 36 39 41 45 48 49 50 54 55 56 57 60 61 62 64 65 73 74 75 76 77 78 79
1 1 1 1 1 0 1 1 1 1 1 0 1 0 1 1 0 1 0 1 1 0 1 0 1 0 1 0 1 1 1 1 0 0 1 0 1 1 1 1 0 1 1 1
7
1 2 3 4 5 8 10
1 1 1 0 0 0 0
72
1 4 8 10 11 12 13 14 15 16 17 19 20 21 50 52 53 54 55 56 57 60 61 62 64 65 68 72 73 74 75 76 77 78 79 83 84 85 86 87 88 91 92 95 96 97 98 99 104 105 106 107 108 109 112 115 116 119 120 123 125 129 130 131 133 135 138 150 151 153 155 158
1 1 0 0 1 1 1 0 1 0 0 1 1 0 1 0 0 1 1 0 0 1 1 0 0 1 1 1 1 1 1 0 1 1 1 0 0 0 1 1 0 1 1 1 0 0 1 0 1 1 1 1 1 1 1 1 1 1 0 1 0 0 1 1 0 0 0 1 1 1 0 1
7
1 2 3 4 5 8 10
1 1 1 1 1 0 1
13
1 2 3 4 5 8 10 17 19 20 21 25 26
1 1 1 1 1 1 0 1 1 1 0 1 1
34
1 2 3 4 5 8 10 11 12 13 14 15 16 17 34 35 36 39 41 45 48 49 50 52 54 55 56 57 60 61 62 64 65 68
1 1 1 1 1 0 0 1 1 1 1 1 0 0 1 1 1 1 1 1 1 1 0 0 1 1 1 1 0 1 1 1 1 1
81
1 2 3 4 5 8 10 11 12 13 14 15 16 17 19 20 21 25 26 34 35 36 39 41 45 48 49 50 52 53 54 55 56 57 60 61 62 64 65 68 72 73 74 75 76 77 78 79 83 84 85 86 87 88 91 92 95 96 97 98 99 104 105 106 107 108 109 112 114 115 116 119 120 123 125 129 130 131 133 135 138
1 1 1 1 1 0 0 1 1 1 1 1 1 1 1 1 1 1 1 1 1 1 1 0 1 1 1 0 0 1 1 1 1 1 1 1 1 1 1 1 1 0 1 1 0 1 1 1 1 1 0 0 1 1 1 1 1 0 1 1 0 0 1 1 1 1 0 0 1 1 1 1 0 1 1 1 1 1 1 1 1
7
11 12 13 14 15 16 17
1 0 1 1 0 1 0
7
1 4 8 11 14 17 19
1 1 1 1 1 0 1
17
4 5 8 10 11 12 13 14 15 16 17 19 20 21 25 26 34
1 0 1 1 0 0 1 1 1 1 1 1 1 0 1 0 0
5
1 2 3 8 10
1 1 1 1 0
60
1 2 3 4 5 8 10 11 12 13 14 15 16 17 19 20 21 25 26 34 35 36 39 41 45 48 49 50 52 53 54 55 56 57 60 61 62 64 65 68 72 73 74 75 76 77 78 79 83 84 85 86 87 88 91 92 150 151 153 155
0 1 1 1 1 0 1 1 1 1 1 0 1 0 1 1 0 1 1 1 1 1 1 1 1 1 1 1 1 1 1 1 1 0 1 1 0 1 1 1 1 1 1 1 0 1 1 1 1 0 0 0 1 0 1 1 1 1 1 0
6
1 2 3 4 5 8
1 1 1 1 0 0
5
1 2 3 8 10
1 1 1 0 0
5
1 2 3 4 5
1 1 1 1 0
7
1 2 3 4 5 8 10
1 1 1 1 1 0 1
39
83 86 87 88 91 92 95 99 105 106 107 108 109 112 114 115 116 119 120 123 125 129 130 131 133 135 138 150 151 153 155 158 165 166 167 171 172 173 174
1 1 1 0 1 1 1 1 1 1 1 1 1 1 1 1 1 0 0 1 0 0 1 1 1 1 1 1 1 1 1 1 1 1 1 1 1 1 0
17
1 2 3 4 5 8 10 11 12 13 14 15 16 17 19 20 21
1 0 1 1 1 0 0 1 0 1 1 0 1 0 1 1 0
16
1 2 3 4 5 8 10 11 12 13 14 15 16 17 25 26
1 1 1 1 0 0 0 1 1 1 1 1 0 0 1 0
5
1 2 3 4 5
0 1 1 1 1
7
1 2 3 4 5 8 10
1 0 1 1 1 0 0
5
1 2 3 4 5
0 1 1 1 1
5
1 2 3 4 5
0 1 1 1 0
10
1 2 3 4 5 8 10 11 12 13
0 1 1 1 1 0 0 1 0 1
7
1 2 3 4 5 8 10
1 1 1 1 1 1 0
7
1 2 3 4 5 8 10
1 1 1 1 1 1 0
7
1 2 3 11 83 84 85
0 1 1 1 0 0 0
7
1 2 3 4 5 8 10
0 1 1 1 1 1 1
7
1 2 3 4 5 8 10
1 1 1 1 1 1 0
19
1 2 3 4 5 8 10 11 12 13 14 15 16 17 19 20 21 25 26
1 1 1 1 1 1 0 1 0 1 1 1 1 0 1 1 0 1 1
53
1 2 3 4 5 8 10 11 12 13 14 15 16 17 19 20 21 25 26 34 35 36 39 41 45 48 49 50 52 53 54 55 56 57 60 61 62 64 65 68 72 73 74 75 76 77 78 79 83 84 85 86 87
1 1 1 1 1 0 1 1 1 0 1 0 0 0 0 1 0 1 1 1 1 1 1 0 1 1 0 1 1 1 1 0 1 0 1 1 1 1 0 1 0 0 1 0 1 1 0 1 0 0 0 0 0
5
1 2 3 4 5
1 1 1 1 0
9
1 2 3 4 5 8 11 12 13
1 1 1 1 0 0 0 1 0
10
1 2 3 4 5 8 10 11 12 13
1 1 1 1 1 1 0 1 1 0
6
1 2 3 19 20 21
1 1 1 1 1 0
19
4 5 8 10 11 12 13 14 15 16 17 19 20 21 25 26 34 35 36
1 1 0 0 1 1 1 1 1 1 0 1 1 0 1 1 0 0 0
5
1 2 3 4 5
1 1 0 1 1
17
1 2 3 4 5 8 10 11 12 13 14 15 16 17 19 20 21
1 0 1 1 1 1 0 0 1 0 1 0 1 0 1 1 0
23
1 2 3 4 5 8 10 11 12 13 14 15 16 17 25 26 35 36 39 41 45 48 49
1 1 1 1 1 1 0 1 0 1 1 1 0 1 1 1 1 1 1 0 1 1 0
50
1 2 3 4 5 8 10 11 12 13 14 15 16 17 25 26 34 35 36 39 41 45 48 49 50 52 53 54 55 56 57 60 61 62 64 65 68 73 74 75 76 77 78 79 83 84 85 88 91 92
1 1 1 1 1 0 0 1 0 1 1 1 1 0 1 1 1 1 1 1 1 1 1 0 1 1 1 1 0 1 1 1 1 1 1 1 1 0 1 0 0 0 0 1 0 1 0 1 1 1
13
1 2 3 4 5 8 10 11 12 13 17 25 26
1 1 1 1 1 0 0 1 0 1 0 1 1
7
1 2 3 4 5 8 10
1 1 1 1 1 1 0
6
1 2 3 4 5 8
0 1 1 1 1 0
6
1 2 3 4 5 50
0 1 1 1 1 0
6
1 2 3 4 5 8
1 1 1 1 1 0
7
1 2 3 4 5 8 10
1 1 1 1 1 0 0
20
1 2 3 4 5 8 10 11 12 13 14 15 16 17 19 20 21 34 35 36
1 1 1 1 1 1 1 1 1 1 1 1 1 1 1 1 1 1 1 0
7
1 2 3 4 5 8 10
0 1 0 1 1 0 0
7
1 2 3 4 5 8 10
1 1 1 1 1 0 1
6
1 2 3 168 169 170
1 1 1 0 0 1
5
1 2 3 4 5
1 0 1 1 1
25
50 56 57 60 61 62 65 74 75 79 83 84 86 87 92 95 96 97 98 99 114 115 116 125 129
0 1 1 0 0 1 0 0 0 0 0 0 1 1 1 1 0 0 1 0 0 0 0 0 1
48
4 8 10 11 12 13 14 15 16 17 19 20 21 26 34 39 41 50 56 57 60 61 62 64 65 68 72 74 75 78 79 83 84 85 95 96 97 98 99 106 107 109 114 115 116 119 125 129
0 1 1 1 1 0 0 1 1 0 1 1 1 0 0 1 0 0 1 0 1 0 0 1 0 1 0 0 0 0 1 0 1 0 0 1 0 1 0 1 0 0 0 0 0 0 0 0
21
1 2 3 4 5 8 10 11 12 13 14 15 16 17 25 26 34 35 36 39 41
1 1 1 1 1 1 1 1 0 0 1 1 1 1 1 0 1 1 1 1 0
58
4 5 8 10 11 12 13 14 15 16 17 19 20 21 25 26 34 35 36 39 41 45 48 49 50 52 53 54 55 56 57 60 61 62 64 65 68 72 73 74 75 76 77 78 79 83 84 85 86 87 88 91 92 95 96 97 98 99
0 0 0 0 0 1 1 1 0 0 0 1 0 0 1 0 1 0 0 0 1 0 1 1 1 0 0 1 1 0 0 0 0 0 1 0 0 1 0 0 0 0 0 0 1 0 1 0 0 0 0 0 0 0 0 0 1 1
38
3 8 10 11 12 13 14 15 16 17 20 21 50 52 53 56 57 60 61 62 75 78 79 83 84 85 86 87 88 91 95 96 97 98 99 104 105 107
1 1 0 1 1 1 1 0 0 0 0 0 0 0 0 1 1 1 0 0 0 1 0 0 0 0 0 0 0 0 1 1 1 1 0 0 0 0
74
4 5 8 10 11 12 13 14 15 16 17 19 20 21 25 26 34 35 36 39 41 45 48 49 50 52 53 54 55 56 57 60 61 62 64 65 68 72 73 74 75 76 77 78 79 83 84 85 86 87 88 91 92 95 96 97 98 99 104 105 106 107 108 109 112 114 115 116 119 120 123 125 129 130
0 0 0 0 0 0 0 1 0 1 0 0 0 0 0 0 0 1 0 1 0 0 0 0 1 0 0 0 1 0 0 0 0 0 0 1 1 0 0 0 0 0 0 0 1 0 0 0 0 0 0 0 1 0 0 0 0 1 0 0 0 0 0 0 0 0 0 0 0 0 0 1 0 0
75
10 11 12 13 14 15 16 17 19 20 21 25 26 34 35 36 39 41 45 48 49 50 52 53 54 55 56 57 60 61 62 64 65 68 72 73 74 75 76 77 78 79 83 84 85 86 87 88 91 92 95 96 97 98 99 104 105 106 107 108 109 112 114 115 116 119 120 123 125 129 130 131 133 135 138
1 0 1 0 1 0 0 0 1 0 0 1 0 0 0 0 0 0 0 1 1 1 0 0 0 1 0 0 0 0 0 0 0 0 0 0 0 0 0 0 0 0 0 1 0 0 0 0 0 0 0 0 0 1 1 0 0 0 0 0 0 0 0 0 0 0 0 0 0 0 0 1 0 1 0
76
35 36 39 41 45 48 49 50 52 53 54 55 56 57 60 61 62 64 65 68 72 73 74 75 76 77 78 79 83 84 85 86 87 88 91 92 95 96 97 98 99 104 105 106 107 108 109 112 114 115 116 119 120 123 125 129 130 131 133 135 138 150 151 153 155 158 165 166 167 168 169 170 171 172 173 174
0 0 0 0 0 0 0 0 0 0 1 1 1 1 0 0 0 1 0 1 1 0 1 1 0 0 0 0 0 0 0 1 0 1 1 0 0 1 1 1 0 0 1 0 0 0 1 1 0 1 0 0 0 0 0 0 1 1 1 0 0 1 0 1 0 0 0 0 1 0 1 1 1 0 0 0
52
26 52 53 60 65 72 76 77 83 85 86 87 91 92 95 96 97 98 99 104 105 108 109 112 114 115 116 119 120 123 125 129 130 131 133 135 138 150 151 153 155 158 165 166 167 168 169 170 171 172 173 174
0 0 0 0 0 0 0 0 0 0 0 1 0 0 0 0 0 0 0 0 0 0 0 0 0 0 0 0 0 0 0 0 0 1 1 0 0 0 0 1 0 0 0 1 0 0 0 1 1 0 0 0
11
48 49 52 53 55 60 62 85 88 105 106
1 0 0 0 1 0 0 0 0 0 0
78
26 34 35 36 39 41 45 48 49 50 52 53 54 55 56 57 60 61 62 64 65 68 72 73 74 75 76 77 78 79 83 84 85 86 87 88 91 92 95 96 97 98 99 104 105 106 107 108 109 112 114 115 116 119 120 123 125 129 130 131 133 135 138 150 151 153 155 158 165 166 167 168 169 170 171 172 173 174
0 0 1 1 1 1 0 0 0 1 0 0 0 0 0 0 0 0 1 0 1 0 0 0 0 0 0 0 0 0 0 1 0 0 1 0 0 0 0 0 0 0 0 0 0 0 0 0 0 0 0 0 0 0 0 0 0 0 0 1 0 1 0 0 0 0 0 0 0 0 0 0 0 0 1 0 0 1
58
25 26 34 35 36 39 41 45 48 49 50 52 53 54 55 56 57 60 61 62 64 65 68 73 74 75 76 77 78 79 83 84 85 86 87 88 91 92 95 96 97 98 99 104 105 106 108 109 112 114 115 116 119 120 123 125 129 130
0 0 0 0 1 1 1 0 0 0 1 0 0 0 1 0 0 0 0 0 0 0 0 0 0 0 0 0 1 0 0 0 0 0 0 0 1 0 0 0 0 0 1 0 0 0 0 0 1 0 0 0 0 0 1 0 1 0
50
34 35 36 39 41 45 48 49 50 52 53 54 55 56 57 60 61 62 64 65 68 72 73 74 75 76 77 78 79 83 84 85 86 87 88 91 92 95 96 97 98 99 104 105 106 107 108 109 112 114
0 1 0 0 1 0 0 0 0 0 0 0 0 1 0 0 0 0 1 0 0 0 0 0 0 0 0 0 0 0 0 0 0 0 0 0 1 0 0 0 0 0 0 0 0 0 0 0 0 0
93
4 5 8 10 11 12 13 14 15 16 17 19 20 21 25 26 34 35 36 39 41 45 48 49 50 52 53 54 55 56 57 60 61 62 64 65 68 72 73 74 75 76 77 78 79 83 84 85 86 87 88 91 92 95 96 97 98 99 104 105 106 107 108 109 112 114 115 116 119 120 123 125 129 130 131 133 135 138 150 151 153 155 158 165 166 167 168 169 170 171 172 173 174
1 0 0 1 0 0 0 0 1 0 0 0 0 0 1 0 0 0 1 1 1 0 0 0 1 0 0 1 0 0 0 0 0 1 0 1 1 0 0 0 0 0 0 0 1 0 1 0 0 0 0 0 0 0 0 0 0 1 0 0 0 0 0 0 0 0 0 0 0 0 1 1 0 0 0 0 1 1 0 0 0 0 0 0 0 0 1 0 0 0 0 1 0
39
1 2 3 4 5 8 10 11 12 13 14 15 16 19 20 21 25 26 34 35 36 45 48 49 50 52 53 54 55 56 57 60 64 65 73 74 75 76 77
0 0 1 1 1 0 0 1 0 1 1 0 0 1 1 0 0 0 0 1 1 0 0 1 1 0 0 1 1 0 0 1 0 0 0 1 0 0 0
10
1 2 3 4 5 8 10 11 12 13
1 1 1 1 0 0 0 1 0 1
42
34 35 36 39 41 45 48 49 50 52 53 54 55 56 57 60 61 62 64 65 68 72 73 74 75 76 77 78 79 83 84 85 86 87 88 91 92 95 96 97 98 99
0 1 1 1 1 0 0 0 1 0 0 0 1 0 0 0 0 0 0 0 1 0 0 0 0 0 0 1 1 0 1 0 0 0 0 0 0 0 0 0 0 0
24
1 2 3 4 5 8 10 11 12 13 14 15 16 17 19 20 21 25 26 34 35 36 39 41
1 1 1 1 1 0 1 1 0 0 1 1 1 0 1 1 1 1 1 1 1 0 1 1
42
34 35 36 39 41 45 48 49 50 52 53 54 55 56 57 60 61 62 64 65 68 72 73 74 75 76 77 78 79 83 84 85 86 87 88 91 92 95 96 97 98 99
1 0 0 0 0 0 0 1 1 0 0 0 1 1 0 1 0 0 0 0 1 0 0 1 0 0 0 1 0 0 0 0 0 0 1 0 0 0 0 0 1 1
62
25 26 34 35 36 39 41 45 48 49 50 52 53 54 55 56 57 61 62 64 65 68 72 73 74 75 76 77 78 79 83 84 85 86 87 88 92 95 96 97 98 99 104 105 106 107 108 109 112 114 115 116 119 120 123 125 129 130 131 133 135 138
0 0 1 1 1 0 1 0 0 0 0 0 0 0 1 0 1 0 0 0 0 0 0 0 0 1 0 0 0 1 0 0 0 0 1 0 0 0 0 0 0 0 0 0 0 0 0 0 0 0 0 0 1 0 0 1 0 0 1 0 1 0
78
4 5 8 10 11 12 13 14 15 16 17 19 20 21 25 26 34 35 36 39 41 45 48 49 50 52 53 54 55 56 57 60 61 62 64 65 68 72 73 74 75 76 77 78 79 83 84 85 86 87 88 91 92 95 96 97 98 99 104 105 106 107 108 109 112 114 115 116 119 120 123 125 129 130 131 133 135 138
1 0 0 0 0 1 1 0 0 0 0 1 0 1 1 0 1 0 0 0 0 0 1 0 1 0 0 0 1 1 0 0 1 0 1 0 0 0 0 1 0 0 0 0 1 0 1 0 1 0 1 0 0 0 1 0 1 0 0 0 0 0 0 0 1 0 0 0 0 1 0 0 0 0 1 0 0 1
33
60 61 62 64 65 68 72 73 74 75 76 77 78 79 83 84 85 86 87 88 91 92 95 96 97 98 99 104 105 106 107 108 109
0 1 0 0 0 0 0 0 0 1 0 0 1 0 0 0 0 0 0 0 0 0 0 0 1 1 0 0 0 1 0 0 1
79
8 10 11 12 13 14 15 16 17 19 20 21 25 26 34 35 36 39 41 45 48 49 50 52 53 54 55 56 57 60 61 62 64 65 68 72 73 74 75 76 77 78 79 83 84 85 86 87 88 91 92 95 96 97 98 99 104 105 106 107 108 109 112 114 115 116 119 120 123 125 129 130 131 133 135 138 150 151 153
0 1 0 1 0 0 1 0 0 0 0 0 0 0 0 0 0 0 1 0 0 0 1 0 0 0 1 0 1 0 0 0 0 1 0 0 1 0 0 1 0 0 1 0 0 0 0 0 0 0 0 0 0 0 0 0 0 0 0 0 0 0 0 0 0 0 0 0 0 1 0 0 1 1 0 0 0 1 0
40
50 52 53 54 55 56 57 60 61 62 64 65 68 72 73 74 75 76 77 78 79 83 84 85 86 87 88 91 92 95 96 97 98 99 104 105 106 107 108 109
0 0 0 1 0 1 0 0 0 0 1 0 0 1 0 0 0 0 0 1 1 1 0 0 0 0 1 0 0 0 0 0 0 0 0 0 0 0 0 0
92
1 8 10 11 12 13 14 15 16 17 19 20 21 25 26 34 35 36 39 41 45 48 49 50 52 53 54 55 56 57 60 61 62 64 65 68 72 73 74 75 76 77 78 79 83 84 85 86 87 88 91 92 95 96 97 98 99 104 105 106 107 108 109 112 114 115 116 119 120 123 125 129 130 131 133 135 138 150 151 153 155 158 165 166 167 168 169 170 171 172 173 174
0 0 1 0 0 0 1 1 0 0 1 0 0 0 0 0 0 0 0 0 0 1 0 1 0 0 1 1 0 0 0 0 0 0 0 1 0 0 1 0 0 0 0 0 0 0 0 0 0 0 0 0 0 1 1 1 0 0 0 1 0 0 0 0 0 1 0 0 0 0 0 0 0 1 0 1 1 1 1 0 0 0 1 0 0 0 0 0 0 0 0 1
11
52 53 54 55 56 57 60 61 62 64 65
0 1 1 1 1 1 0 1 0 1 1
17
1 4 5 8 10 11 12 13 14 15 16 17 19 20 21 25 26
0 1 1 0 1 1 1 1 1 1 1 1 1 1 1 1 1
7
1 2 3 4 5 8 10
1 1 1 1 1 0 1
17
1 2 3 4 5 8 10 11 12 13 14 15 16 17 19 20 21
1 1 1 1 1 1 1 1 0 0 1 0 1 0 1 1 0
17
1 2 3 4 5 8 10 11 12 13 14 15 16 17 19 20 21
1 1 1 1 1 0 1 1 1 1 1 1 1 0 1 0 0
17
1 2 3 4 5 8 10 11 12 13 14 15 16 17 19 20 21
1 1 1 1 1 1 1 1 1 1 1 0 1 0 1 1 0
5
1 2 3 4 5
0 1 1 0 1
16
1 2 3 4 5 8 10 11 12 13 14 15 16 17 25 26
1 0 1 1 1 0 0 0 1 0 0 1 0 0 1 0
19
1 2 3 4 5 8 10 11 12 13 14 15 16 17 19 20 21 25 26
0 1 1 1 1 1 0 1 1 1 1 1 1 1 1 1 0 1 0
5
1 2 3 4 5
0 1 1 1 1
5
1 2 3 4 5
1 1 0 1 1
10
1 2 3 4 5 8 10 11 12 13
1 1 1 1 1 1 0 1 1 1
5
1 2 3 4 5
1 1 1 0 1
38
1 2 3 4 5 8 10 11 12 13 14 15 16 17 19 20 21 25 26 34 35 36 45 48 49 50 52 53 54 55 56 57 60 61 62 64 65 68
1 1 1 1 1 0 1 1 1 1 1 0 1 0 1 1 1 1 1 1 1 0 1 1 1 1 1 1 1 1 1 1 0 1 0 1 1 1
8
1 2 3 4 5 11 12 13
1 0 1 1 0 0 0 1
7
1 2 3 4 5 8 10
0 1 1 1 0 0 0
5
1 2 3 131 133
0 1 1 1 0
17
1 2 3 4 5 8 10 11 12 13 14 15 16 17 19 20 21
0 1 1 1 1 0 1 1 0 1 1 0 1 0 1 1 0
32
1 2 3 4 5 8 10 11 12 13 14 15 16 17 19 20 21 25 26 34 35 36 39 41 45 48 49 50 52 53 54 55
1 1 1 1 1 1 1 1 1 1 0 1 1 1 1 1 0 0 1 1 1 1 1 1 1 0 1 0 1 1 1 0
7
1 2 3 4 5 8 10
1 1 1 0 1 0 1
7
1 2 3 4 5 8 10
1 1 1 1 1 1 0
17
1 2 3 4 5 8 10 11 12 13 14 15 16 17 19 20 21
1 0 1 1 1 1 1 1 1 1 1 1 0 0 1 1 0
7
1 2 3 4 5 8 10
0 1 1 1 1 0 1
19
1 2 3 4 5 8 10 11 12 13 14 15 16 17 19 20 21 25 26
1 1 1 1 1 0 0 1 0 1 0 0 1 0 0 1 0 1 1
11
11 12 13 14 15 16 17 19 20 21 34
1 1 1 0 0 0 0 1 1 0 1
12
1 2 3 4 5 14 15 16 17 19 20 21
1 1 1 1 1 1 0 1 0 0 1 0
5
1 2 3 4 5
0 1 1 1 0
6
1 2 3 4 5 8
1 1 1 1 1 0
35
1 2 3 4 5 8 10 11 12 13 14 15 16 17 19 20 21 25 26 34 35 36 39 41 45 48 49 50 73 74 75 76 77 78 79
1 1 1 1 1 1 1 1 0 1 1 1 1 0 1 1 0 1 0 1 1 1 0 0 1 0 0 0 0 1 0 0 1 0 0
51
1 2 3 4 5 8 10 11 12 13 14 15 16 17 19 20 21 25 26 34 35 36 50 56 57 60 61 62 65 68 73 74 75 78 79 83 84 85 95 96 97 98 99 104 114 115 116 123 125 129 130
1 1 1 1 1 1 0 1 1 1 1 0 0 0 1 1 0 1 1 1 0 1 0 1 1 0 0 0 1 1 0 0 0 0 0 0 0 0 1 0 1 1 0 0 0 0 0 1 0 0 0
7
1 2 3 4 5 8 10
0 1 1 1 1 1 0
83
1 2 3 4 5 8 10 11 12 13 14 15 16 17 19 20 21 25 26 34 35 36 39 41 45 48 50 52 53 54 55 56 57 60 64 65 68 72 73 74 75 76 77 78 79 83 84 86 87 88 91 92 95 96 97 98 99 104 105 106 107 108 109 112 114 115 116 119 120 123 125 150 151 153 155 165 166 167 168 171 172 173 174
1 1 1 1 1 0 1 1 1 1 1 1 1 0 1 0 0 1 1 1 0 1 1 1 1 1 1 1 1 1 1 1 1 1 1 1 0 0 0 1 1 1 0 1 1 1 0 0 1 0 1 0 1 1 1 1 1 0 1 1 0 0 1 0 0 1 1 0 0 1 0 1 1 1 1 1 1 1 1 1 1 1 1
9
1 2 3 4 5 11 12 13 17
0 1 1 0 1 0 0 1 0
14
1 2 3 4 5 8 10 11 12 13 14 15 16 17
1 0 1 1 1 0 0 1 0 1 1 0 0 1
19
1 2 3 4 5 8 10 11 12 13 14 15 16 17 19 20 21 25 26
0 1 1 1 1 1 0 1 1 1 1 0 0 0 1 0 0 1 0
5
1 2 3 4 5
1 1 1 1 0
81
1 2 3 4 5 8 10 11 12 13 14 15 16 17 19 20 21 25 26 34 35 36 39 41 45 48 49 50 52 53 54 55 56 57 60 61 62 64 65 68 72 73 74 75 76 77 78 79 83 84 85 86 87 88 91 92 95 96 97 98 99 104 105 106 107 108 109 112 114 115 116 119 120 123 125 129 130 131 133 135 138
1 1 1 1 1 1 1 1 0 1 1 1 0 0 1 1 0 1 1 1 0 1 0 1 1 1 1 1 0 1 1 1 1 0 0 0 1 1 1 1 0 0 1 0 0 1 1 1 1 1 0 0 1 1 1 1 1 1 1 1 0 0 1 0 1 0 1 0 1 1 0 0 0 1 1 0 0 1 0 1 0
85
1 2 3 4 5 8 10 11 12 13 14 15 16 17 19 20 21 25 26 34 35 36 39 41 45 48 49 50 52 53 54 55 56 57 60 61 62 64 65 68 72 73 74 75 76 77 78 79 83 84 85 86 87 88 91 92 95 96 97 98 99 104 105 106 107 108 109 112 114 115 116 119 120 123 125 129 130 131 133 135 138 150 151 153 155
1 1 1 1 1 1 1 1 1 1 1 1 1 1 1 1 1 1 1 1 1 0 1 1 1 1 1 1 0 1 1 1 1 1 1 1 1 0 1 1 1 1 1 1 0 0 1 1 1 1 0 0 0 0 1 1 1 1 1 1 1 1 1 1 0 1 1 1 1 1 0 0 0 1 0 1 1 1 1 1 1 1 1 1 1
5
1 2 3 4 5
1 0 1 1 1
41
1 2 3 4 5 8 10 14 15 16 17 25 26 34 35 36 39 41 45 48 49 50 52 53 54 55 56 57 60 61 62 64 65 68 73 74 75 76 77 78 79
1 1 1 1 1 0 1 1 0 1 1 1 0 1 1 1 1 0 1 1 1 1 1 1 1 1 0 1 1 1 1 1 1 0 1 1 1 0 1 0 1
9
34 35 36 39 41 45 48 49 50
0 1 1 1 1 1 1 0 1
43
45 48 49 50 52 53 54 55 56 57 61 62 64 65 68 72 73 74 75 76 77 78 79 83 84 85 86 87 88 91 92 95 96 97 98 99 104 105 106 107 108 109 112
0 0 0 1 0 0 0 0 0 0 0 0 1 0 1 0 0 0 0 0 0 0 0 0 0 0 0 1 0 0 0 0 0 0 1 0 0 0 0 0 0 0 1
96
1 2 3 4 5 8 10 11 12 13 14 15 16 17 19 20 21 25 26 34 35 36 39 41 45 48 49 50 52 53 54 55 56 57 60 61 62 64 65 68 72 73 74 75 76 77 78 79 83 84 85 86 87 88 91 92 95 96 97 98 99 104 105 106 107 108 109 112 114 115 116 119 120 123 125 129 130 131 133 135 138 150 151 153 155 158 165 166 167 168 169 170 171 172 173 174
1 1 1 1 1 1 1 1 1 0 1 0 0 0 1 1 1 1 1 1 1 1 1 1 1 1 1 1 1 1 1 1 1 1 1 1 1 1 1 1 1 1 1 1 1 1 1 1 1 1 1 1 1 1 1 1 1 1 1 1 1 1 1 1 1 1 1 1 1 1 1 1 1 1 1 1 1 1 1 1 1 1 1 1 1 1 1 1 1 1 1 1 1 1 1 1
22
1 2 3 4 5 8 10 11 12 13 14 15 16 17 19 20 21 25 26 34 35 36
1 1 1 1 0 1 0 1 1 1 1 0 1 0 1 1 0 1 1 1 0 1
28
114 115 116 119 120 123 125 129 130 131 133 135 138 150 151 153 155 158 165 166 167 168 169 170 171 172 173 174
1 1 1 0 1 1 1 1 1 1 1 1 1 1 1 1 1 1 1 1 1 1 1 1 1 1 1 1
19
1 2 3 4 5 8 10 11 12 13 14 15 16 17 19 20 21 25 26
1 1 1 1 1 0 0 0 1 1 1 1 0 1 1 1 0 1 1
29
112 114 115 116 119 120 123 125 129 130 131 133 135 138 150 151 153 155 158 165 166 167 168 169 170 171 172 173 174
1 1 1 1 1 1 1 1 1 1 1 1 0 1 1 1 1 1 1 1 1 1 1 1 1 1 1 1 1
7
1 2 3 4 5 8 10
1 1 1 1 0 0 0
17
1 2 3 4 5 8 10 11 12 13 14 15 16 17 19 20 21
1 1 1 1 1 1 1 1 1 1 1 1 0 1 1 0 1
17
1 2 3 4 5 8 10 11 12 13 14 15 16 17 19 20 21
1 1 1 1 1 0 1 1 0 1 1 0 0 1 1 1 0
8
1 2 3 4 8 11 14 83
0 1 1 1 1 1 0 0
7
1 2 3 4 5 8 10
0 1 1 1 1 1 0
32
1 88 91 92 95 96 97 98 99 105 106 107 108 109 112 114 115 116 119 120 123 125 129 130 131 133 135 138 150 151 153 155
1 0 1 0 1 1 1 1 0 1 0 1 1 1 1 1 1 1 1 0 1 1 1 1 1 0 1 1 0 1 1 0
67
1 2 3 4 5 8 10 11 12 13 14 15 16 17 19 20 21 25 26 34 35 36 39 41 45 48 49 50 52 53 54 55 56 57 60 61 62 64 65 68 72 73 74 75 76 77 78 79 83 84 85 86 87 88 91 92 95 96 97 98 99 104 105 106 107 108 109
1 1 1 1 1 1 1 1 1 1 1 1 1 1 1 1 1 1 1 1 1 1 1 1 1 1 1 1 0 1 1 0 1 1 1 1 1 1 1 1 1 1 1 1 1 1 1 1 1 1 1 1 1 1 1 1 1 1 1 1 1 1 1 1 1 1 1
84
1 2 3 4 5 8 10 11 12 13 14 15 16 17 19 20 21 25 26 34 35 36 39 41 45 48 49 50 52 53 54 55 56 57 60 61 62 64 65 68 72 73 74 75 76 77 78 79 83 84 85 86 87 88 91 92 95 96 97 98 99 104 105 106 107 108 109 112 114 115 116 119 120 123 125 129 130 131 133 135 138 150 151 153
0 1 1 1 1 1 1 1 1 1 1 1 1 1 1 1 1 1 1 1 1 1 1 1 1 1 1 1 1 0 1 1 1 1 1 1 1 1 1 1 1 0 1 1 1 1 1 1 1 1 0 1 1 1 1 1 1 1 1 1 1 1 1 1 1 1 1 1 1 1 1 1 1 1 1 1 1 1 1 1 1 1 1 1
67
1 2 3 4 5 8 10 11 12 13 14 15 16 17 19 20 21 25 26 34 35 36 39 41 45 48 49 50 52 53 54 55 56 57 60 61 62 64 65 68 72 73 74 75 76 77 78 79 83 84 85 86 87 88 91 92 95 96 97 98 99 104 105 106 107 108 109
0 1 1 1 1 1 1 1 1 1 1 1 1 1 1 1 1 1 1 1 1 1 1 1 1 1 1 1 0 1 1 1 1 1 0 1 1 1 1 1 1 1 1 1 1 1 1 1 1 1 0 1 1 1 1 1 1 1 1 1 1 1 1 1 1 1 1
77
1 2 3 4 5 8 10 11 12 13 14 15 16 17 19 20 21 25 26 34 35 36 39 41 45 48 49 50 52 53 54 55 56 57 60 61 62 64 65 68 72 73 74 75 76 77 78 79 83 84 85 86 87 88 91 92 95 96 97 98 99 104 105 106 107 108 109 112 114 115 116 119 120 123 125 129 130
1 1 1 1 0 1 1 1 1 1 1 1 1 1 1 1 1 1 1 1 1 1 1 1 1 1 1 1 1 1 1 1 1 1 1 1 1 1 1 1 0 1 1 1 1 1 1 1 1 1 1 1 1 1 1 1 1 1 1 1 1 1 1 1 0 1 1 1 1 1 1 1 1 1 1 1 1
77
1 2 3 4 5 8 10 11 12 13 14 15 16 17 19 20 21 25 26 34 35 36 39 41 45 48 49 50 52 53 54 55 56 57 60 61 62 64 65 68 72 73 74 75 76 77 78 79 83 84 85 86 87 88 91 92 95 96 97 98 99 104 105 106 107 108 109 112 114 115 116 119 120 123 125 129 130
0 1 1 1 1 1 1 1 1 1 1 1 1 1 1 1 1 1 1 1 1 1 1 1 1 1 1 1 1 1 1 1 1 1 1 1 1 1 1 1 1 1 1 1 1 1 1 1 1 1 1 1 1 1 1 1 1 1 1 1 1 1 1 1 0 1 1 1 1 1 1 1 1 1 1 1 1
96
1 2 3 4 5 8 10 11 12 13 14 15 16 17 19 20 21 25 26 34 35 36 39 41 45 48 49 50 52 53 54 55 56 57 60 61 62 64 65 68 72 73 74 75 76 77 78 79 83 84 85 86 87 88 91 92 95 96 97 98 99 104 105 106 107 108 109 112 114 115 116 119 120 123 125 129 130 131 133 135 138 150 151 153 155 158 165 166 167 168 169 170 171 172 173 174
0 0 1 1 1 0 0 1 0 1 1 0 1 1 1 0 1 1 0 0 1 1 0 1 1 0 0 0 0 0 1 0 1 0 0 0 1 1 0 1 0 0 0 0 0 0 0 0 0 0 0 0 0 0 0 0 0 0 0 0 1 0 0 0 0 0 0 1 0 1 0 0 0 0 0 0 0 1 0 1 1 0 0 1 1 1 1 0 0 0 0 0 0 0 1 1
69
1 2 3 4 5 8 10 11 12 13 14 15 16 17 19 20 21 25 26 35 36 39 41 45 50 54 55 56 57 60 61 62 64 65 68 72 73 74 75 76 77 78 79 83 84 86 87 88 91 92 95 96 97 98 99 104 105 106 107 108 109 112 114 115 116 119 120 123 125
0 1 1 1 1 1 1 1 1 1 1 1 1 1 1 1 1 1 1 1 1 1 1 1 1 1 1 1 1 1 1 1 1 1 1 1 1 1 1 1 1 1 1 1 1 1 1 1 1 1 1 1 1 1 1 1 1 0 0 1 1 1 1 1 1 1 1 1 1
78
1 2 3 4 5 8 10 11 12 13 14 15 16 17 19 20 21 25 26 34 35 36 39 41 45 50 53 54 55 56 57 60 61 62 64 65 68 72 73 74 75 76 77 78 79 83 84 85 86 87 88 91 92 95 96 97 98 99 104 105 106 107 108 109 112 114 115 116 119 120 123 125 129 130 131 133 135 138
0 1 1 0 0 1 0 1 0 1 1 0 0 0 1 1 0 1 0 1 1 1 1 1 1 1 1 1 1 1 1 1 1 1 1 1 1 1 1 1 1 1 1 1 1 1 1 1 1 1 1 1 1 1 1 1 1 1 1 1 1 1 1 1 1 1 1 1 1 1 1 1 1 1 1 1 1 1
74
1 2 3 4 5 8 10 11 12 13 14 15 16 25 26 34 35 36 39 41 45 50 53 54 55 56 57 60 61 62 64 65 68 72 73 74 75 76 77 78 79 83 84 85 86 87 88 91 92 95 96 97 98 99 104 105 106 107 108 109 112 114 115 116 119 120 123 125 129 130 131 133 135 138
0 1 1 1 1 1 1 0 1 1 0 0 1 0 0 0 1 1 1 1 1 1 1 1 0 1 1 1 1 1 1 1 1 1 1 1 0 0 1 1 1 1 1 0 1 1 1 1 1 1 1 1 1 1 1 0 0 1 1 1 1 1 1 1 1 1 1 1 1 1 1 1 1 1
74
1 2 3 4 5 8 10 11 12 13 14 15 16 17 19 20 21 25 26 34 35 36 39 41 45 48 49 50 52 53 54 55 56 57 60 61 62 64 65 68 72 73 74 75 76 77 78 79 83 84 85 86 87 88 91 92 95 96 97 98 99 104 105 106 107 108 109 112 114 115 116 119 120 123
1 1 1 1 1 1 1 1 1 1 1 1 1 1 1 1 1 1 1 1 1 1 1 1 1 1 0 1 0 1 1 1 1 1 1 1 1 1 1 1 1 1 1 1 0 1 1 1 1 1 1 1 1 1 1 1 1 1 1 1 1 1 1 1 1 1 1 1 0 1 1 1 1 1
66
1 2 3 4 5 8 10 11 12 13 14 15 16 17 19 20 21 25 26 34 35 36 39 41 45 48 49 52 53 54 55 56 57 60 61 62 64 65 68 73 74 75 76 77 78 79 83 84 85 86 87 88 91 92 95 96 97 98 99 104 105 106 107 108 109 112
1 1 1 1 1 1 1 1 1 1 1 1 1 1 1 1 1 1 1 0 1 1 1 1 1 1 1 1 1 1 1 1 1 1 1 1 1 1 1 1 1 1 1 1 1 1 1 1 1 1 1 1 1 1 1 1 1 1 1 1 1 1 1 1 1 1
81
1 2 3 4 5 8 10 11 12 13 14 15 16 17 19 20 21 25 26 34 35 36 39 41 45 48 49 50 52 53 54 55 56 57 60 61 62 64 65 68 72 73 74 75 76 77 78 79 83 84 85 86 87 88 91 92 95 96 97 98 99 104 105 106 107 108 109 112 114 115 116 119 120 123 125 129 130 131 133 135 138
0 1 1 1 1 1 1 1 1 1 1 1 1 1 1 1 1 1 1 0 1 1 1 1 1 1 1 1 0 1 1 1 1 1 1 1 1 1 1 1 1 1 1 1 1 1 1 1 1 1 1 1 1 1 1 1 1 1 1 1 1 1 1 1 1 1 1 1 1 1 1 1 1 1 1 1 1 1 1 1 1
61
1 2 3 4 5 8 10 11 12 13 14 15 16 17 19 20 21 25 26 34 35 36 39 41 45 48 49 50 52 53 54 55 56 57 60 61 62 64 65 68 72 73 74 75 76 77 78 79 83 84 85 86 87 88 91 92 95 96 97 98 99
1 1 1 1 1 1 1 1 1 0 0 0 1 0 1 1 0 0 1 1 1 1 1 1 1 1 1 1 1 1 1 1 1 1 1 1 1 1 1 1 1 1 1 1 1 1 1 1 1 1 1 1 1 1 1 1 1 1 1 1 1
77
1 2 3 4 5 8 10 11 12 13 14 15 16 17 19 20 21 25 26 34 35 36 39 41 45 48 49 50 52 53 54 55 56 57 60 61 62 64 65 68 72 73 74 75 76 77 78 79 83 84 85 86 87 88 91 92 95 96 97 98 99 104 105 106 107 108 109 112 114 115 116 119 120 123 125 129 130
1 1 1 1 1 1 1 1 1 1 1 1 1 1 1 1 1 1 1 1 1 1 1 1 1 1 1 1 1 1 1 1 1 1 1 1 1 0 1 1 1 1 1 1 1 1 1 1 1 1 1 1 1 1 1 1 1 1 1 1 1 1 1 1 1 1 1 1 1 1 1 1 1 1 1 1 1
84
1 2 3 4 5 8 10 11 12 13 14 15 16 17 19 20 21 25 26 34 35 36 39 41 45 48 49 50 52 53 54 55 56 57 60 61 62 64 65 68 72 73 74 75 76 77 78 79 83 84 85 86 87 88 91 92 95 96 97 98 99 104 105 106 107 108 109 112 114 115 116 119 120 123 125 131 133 135 138 150 151 153 155 158
0 0 1 0 0 1 1 1 1 1 1 1 1 1 1 1 1 1 1 0 0 1 0 1 1 0 0 1 0 0 1 0 0 0 0 0 0 1 0 1 0 0 0 0 0 0 1 0 0 1 0 0 1 0 0 0 0 0 0 0 0 0 0 0 0 0 0 1 1 0 0 0 0 0 1 0 0 0 1 0 0 1 0 0
81
1 2 3 4 5 8 10 11 12 13 14 15 16 17 19 20 21 25 26 34 35 36 39 41 45 48 49 50 52 53 54 55 56 57 60 61 62 64 65 68 72 73 74 75 76 77 78 79 83 84 85 86 87 88 91 92 95 96 97 98 99 104 105 106 107 108 109 112 114 115 116 119 120 123 125 129 130 131 133 135 138
0 1 1 1 0 0 1 1 1 1 1 1 1 1 1 1 1 1 1 1 1 1 1 1 1 1 1 1 1 1 1 1 1 1 1 1 1 1 1 1 1 1 1 1 1 1 1 1 1 1 1 1 1 1 1 1 1 1 1 1 1 1 1 1 1 1 1 1 1 1 1 1 1 1 1 1 1 1 1 1 1
86
1 2 3 4 5 8 10 11 12 13 14 15 16 17 19 20 21 25 26 34 35 36 39 41 45 48 49 50 52 53 54 55 56 57 60 61 62 64 65 68 72 73 74 75 76 77 78 79 83 84 85 86 87 88 91 92 95 96 97 98 99 104 105 106 107 108 109 112 114 115 116 119 120 123 125 129 130 131 133 135 138 150 151 153 155 158
1 1 1 1 1 1 1 1 1 1 1 1 1 1 1 0 1 1 1 1 1 1 1 1 1 1 1 1 1 1 1 1 1 1 1 1 1 1 1 1 1 1 1 1 1 1 1 1 1 1 1 1 1 1 1 1 1 1 1 1 1 1 1 1 1 1 1 1 1 1 1 1 1 1 1 1 1 1 1 1 1 1 1 1 1 1
71
1 2 3 4 5 8 10 11 12 13 14 15 16 17 19 20 21 25 26 34 35 36 39 41 45 48 49 50 52 53 54 55 56 57 60 61 62 64 65 68 72 73 74 75 76 77 78 79 83 84 85 86 87 88 91 92 95 96 97 98 99 104 105 106 107 108 109 112 114 115 116
0 1 1 1 1 1 1 1 1 1 1 1 1 1 1 1 1 1 1 1 1 1 1 1 1 1 1 1 1 1 1 1 1 1 1 1 1 1 1 1 1 1 1 1 1 1 1 1 1 1 1 1 1 1 1 1 1 1 1 1 1 1 1 1 1 1 1 1 1 1 1
67
1 2 3 4 5 8 10 11 12 13 14 15 16 17 19 20 21 25 26 34 35 36 39 41 45 48 49 50 52 53 54 55 56 57 60 61 62 64 65 68 72 73 74 75 76 77 78 79 83 84 85 86 87 88 91 92 95 96 97 98 99 104 105 106 107 108 109
1 1 1 1 1 1 1 1 1 1 1 1 1 1 1 1 1 1 1 1 0 1 1 1 1 1 1 1 1 0 1 1 1 1 1 1 1 1 1 1 1 1 1 1 1 1 1 1 1 1 1 1 1 1 1 1 1 1 1 1 1 1 1 1 1 1 1
67
1 2 3 4 5 8 10 11 12 13 14 15 16 17 19 20 21 25 26 34 35 36 39 41 45 48 49 50 52 53 54 55 56 57 60 61 62 64 65 68 72 73 74 75 76 77 78 79 83 84 85 86 87 88 91 92 95 96 97 98 99 104 105 106 107 108 109
0 1 1 1 1 1 0 1 1 1 1 1 1 1 1 1 1 1 1 1 1 1 1 1 1 1 1 1 1 1 1 1 1 1 1 1 1 1 1 1 1 1 1 1 1 1 1 1 1 1 1 1 1 1 1 1 1 1 1 1 1 1 1 1 1 1 1
85
1 2 3 4 5 8 10 11 12 13 14 15 16 17 19 20 21 25 26 34 35 36 39 41 45 48 49 50 52 53 54 55 56 57 60 61 62 64 65 68 72 73 74 75 76 77 78 79 83 84 85 86 87 88 91 92 95 96 97 98 99 104 105 106 107 108 109 112 114 115 116 119 120 123 125 129 130 131 133 135 138 150 151 153 155
0 1 1 1 1 1 1 1 1 1 1 1 1 0 1 1 1 1 1 1 1 1 1 1 1 1 1 1 1 0 1 0 1 1 1 1 1 1 1 1 1 0 1 1 1 1 1 1 1 1 0 1 1 1 1 1 1 1 1 1 1 1 1 1 1 1 1 1 1 1 1 1 1 0 1 1 1 1 1 1 1 1 0 1 0
73
1 2 3 4 5 8 10 11 12 13 14 15 16 17 19 20 21 25 26 34 35 36 39 41 45 48 49 50 52 53 54 55 56 57 60 61 62 64 65 68 72 73 74 75 76 77 78 79 83 84 85 86 87 88 91 92 95 96 97 98 99 104 105 106 107 108 109 112 114 115 116 119 120
0 1 1 1 1 1 1 1 1 1 1 1 1 1 1 1 1 1 1 1 1 1 1 1 1 1 1 1 1 1 1 1 1 1 1 1 1 1 1 1 1 1 1 1 1 1 1 1 1 1 1 1 1 1 1 1 1 1 1 1 1 1 1 1 1 1 1 1 1 1 1 1 1
81
1 2 3 4 5 8 10 11 12 13 14 15 16 17 19 20 21 25 26 34 35 36 39 41 45 48 49 50 52 53 54 55 56 57 60 61 62 64 65 68 72 73 74 75 76 77 78 79 83 84 85 86 87 88 91 92 95 96 97 98 99 104 105 106 107 108 109 112 114 115 116 119 120 123 125 129 130 131 133 135 138
1 1 1 1 1 1 1 1 1 1 1 1 1 1 1 1 1 1 1 1 1 1 1 1 1 1 0 1 1 1 1 1 1 1 1 1 1 1 1 1 1 1 1 1 1 1 1 1 1 1 1 1 1 1 1 1 1 1 1 1 1 1 1 1 1 1 1 1 1 1 1 1 1 1 1 1 1 1 1 1 1
81
1 2 3 4 5 8 10 11 12 13 14 15 16 17 19 20 21 25 26 34 35 36 39 41 45 48 49 50 52 53 54 55 56 57 60 61 62 64 65 68 72 73 74 75 76 77 78 79 83 84 85 86 87 88 91 92 95 96 97 98 99 104 105 106 107 108 109 112 114 115 116 119 120 123 125 129 130 131 133 135 138
1 1 1 1 1 1 1 1 1 1 1 1 1 1 1 1 1 1 1 1 1 1 1 1 0 1 1 1 1 1 1 1 1 1 1 1 1 1 1 1 1 1 0 1 1 1 1 1 1 1 0 0 1 1 1 1 1 1 1 1 1 1 1 1 1 1 1 1 1 1 1 1 1 1 1 1 1 1 1 1 1
61
1 2 3 4 5 8 10 11 12 13 14 15 16 17 19 20 21 25 26 34 35 36 39 41 45 48 49 50 52 53 54 55 56 57 60 61 62 64 65 68 72 73 74 75 76 77 78 79 83 84 85 86 87 88 91 92 95 96 97 98 99
0 1 1 1 1 1 1 1 1 1 1 1 0 0 1 1 0 1 1 1 1 1 1 1 1 1 1 1 1 1 1 1 1 1 1 1 1 1 1 1 1 1 0 1 1 1 1 1 1 1 1 1 1 1 1 1 1 1 1 1 1
67
1 2 3 4 5 8 10 11 12 13 14 15 16 17 19 20 21 25 26 34 35 36 39 41 45 48 49 50 52 53 54 55 56 57 60 61 62 64 65 68 72 73 74 75 76 77 78 79 83 84 85 86 87 88 91 92 95 96 97 98 99 104 105 106 107 108 109
1 1 1 1 1 0 1 1 0 1 1 1 0 1 1 1 0 1 1 0 1 1 1 0 0 1 0 1 0 0 1 1 1 1 1 0 1 0 1 0 1 0 1 1 1 0 1 1 1 1 0 1 1 1 1 1 1 1 1 1 1 1 1 1 1 1 1
71
1 2 3 4 5 8 10 11 12 13 14 15 16 17 19 20 21 25 26 34 35 36 39 41 45 48 49 50 52 53 54 55 56 57 60 61 62 64 65 68 72 73 74 75 76 77 78 79 83 84 85 86 87 88 91 92 95 96 97 98 99 104 105 106 107 108 109 112 114 115 116
0 0 1 1 1 1 1 1 1 1 1 1 1 1 1 1 1 1 1 1 1 1 1 1 1 0 0 1 0 0 1 1 1 1 1 1 1 1 1 1 1 0 1 1 1 1 1 1 1 1 0 1 1 1 1 1 1 1 1 1 1 0 1 1 0 1 1 1 1 1 1
68
1 2 3 4 5 8 10 11 12 13 14 15 16 17 19 20 21 25 26 34 35 36 39 41 45 48 49 50 52 53 54 55 56 57 60 61 62 64 65 68 72 73 74 75 76 77 78 79 83 84 85 86 87 88 91 92 95 96 97 98 99 104 105 106 107 108 109 112
1 1 1 1 1 1 1 1 1 1 1 1 1 1 1 1 1 1 1 0 1 1 1 1 1 1 1 1 1 1 1 1 1 1 1 1 1 1 1 1 1 1 1 1 1 1 1 1 1 1 1 1 1 1 1 1 1 1 1 1 1 0 1 1 1 1 1 1
81
1 2 3 4 5 8 10 11 12 13 14 15 16 17 19 20 21 25 26 34 35 36 39 41 45 48 49 50 52 53 54 55 56 57 60 61 62 64 65 68 72 73 74 75 76 77 78 79 83 84 85 86 87 88 91 92 95 96 97 98 99 104 105 106 107 108 109 112 114 115 116 119 120 123 125 129 130 131 133 135 138
1 1 1 1 1 1 1 1 0 1 1 0 1 0 1 1 1 1 0 1 1 1 1 1 1 1 1 1 1 1 1 1 1 1 1 1 1 1 1 1 0 1 1 1 1 1 1 1 1 1 1 1 1 1 1 1 1 1 1 1 1 1 1 1 1 1 1 1 1 1 1 1 1 1 1 1 1 1 1 1 1
76
1 2 3 4 5 8 10 11 12 13 14 15 16 17 19 20 21 25 26 34 35 36 39 41 45 48 49 50 52 53 54 55 56 57 60 61 62 64 65 68 72 73 74 75 76 77 78 79 83 84 85 86 87 88 91 92 95 96 97 98 99 150 151 153 155 158 165 166 167 168 169 170 171 172 173 174
1 1 1 1 1 1 1 1 1 1 1 1 1 1 1 1 1 1 1 1 1 1 1 1 1 1 1 1 1 1 1 1 1 1 1 1 1 1 1 1 1 1 1 0 1 1 1 1 1 1 1 1 1 1 1 1 1 1 1 1 1 1 0 0 1 1 0 0 0 0 1 0 0 0 0 0
77
1 2 3 4 5 8 10 11 12 13 14 15 16 17 19 20 21 25 26 34 35 36 39 41 45 48 49 50 52 53 54 55 56 57 60 61 62 64 65 68 72 73 74 75 76 77 78 79 83 84 85 86 87 88 91 92 95 96 97 98 99 104 105 106 107 108 109 112 114 115 116 119 120 123 125 129 130
0 1 1 1 1 1 1 1 1 1 1 1 1 1 1 1 1 1 1 1 1 1 1 1 1 1 1 1 1 1 1 1 1 1 1 1 1 1 1 1 1 1 1 1 1 1 1 1 1 1 1 1 1 1 1 1 1 1 1 1 1 1 1 1 1 1 1 1 1 1 1 1 1 1 1 1 1
67
1 2 3 4 5 8 10 11 12 13 14 15 16 17 19 20 21 25 26 34 35 36 39 41 45 48 49 50 52 53 54 55 56 57 60 61 62 64 65 68 72 73 74 75 76 77 78 79 83 84 85 86 87 88 91 92 95 96 97 98 99 104 105 106 107 108 109
0 1 1 1 1 1 1 1 1 1 1 1 1 1 1 1 1 1 1 0 0 1 1 1 0 1 1 1 1 1 1 1 1 1 1 1 1 1 1 1 1 1 1 1 1 1 1 1 1 1 1 1 1 1 1 1 1 1 1 1 1 1 0 1 1 1 1
96
1 2 3 4 5 8 10 11 12 13 14 15 16 17 19 20 21 25 26 34 35 36 39 41 45 48 49 50 52 53 54 55 56 57 60 61 62 64 65 68 72 73 74 75 76 77 78 79 83 84 85 86 87 88 91 92 95 96 97 98 99 104 105 106 107 108 109 112 114 115 116 119 120 123 125 129 130 131 133 135 138 150 151 153 155 158 165 166 167 168 169 170 171 172 173 174
1 1 1 1 1 1 1 1 1 1 1 1 1 1 1 1 1 1 1 1 1 1 1 1 1 1 1 1 1 1 0 1 1 1 1 1 1 1 1 1 1 1 1 1 1 1 1 1 1 1 1 1 1 1 1 1 1 1 1 1 1 1 1 1 1 1 1 1 1 1 1 1 1 1 1 1 1 1 1 1 1 1 1 1 1 1 1 1 1 1 1 1 1 1 1 1
96
1 2 3 4 5 8 10 11 12 13 14 15 16 17 19 20 21 25 26 34 35 36 39 41 45 48 49 50 52 53 54 55 56 57 60 61 62 64 65 68 72 73 74 75 76 77 78 79 83 84 85 86 87 88 91 92 95 96 97 98 99 104 105 106 107 108 109 112 114 115 116 119 120 123 125 129 130 131 133 135 138 150 151 153 155 158 165 166 167 168 169 170 171 172 173 174
1 1 1 1 1 1 1 1 1 1 1 1 1 1 1 1 1 1 1 1 1 1 1 1 1 1 1 1 1 1 1 1 1 1 1 1 1 1 1 1 1 1 1 1 1 1 1 1 1 1 1 1 1 1 1 1 1 1 1 1 1 1 1 1 1 1 1 1 1 1 1 0 1 1 1 1 1 1 1 1 1 1 1 1 1 1 1 1 1 1 1 1 1 1 1 1
61
1 2 3 4 5 8 10 11 12 13 14 15 16 17 19 20 21 25 26 34 35 36 39 41 45 48 49 50 52 53 54 55 56 57 60 61 62 64 65 68 72 73 74 75 76 77 78 79 83 84 85 86 87 88 91 92 95 96 97 98 99
0 1 1 1 1 1 1 1 1 1 1 1 1 1 1 1 1 1 1 1 1 1 1 1 1 1 1 1 1 1 1 1 1 1 1 1 1 1 1 1 1 1 1 1 1 1 1 1 1 1 1 1 1 1 1 1 1 1 1 1 1
44
1 2 3 4 5 8 10 11 12 13 14 15 16 17 19 20 21 25 26 34 35 36 39 41 45 48 49 50 52 53 54 55 56 57 60 61 62 64 65 68 72 73 74 75
0 1 1 1 0 1 1 1 1 1 1 1 1 1 1 1 1 1 1 1 1 1 1 1 1 0 1 1 0 1 1 1 1 1 1 1 1 1 1 1 1 1 1 1
96
1 2 3 4 5 8 10 11 12 13 14 15 16 17 19 20 21 25 26 34 35 36 39 41 45 48 49 50 52 53 54 55 56 57 60 61 62 64 65 68 72 73 74 75 76 77 78 79 83 84 85 86 87 88 91 92 95 96 97 98 99 104 105 106 107 108 109 112 114 115 116 119 120 123 125 129 130 131 133 135 138 150 151 153 155 158 165 166 167 168 169 170 171 172 173 174
0 1 1 1 1 1 1 1 1 1 1 1 1 1 1 1 1 1 1 1 1 1 1 1 1 1 1 1 1 1 1 1 1 1 1 1 1 1 1 1 1 1 1 1 1 1 1 1 1 1 1 1 1 1 1 1 1 1 1 1 1 1 1 1 1 1 1 1 1 1 1 1 1 1 1 1 1 1 1 1 1 1 1 1 1 1 1 1 1 1 1 1 1 1 1 1
67
1 2 3 4 5 8 10 11 12 13 14 15 16 17 19 20 21 25 26 34 35 36 39 41 45 48 49 50 52 53 54 55 56 57 60 61 62 64 65 68 72 73 74 75 76 77 78 79 83 84 85 86 87 88 91 92 95 96 97 98 99 104 105 106 107 108 109
0 1 1 1 1 0 0 1 1 1 0 1 0 0 1 0 0 0 1 1 1 1 1 1 1 1 1 1 0 1 1 1 1 1 1 1 1 1 1 1 1 1 1 1 1 1 1 1 1 1 1 1 1 1 1 1 1 1 1 1 1 1 1 1 1 1 1
66
1 2 3 4 5 8 10 11 12 13 14 15 16 17 19 20 21 25 26 34 35 36 39 41 45 48 49 52 53 54 55 56 57 60 61 62 64 65 68 73 74 75 76 77 78 79 83 84 85 86 87 88 91 92 95 96 97 98 99 104 105 106 107 108 109 112
1 1 1 1 1 1 0 1 1 1 1 1 1 1 1 1 1 1 1 1 1 1 1 1 1 1 1 0 1 1 1 1 1 1 1 1 1 1 1 1 1 1 1 1 1 1 1 1 1 1 1 1 1 1 1 1 1 1 1 1 1 1 1 1 1 1
64
1 2 3 4 5 8 10 11 12 13 14 15 16 17 19 20 21 25 26 34 35 36 39 41 45 48 49 50 52 53 54 55 56 57 60 61 62 64 65 68 72 73 74 75 76 77 78 79 83 84 85 86 87 88 91 92 95 96 97 98 99 104 105 106
0 1 1 0 1 1 1 0 1 1 0 1 1 1 1 1 1 1 1 1 1 1 1 1 1 1 1 1 1 1 1 1 1 1 1 0 1 1 1 1 1 1 1 1 1 1 1 1 1 1 1 1 1 1 1 1 1 1 1 1 1 1 1 1
77
1 2 3 4 5 8 10 11 12 13 14 15 16 17 19 20 21 25 26 34 35 36 39 41 45 48 49 50 52 53 54 55 56 57 60 61 62 64 65 68 72 73 74 75 76 77 78 79 83 84 85 86 87 88 91 92 95 96 97 98 99 104 105 106 107 108 109 112 114 115 116 119 120 123 125 129 130
1 1 1 1 1 1 1 1 1 1 0 1 1 1 1 1 1 1 1 1 1 1 1 1 1 1 1 1 1 1 1 1 1 1 1 1 1 1 1 1 1 0 1 1 1 1 1 1 1 1 1 1 1 1 1 1 1 1 1 1 1 1 1 1 1 1 1 1 1 1 0 1 1 1 1 1 1
73
1 2 3 4 5 8 10 11 12 13 14 15 16 17 19 20 21 25 26 34 35 36 39 41 45 48 49 50 52 53 54 55 56 57 60 61 62 64 65 68 72 73 74 75 76 77 78 79 83 84 85 86 87 88 91 92 95 96 97 98 99 104 105 106 107 108 109 112 114 115 116 119 120
1 1 0 1 0 1 1 1 1 1 1 1 1 1 1 1 1 1 1 1 1 1 1 1 1 1 1 1 0 1 1 1 1 1 1 1 1 1 1 0 1 1 1 1 1 1 1 1 1 1 0 1 1 1 1 1 1 1 1 1 1 1 1 1 1 1 1 1 1 1 1 0 1
73
1 2 3 4 5 8 10 11 12 13 14 15 16 17 19 20 21 25 26 34 35 36 39 41 45 48 49 50 52 53 54 55 56 57 60 61 62 64 65 68 72 73 74 75 76 77 78 79 83 84 85 86 87 88 91 92 95 96 97 98 99 104 105 106 107 108 109 112 114 115 116 119 120
1 1 1 1 1 1 1 1 1 1 0 1 0 0 1 1 1 0 1 1 1 1 1 1 1 1 1 1 1 1 1 1 1 1 1 1 1 1 1 1 1 1 1 1 1 1 1 1 1 1 0 1 1 1 1 1 1 1 1 1 1 1 1 1 1 1 1 1 1 1 1 1 1
25
1 2 3 4 5 8 10 11 12 13 14 15 16 17 19 20 21 25 26 34 35 36 39 41 45
1 1 1 1 1 0 0 1 1 1 1 0 1 0 1 1 0 1 1 1 0 0 1 1 1
61
1 2 3 4 5 8 10 11 12 13 14 15 16 17 19 20 21 25 26 34 35 36 39 41 45 48 49 50 52 53 54 55 56 57 60 61 62 64 65 68 72 73 74 75 76 77 78 79 83 84 85 86 87 88 91 92 95 96 97 98 99
0 1 1 1 1 0 1 0 1 1 0 0 0 0 0 0 0 1 1 1 1 1 1 1 1 1 1 1 1 1 1 1 1 1 1 1 1 1 1 1 1 1 1 1 1 1 1 1 1 1 1 1 1 1 1 1 1 1 1 1 1
45
1 2 3 4 5 8 10 11 12 13 14 15 16 17 19 20 21 25 26 34 35 36 50 56 57 60 61 62 74 75 78 79 83 84 95 96 97 98 99 108 114 115 116 125 129
1 1 1 1 1 0 1 1 0 1 1 1 0 1 1 1 0 1 1 1 1 1 1 0 1 1 0 1 0 1 0 0 0 1 1 1 0 1 1 0 0 1 0 1 1
5
1 2 3 8 10
1 1 1 1 0
7
1 2 3 4 5 8 10
1 1 1 1 1 0 1
65
1 2 3 4 5 8 10 11 12 13 14 15 16 17 19 20 21 25 26 34 35 36 39 41 45 48 49 50 52 53 54 55 56 57 60 64 65 68 72 73 74 75 76 77 78 79 83 84 85 86 87 88 91 92 95 96 97 98 99 104 105 106 107 108 109
1 1 1 1 1 1 1 1 0 1 1 1 1 1 1 1 1 1 1 1 1 1 1 1 1 1 1 1 0 1 1 1 1 1 1 1 1 1 1 1 1 1 1 1 1 1 1 1 0 1 1 1 1 1 1 1 1 1 1 1 1 1 1 1 1
96
1 2 3 4 5 8 10 11 12 13 14 15 16 17 19 20 21 25 26 34 35 36 39 41 45 48 49 50 52 53 54 55 56 57 60 61 62 64 65 68 72 73 74 75 76 77 78 79 83 84 85 86 87 88 91 92 95 96 97 98 99 104 105 106 107 108 109 112 114 115 116 119 120 123 125 129 130 131 133 135 138 150 151 153 155 158 165 166 167 168 169 170 171 172 173 174
1 0 1 1 1 0 1 1 0 1 0 1 1 1 1 1 0 1 0 1 1 1 1 1 1 1 1 1 0 1 1 1 1 1 1 1 1 1 1 1 1 0 1 1 0 0 1 1 1 1 0 0 1 0 1 1 1 1 1 1 1 0 1 1 1 1 0 1 1 1 1 1 0 1 1 1 1 1 0 1 1 1 1 1 0 1 1 0 1 1 1 0 1 1 1 0
68
1 2 3 4 5 8 10 11 12 13 14 15 16 19 20 21 25 26 34 35 36 39 41 45 48 49 50 52 53 54 55 56 57 60 61 62 64 65 68 72 73 74 75 76 77 78 79 83 84 85 86 87 88 91 92 95 96 97 98 99 104 105 106 107 108 109 112 114
1 1 1 1 1 1 1 0 1 1 1 1 0 1 0 0 1 1 1 1 1 1 1 1 1 1 1 1 1 1 1 1 1 1 1 1 1 1 1 1 1 1 1 1 1 1 1 1 1 1 1 1 1 0 1 1 1 1 1 1 1 1 1 1 1 1 1 1
15
25 26 34 35 36 39 41 45 48 49 50 52 53 54 55
0 1 1 0 1 1 0 1 1 1 1 0 1 1 1
80
1 2 3 4 5 8 10 11 12 13 14 15 16 17 19 20 21 25 26 34 35 36 39 41 48 49 50 52 53 54 55 56 57 60 61 62 64 65 68 72 73 74 75 76 77 78 79 83 84 85 86 87 88 91 92 95 96 97 98 99 104 105 106 107 108 109 112 114 115 116 119 120 123 125 129 130 131 133 135 138
1 1 1 1 1 1 1 1 1 1 1 1 1 1 1 1 1 1 1 1 1 1 1 1 1 1 1 1 1 1 1 1 1 1 1 1 1 1 1 1 1 1 1 1 1 1 1 1 1 1 1 1 1 1 1 1 1 1 1 1 1 0 1 0 1 1 1 1 1 1 1 1 1 1 1 1 1 1 1 1
96
1 2 3 4 5 8 10 11 12 13 14 15 16 17 19 20 21 25 26 34 35 36 39 41 45 48 49 50 52 53 54 55 56 57 60 61 62 64 65 68 72 73 74 75 76 77 78 79 83 84 85 86 87 88 91 92 95 96 97 98 99 104 105 106 107 108 109 112 114 115 116 119 120 123 125 129 130 131 133 135 138 150 151 153 155 158 165 166 167 168 169 170 171 172 173 174
0 1 1 1 1 1 0 0 0 1 1 0 0 0 0 1 0 1 1 0 1 1 1 1 1 0 1 1 0 1 1 1 1 1 1 1 1 1 1 1 1 1 1 1 1 1 1 1 1 1 1 1 1 1 1 1 1 1 1 1 1 1 1 1 1 1 1 1 1 1 1 1 1 1 1 1 1 1 1 1 1 1 1 1 1 1 1 1 1 1 1 1 1 1 1 1
24
1 2 3 4 5 8 10 11 12 13 14 15 16 17 19 20 21 25 26 34 35 36 39 41
0 1 1 1 1 0 0 1 0 0 1 1 0 0 1 1 0 1 1 0 0 1 1 1
69
1 2 3 4 5 8 10 11 12 13 14 15 16 17 19 20 21 25 26 34 35 36 39 41 45 48 49 50 52 53 54 55 56 57 60 61 62 64 65 68 72 73 74 75 76 77 78 79 83 84 85 86 87 88 91 92 95 96 97 98 99 104 105 106 107 108 109 112 114
0 0 1 1 1 1 1 1 1 1 1 1 1 1 1 1 1 1 1 1 1 1 1 1 1 1 1 1 1 1 1 1 1 1 1 1 1 1 1 1 1 1 1 1 1 1 1 1 1 1 1 1 1 1 1 1 1 1 1 1 1 1 1 1 1 1 1 1 1
53
1 2 3 4 5 8 10 11 12 13 14 15 16 17 19 20 21 25 26 34 35 36 39 41 45 48 49 50 52 53 54 55 56 57 60 61 62 64 65 68 72 73 74 75 76 77 78 79 83 84 85 86 87
1 1 1 1 1 1 0 1 1 1 1 0 1 1 1 1 1 1 1 1 1 1 1 0 1 1 0 1 0 1 1 1 1 1 1 1 0 0 1 1 1 0 1 1 1 0 1 1 1 0 0 0 1
5
1 2 3 4 5
1 1 1 1 0
13
1 2 3 4 5 8 10 11 12 13 14 15 16
1 1 1 1 1 0 0 1 1 1 1 1 1
61
1 2 3 4 5 8 10 11 12 13 14 15 16 17 19 20 21 25 26 34 35 36 39 41 45 48 49 50 52 53 54 55 56 57 60 61 62 64 65 68 72 73 74 75 76 77 78 79 83 84 85 86 87 88 91 92 95 96 97 98 99
0 1 1 0 1 1 1 1 1 1 1 1 1 1 1 1 1 1 1 1 1 1 1 1 1 1 1 1 1 1 1 1 1 1 1 1 1 1 1 1 1 1 1 1 1 1 1 1 1 1 1 1 1 1 1 1 1 1 1 1 1
9
1 2 3 4 5 11 12 13 17
0 1 1 1 0 0 1 1 0
10
1 2 3 4 5 8 10 14 15 16
0 1 1 1 1 0 0 0 0 0
8
25 26 34 35 36 39 41 45
1 0 0 1 0 1 0 1
25
1 2 3 4 5 8 10 11 12 13 14 15 16 17 19 20 21 25 26 34 35 36 39 41 45
1 1 1 1 1 1 1 1 1 1 1 1 1 0 1 1 1 1 1 1 1 1 1 1 1
13
4 11 14 17 35 39 50 56 61 73 76 78 83
1 1 1 0 1 1 0 1 0 0 0 0 0
17
1 2 3 4 5 8 10 11 12 13 14 15 16 17 19 20 21
1 1 1 1 1 1 1 1 0 1 0 0 1 0 1 1 0
34
1 2 3 4 5 8 10 11 12 13 14 15 16 17 19 20 21 25 26 34 35 36 39 41 45 48 49 50 52 53 54 55 56 57
1 1 1 1 1 0 0 1 1 1 1 0 1 1 1 1 1 1 0 1 1 1 1 1 1 0 1 1 1 1 1 1 1 0
9
1 2 3 11 12 13 14 15 16
0 1 1 1 0 1 1 1 1
19
1 2 3 4 5 8 10 11 12 13 14 15 16 17 19 20 21 25 26
1 1 1 0 0 1 0 1 1 1 0 0 0 0 1 0 0 0 0
8
34 35 36 150 151 153 155 158
0 0 1 0 1 0 1 0
5
1 2 3 8 10
1 1 0 0 0